-- Build Environment: DEV
-- Configuring DEV build environment
-- ====================================================
-- Build Environment Configuration Summary
-- ====================================================
-- Environment: DEV
-- Build Type: RelWithDebInfo
-- Build Tests: ON
-- Build Examples: ON
-- Coverage: OFF
-- Sanitizers: ON
-- Static DTLS Link: ON
-- CXX Flags:  -fstack-protector-strong
-- Linker Flags: 
-- ====================================================
-- Found mbedTLS: /usr/lib/x86_64-linux-gnu/libmbedtls.so
-- DTLS Providers enabled: 1
-- Default DTLS Provider: mbedtls
-- Static DTLS linking enabled
--   Static library not found for mbedtls, using dynamic
--   Static library not found for mbedx509, using dynamic
--   Static library not found for mbedcrypto, using dynamic
-- ====================================================
-- DTLS Configuration Summary
-- ====================================================
-- DTLS Providers: 1
--   - mbedTLS: ON
--   - TinyDTLS: OFF
--   - OpenSSL: OFF
--   - wolfSSL: OFF
-- Default Provider: mbedtls
-- Static Linking: ON
-- Libraries: /usr/lib/x86_64-linux-gnu/libmbedtls.so;/usr/lib/x86_64-linux-gnu/libmbedx509.so;/usr/lib/x86_64-linux-gnu/libmbedcrypto.so
-- Linker Flags: -Wl,--gc-sections -Wl,--as-needed -Wl,-O1 -static-libgcc -static-libstdc++
-- ====================================================
-- Found GSSAPI via pkg-config: gssapi_krb5
-- Found libssh for CURL: /usr/lib/x86_64-linux-gnu/libssh.a
-- Found nghttp2 for CURL: /usr/lib/x86_64-linux-gnu/libnghttp2.a
-- Found zstd for CURL: /usr/lib/x86_64-linux-gnu/libzstd.a
-- Found brotli for CURL: /usr/lib/x86_64-linux-gnu/libbrotlicommon.a, /usr/lib/x86_64-linux-gnu/libbrotlidec.a
-- Found libpsl for CURL: /usr/lib/x86_64-linux-gnu/libpsl.a
-- Found librtmp for CURL: /usr/lib/x86_64-linux-gnu/librtmp.a
-- Found libidn2 for CURL: /usr/lib/x86_64-linux-gnu/libidn2.a
-- Found libldap for CURL: /usr/lib/x86_64-linux-gnu/libldap.a, /usr/lib/x86_64-linux-gnu/liblber.a
-- Found GnuTLS for LDAP: /usr/lib/x86_64-linux-gnu/libgnutls.a
-- Found zstd: /usr/lib/x86_64-linux-gnu/libzstd.a
-- Found brotli: /usr/lib/x86_64-linux-gnu/libbrotlienc.a
-- Target 'friendly_lwm2m' linked with optimized DTLS libraries
-- Target 'test_dtls_providers' linked with optimized DTLS libraries
-- Target 'test_dtls_integration' linked with optimized DTLS libraries
-- Building for 64 bit system
-- Exceptions are not supported
-- RTTI is not supported
-- Found GSSAPI via pkg-config: gssapi_krb5
-- Found libssh for CURL: /usr/lib/x86_64-linux-gnu/libssh.a
-- Found nghttp2 for CURL: /usr/lib/x86_64-linux-gnu/libnghttp2.a
-- Found zstd for CURL: /usr/lib/x86_64-linux-gnu/libzstd.a
-- Found brotli for CURL: /usr/lib/x86_64-linux-gnu/libbrotlicommon.a, /usr/lib/x86_64-linux-gnu/libbrotlidec.a
-- Enabling mbedTLS provider
-- DTLS Provider Sources: platform/connection_dtls/MbedTlsProvider.cpp;platform/connection_dtls/DtlsProviderFactory.cpp
-- DTLS Provider Libraries: MbedTLS::mbedtls;MbedTLS::mbedx509;MbedTLS::mbedcrypto
-- friendly_example_client: Endiannes not set, defaulting to little endian
-- libcoap built successfully. Library path: /mnt/d/Dev/Friendly-LwM2M-Client/examples/coap/libcoap/build
-- Using example Firmware Updater
-- 
-- Friendly LwM2M Client Configuration:
--   Version:          1.2.2
--   Build type:       RelWithDebInfo
--   C++ Standard:     17
-- 
-- Core Features:
--   DTLS:             ON
--   mbedTLS:          ON
--   TinyDTLS:         OFF
-- 
-- DTLS Multi-Provider (v1.2.2):
--   TinyDTLS Provider: OFF
--   mbedTLS Provider:  ON (DEFAULT)
--   OpenSSL Provider:  OFF
--   wolfSSL Provider:  OFF
--   Default Provider:  mbedtls
--   Static Linking:    ON
--   Delta FOTA:       ON
--   BSDIFF:           ON
--   VCDIFF:           ON
--   Courgette:        ON
--   Compression:      ON
--   Rollback:         ON
--   MQTT Transport:   ON
--   Edge AI:          OFF
--   TensorFlow Lite:  OFF
--   ONNX Runtime:     OFF
-- 
-- v1.2.0 Extended Features:
--   OpenWRT Extended: ON
--   LUCI Module:      ON
--   Hotplug Handlers: ON
--   LAN Config:       OFF
--   Routing Table:    OFF
--   VPN Config:       OFF
--   WAN Failover:     OFF
--   Multi-WAN Health: OFF
--   WiFi Client Mgmt: OFF
--   WiFi Channel Opt: OFF
--   Starlink:         OFF
--   Starlink gRPC:    ON
-- 
-- Platform Integrations:
--   prpl Integration: OFF
--   prpl EasyMesh:    OFF
--   prpl Ambiorix:    OFF
--   Matter/Thread:    OFF
--   Matter Bridge:    OFF
--   Thread BR:        OFF
--   Zigbee:           OFF
--   Zigbee EZSP:      OFF
--   Zigbee Z-Stack:   OFF
-- 
-- Build options:
--   Tests:            ON
--   Examples:         ON
--   Documentation:    ON
--   Coverage:         OFF
--   Sanitizers:       ON
-- 
-- Optional libraries found:
--   BZip2:            TRUE
--   LZMA:             TRUE
--   Zstd:             TRUE
--   Brotli:           TRUE
-- 
-- Configuring done (7.4s)
-- Generating done (6.0s)
-- Build files have been written to: /mnt/d/Dev/Friendly-LwM2M-Client/build
[  9%] Built target test_dtls_integration
[  9%] Built target test_dtls_providers
[ 20%] Built target friendly_lwm2m
[ 21%] Linking CXX executable test_rollback_manager
[ 22%] Linking CXX executable test_delta_algorithms
[ 25%] Linking CXX executable test_blockwise_transfer
[ 25%] Linking CXX executable test_firmware_update_object
[ 26%] Linking CXX executable friendly_example_client
[ 27%] Built target test_delta_algorithms
/usr/bin/ld: /usr/lib/x86_64-linux-gnu/libgnutls.a(str-unicode.o): warning: relocation against `UC_CATEGORY_Pc' in read-only section `.text'
lto-wrapper: warning: using serial compilation of 10 LTRANS jobs
lto-wrapper: note: see the ‘-flto’ option documentation for more information
[ 28%] Built target test_blockwise_transfer
/usr/bin/ld: /usr/lib/x86_64-linux-gnu/libpsl.a(libpsl_la-psl.o): in function `psl_str_to_utf8lower':
(.text+0x1444): undefined reference to `u8_strlen'
/usr/bin/ld: (.text+0x1458): undefined reference to `uninorm_nfkc'
/usr/bin/ld: (.text+0x1464): undefined reference to `u8_tolower'
/usr/bin/ld: (.text+0x14aa): undefined reference to `uninorm_nfkc'
/usr/bin/ld: (.text+0x14b8): undefined reference to `u8_tolower'
/usr/bin/ld: /usr/lib/x86_64-linux-gnu/libgnutls.a(init.o): in function `gnutls_crypto_init':
(.text+0x161): undefined reference to `__gmp_get_memory_functions'
/usr/bin/ld: (.text+0x16c): undefined reference to `__gmp_set_memory_functions'
/usr/bin/ld: (.text+0x17d): undefined reference to `__gmp_get_memory_functions'
/usr/bin/ld: (.text+0x1a3): undefined reference to `__gmp_set_memory_functions'
/usr/bin/ld: (.text+0x1d1): undefined reference to `__gmp_set_memory_functions'
/usr/bin/ld: /usr/lib/x86_64-linux-gnu/libgnutls.a(init.o): in function `gnutls_crypto_deinit':
(.text+0x1fa): undefined reference to `__gmp_set_memory_functions'
/usr/bin/ld: /usr/lib/x86_64-linux-gnu/libgnutls.a(lt13-mac.o): in function `_mac_ctx_init':
(.text+0x3fa): undefined reference to `nettle_aes256_encrypt'
/usr/bin/ld: (.text+0x44a): undefined reference to `nettle_aes192_encrypt'
/usr/bin/ld: (.text+0x49a): undefined reference to `nettle_aes128_encrypt'
/usr/bin/ld: (.text+0x4e4): undefined reference to `nettle_cmac_aes256_update'
/usr/bin/ld: (.text+0x500): undefined reference to `nettle_cmac_aes256_digest'
/usr/bin/ld: (.text+0x524): undefined reference to `nettle_cmac_aes128_update'
/usr/bin/ld: (.text+0x540): undefined reference to `nettle_cmac_aes128_digest'
/usr/bin/ld: (.text+0x564): undefined reference to `nettle_umac128_update'
/usr/bin/ld: (.text+0x584): undefined reference to `nettle_umac128_digest'
/usr/bin/ld: (.text+0x597): undefined reference to `nettle_umac128_set_nonce'
/usr/bin/ld: (.text+0x5b4): undefined reference to `nettle_umac96_update'
/usr/bin/ld: (.text+0x5d4): undefined reference to `nettle_umac96_digest'
/usr/bin/ld: (.text+0x5e7): undefined reference to `nettle_umac96_set_nonce'
/usr/bin/ld: (.text+0x644): undefined reference to `nettle_hmac_sha1_update'
/usr/bin/ld: (.text+0x64b): undefined reference to `nettle_hmac_sha1_set_key'
/usr/bin/ld: (.text+0x652): undefined reference to `nettle_hmac_sha1_digest'
/usr/bin/ld: (.text+0x684): undefined reference to `nettle_hmac_sha256_update'
/usr/bin/ld: (.text+0x68b): undefined reference to `nettle_hmac_sha256_set_key'
/usr/bin/ld: (.text+0x692): undefined reference to `nettle_hmac_sha256_digest'
/usr/bin/ld: (.text+0x6c4): undefined reference to `nettle_hmac_md5_update'
/usr/bin/ld: (.text+0x6cb): undefined reference to `nettle_hmac_md5_set_key'
/usr/bin/ld: (.text+0x6d2): undefined reference to `nettle_hmac_md5_digest'
/usr/bin/ld: (.text+0x704): undefined reference to `nettle_hmac_streebog512_update'
/usr/bin/ld: (.text+0x70b): undefined reference to `nettle_hmac_streebog256_set_key'
/usr/bin/ld: (.text+0x712): undefined reference to `nettle_hmac_streebog256_digest'
/usr/bin/ld: (.text+0x744): undefined reference to `nettle_hmac_streebog512_update'
/usr/bin/ld: (.text+0x74b): undefined reference to `nettle_hmac_streebog512_set_key'
/usr/bin/ld: (.text+0x752): undefined reference to `nettle_hmac_streebog512_digest'
/usr/bin/ld: (.text+0x784): undefined reference to `nettle_hmac_sha512_update'
/usr/bin/ld: (.text+0x78b): undefined reference to `nettle_hmac_sha384_set_key'
/usr/bin/ld: (.text+0x792): undefined reference to `nettle_hmac_sha384_digest'
/usr/bin/ld: (.text+0x7c4): undefined reference to `nettle_hmac_sha512_update'
/usr/bin/ld: (.text+0x7cb): undefined reference to `nettle_hmac_sha512_set_key'
/usr/bin/ld: (.text+0x7d2): undefined reference to `nettle_hmac_sha512_digest'
/usr/bin/ld: (.text+0x804): undefined reference to `nettle_hmac_sha256_update'
/usr/bin/ld: (.text+0x80b): undefined reference to `nettle_hmac_sha224_set_key'
/usr/bin/ld: (.text+0x812): undefined reference to `nettle_hmac_sha224_digest'
/usr/bin/ld: (.text+0x844): undefined reference to `nettle_hmac_gosthash94cp_update'
/usr/bin/ld: (.text+0x84b): undefined reference to `nettle_hmac_gosthash94cp_set_key'
/usr/bin/ld: (.text+0x852): undefined reference to `nettle_hmac_gosthash94cp_digest'
/usr/bin/ld: /usr/lib/x86_64-linux-gnu/libgnutls.a(lt13-mac.o): in function `_wrap_gmac_aes256_set_key':
(.text+0xb46): undefined reference to `nettle_aes256_set_encrypt_key'
/usr/bin/ld: (.text+0xb59): undefined reference to `nettle_gcm_set_key'
/usr/bin/ld: /usr/lib/x86_64-linux-gnu/libgnutls.a(lt13-mac.o): in function `_wrap_gmac_aes192_set_key':
(.text+0xb96): undefined reference to `nettle_aes192_set_encrypt_key'
/usr/bin/ld: (.text+0xba9): undefined reference to `nettle_gcm_set_key'
/usr/bin/ld: /usr/lib/x86_64-linux-gnu/libgnutls.a(lt13-mac.o): in function `_wrap_gmac_update':
(.text+0xcc1): undefined reference to `nettle_gcm_update'
/usr/bin/ld: (.text+0xcfe): undefined reference to `nettle_gcm_update'
/usr/bin/ld: /usr/lib/x86_64-linux-gnu/libgnutls.a(lt13-mac.o): in function `_wrap_gmac_digest':
(.text+0xd90): undefined reference to `nettle_gcm_digest'
/usr/bin/ld: (.text+0xdbb): undefined reference to `nettle_gcm_update'
/usr/bin/ld: /usr/lib/x86_64-linux-gnu/libgnutls.a(lt13-mac.o): in function `_wrap_gmac_aes128_set_key':
(.text+0xe16): undefined reference to `nettle_aes128_set_encrypt_key'
/usr/bin/ld: (.text+0xe29): undefined reference to `nettle_gcm_set_key'
/usr/bin/ld: /usr/lib/x86_64-linux-gnu/libgnutls.a(lt13-mac.o): in function `_md5_sha1_update':
(.text+0xf3b): undefined reference to `nettle_md5_update'
/usr/bin/ld: /usr/lib/x86_64-linux-gnu/libgnutls.a(lt13-mac.o): in function `_ctx_init':
(.text+0xf94): undefined reference to `nettle_streebog512_init'
/usr/bin/ld: (.text+0xfa3): undefined reference to `nettle_streebog512_update'
/usr/bin/ld: (.text+0xfb5): undefined reference to `nettle_streebog512_digest'
/usr/bin/ld: (.text+0xfd4): undefined reference to `nettle_md5_init'
/usr/bin/ld: (.text+0xfe3): undefined reference to `nettle_md5_update'
/usr/bin/ld: (.text+0xff5): undefined reference to `nettle_md5_digest'
/usr/bin/ld: (.text+0x100c): undefined reference to `nettle_sha1_init'
/usr/bin/ld: (.text+0x101b): undefined reference to `nettle_sha1_update'
/usr/bin/ld: (.text+0x102d): undefined reference to `nettle_sha1_digest'
/usr/bin/ld: (.text+0x1044): undefined reference to `nettle_md2_init'
/usr/bin/ld: (.text+0x1053): undefined reference to `nettle_md2_update'
/usr/bin/ld: (.text+0x1065): undefined reference to `nettle_md2_digest'
/usr/bin/ld: (.text+0x107c): undefined reference to `nettle_sha256_init'
/usr/bin/ld: (.text+0x108b): undefined reference to `nettle_sha256_update'
/usr/bin/ld: (.text+0x109d): undefined reference to `nettle_sha256_digest'
/usr/bin/ld: (.text+0x10b4): undefined reference to `nettle_sha384_init'
/usr/bin/ld: (.text+0x10c3): undefined reference to `nettle_sha512_update'
/usr/bin/ld: (.text+0x10d5): undefined reference to `nettle_sha384_digest'
/usr/bin/ld: (.text+0x10ec): undefined reference to `nettle_sha512_init'
/usr/bin/ld: (.text+0x10fb): undefined reference to `nettle_sha512_update'
/usr/bin/ld: (.text+0x110d): undefined reference to `nettle_sha512_digest'
/usr/bin/ld: (.text+0x1124): undefined reference to `nettle_sha224_init'
/usr/bin/ld: (.text+0x1133): undefined reference to `nettle_sha256_update'
/usr/bin/ld: (.text+0x1145): undefined reference to `nettle_sha224_digest'
/usr/bin/ld: (.text+0x115c): undefined reference to `nettle_sha3_224_init'
/usr/bin/ld: (.text+0x116b): undefined reference to `nettle_sha3_224_update'
/usr/bin/ld: (.text+0x117d): undefined reference to `nettle_sha3_224_digest'
/usr/bin/ld: (.text+0x1194): undefined reference to `nettle_sha3_256_init'
/usr/bin/ld: (.text+0x11a3): undefined reference to `nettle_sha3_256_update'
/usr/bin/ld: (.text+0x11b5): undefined reference to `nettle_sha3_256_digest'
/usr/bin/ld: (.text+0x11cc): undefined reference to `nettle_sha3_384_init'
/usr/bin/ld: (.text+0x11db): undefined reference to `nettle_sha3_384_update'
/usr/bin/ld: (.text+0x11ed): undefined reference to `nettle_sha3_384_digest'
/usr/bin/ld: (.text+0x1204): undefined reference to `nettle_sha3_512_init'
/usr/bin/ld: (.text+0x1213): undefined reference to `nettle_sha3_512_update'
/usr/bin/ld: (.text+0x1225): undefined reference to `nettle_sha3_512_digest'
/usr/bin/ld: (.text+0x123c): undefined reference to `nettle_md5_init'
/usr/bin/ld: (.text+0x1245): undefined reference to `nettle_sha1_init'
/usr/bin/ld: (.text+0x128c): undefined reference to `nettle_gosthash94_init'
/usr/bin/ld: (.text+0x129b): undefined reference to `nettle_gosthash94cp_update'
/usr/bin/ld: (.text+0x12ad): undefined reference to `nettle_gosthash94cp_digest'
/usr/bin/ld: (.text+0x12c4): undefined reference to `nettle_streebog256_init'
/usr/bin/ld: (.text+0x12d3): undefined reference to `nettle_streebog512_update'
/usr/bin/ld: (.text+0x12e5): undefined reference to `nettle_streebog256_digest'
/usr/bin/ld: /usr/lib/x86_64-linux-gnu/libgnutls.a(lt13-mac.o): in function `wrap_nettle_pbkdf2':
(.text+0x15b6): undefined reference to `nettle_pbkdf2'
/usr/bin/ld: /usr/lib/x86_64-linux-gnu/libgnutls.a(lt13-mac.o): in function `wrap_nettle_hkdf_expand':
(.text+0x16f0): undefined reference to `nettle_hkdf_expand'
/usr/bin/ld: /usr/lib/x86_64-linux-gnu/libgnutls.a(lt13-mac.o): in function `wrap_nettle_hkdf_extract':
(.text+0x1845): undefined reference to `nettle_hkdf_extract'
/usr/bin/ld: /usr/lib/x86_64-linux-gnu/libgnutls.a(lt13-mac.o): in function `_md5_sha1_digest':
(.text+0x19d7): undefined reference to `nettle_md5_digest'
/usr/bin/ld: /usr/lib/x86_64-linux-gnu/libgnutls.a(lt13-mac.o): in function `_wrap_gmac_set_nonce':
(.text+0xde9): undefined reference to `nettle_gcm_set_iv'
/usr/bin/ld: /usr/lib/x86_64-linux-gnu/libgnutls.a(lt13-mac.o): in function `_wrap_cmac256_set_key':
(.text+0xe52): undefined reference to `nettle_cmac_aes256_set_key'
/usr/bin/ld: /usr/lib/x86_64-linux-gnu/libgnutls.a(lt13-mac.o): in function `_wrap_cmac128_set_key':
(.text+0xe72): undefined reference to `nettle_cmac_aes128_set_key'
/usr/bin/ld: /usr/lib/x86_64-linux-gnu/libgnutls.a(lt13-mac.o): in function `_wrap_umac128_set_key':
(.text+0xe92): undefined reference to `nettle_umac128_set_key'
/usr/bin/ld: /usr/lib/x86_64-linux-gnu/libgnutls.a(lt13-mac.o): in function `_wrap_umac96_set_key':
(.text+0xeb2): undefined reference to `nettle_umac96_set_key'
/usr/bin/ld: /usr/lib/x86_64-linux-gnu/libgnutls.a(lt13-mac.o): in function `_md5_sha1_update':
(.text+0xf54): undefined reference to `nettle_sha1_update'
/usr/bin/ld: /usr/lib/x86_64-linux-gnu/libgnutls.a(lt13-mac.o): in function `_md5_sha1_digest':
(.text+0x1a08): undefined reference to `nettle_sha1_digest'
/usr/bin/ld: /usr/lib/x86_64-linux-gnu/libgnutls.a(gostdsa-mask.o): in function `_gnutls_gostdsa_unmask_key':
(.text+0x2f): undefined reference to `nettle_ecc_bit_size'
/usr/bin/ld: (.text+0x3f): undefined reference to `__gmpz_sizeinbase'
/usr/bin/ld: (.text+0x7f): undefined reference to `__gmpz_init'
/usr/bin/ld: (.text+0x87): undefined reference to `__gmpz_init'
/usr/bin/ld: (.text+0x9a): undefined reference to `__gmpz_init'
/usr/bin/ld: (.text+0x9f): undefined reference to `nettle_get_gost_gc256b'
/usr/bin/ld: (.text+0xb1): undefined reference to `nettle_get_gost_gc512a'
/usr/bin/ld: (.text+0xdd): undefined reference to `__gmpz_init_set_str'
/usr/bin/ld: (.text+0xf8): undefined reference to `__gmpz_tdiv_r_2exp'
/usr/bin/ld: (.text+0x10a): undefined reference to `__gmpz_tdiv_q_2exp'
/usr/bin/ld: (.text+0x12d): undefined reference to `__gmpz_tdiv_r_2exp'
/usr/bin/ld: (.text+0x13f): undefined reference to `__gmpz_tdiv_q_2exp'
/usr/bin/ld: (.text+0x151): undefined reference to `__gmpz_mul'
/usr/bin/ld: (.text+0x163): undefined reference to `__gmpz_mod'
/usr/bin/ld: (.text+0x176): undefined reference to `__gmpz_mul'
/usr/bin/ld: (.text+0x18b): undefined reference to `__gmpz_mod'
/usr/bin/ld: (.text+0x193): undefined reference to `__gmpz_clear'
/usr/bin/ld: (.text+0x19f): undefined reference to `__gmpz_clear'
/usr/bin/ld: (.text+0x1a7): undefined reference to `__gmpz_clear'
/usr/bin/ld: (.text+0x1af): undefined reference to `__gmpz_clear'
/usr/bin/ld: (.text+0x1db): undefined reference to `__gmpz_init_set_str'
/mnt/d/Dev/Friendly-LwM2M-Client/2305-Wakaama/core/packet.c: In function ‘lwm2m_handle_packet’:
/mnt/d/Dev/Friendly-LwM2M-Client/2305-Wakaama/core/packet.c:794:25: warning: ‘block2_size’ may be used uninitialized [-Wmaybe-uninitialized]
  794 |                         LOG_ARG("Blockwise: block2 response NUM %u (SZX %u/ SZX Max%u) MORE %u", block2_num,
      |                         ^
/mnt/d/Dev/Friendly-LwM2M-Client/2305-Wakaama/core/packet.c:788:34: note: ‘block2_size’ was declared here
  788 |                         uint16_t block2_size;
      |                                  ^
/mnt/d/Dev/Friendly-LwM2M-Client/2305-Wakaama/core/packet.c:798:43: warning: ‘block2_more’ may be used uninitialized [-Wmaybe-uninitialized]
  798 |                         coap_error_code = coap_block2_handler(&peerP->blockData, message->mid, message->payload, message->payload_len, block2_size, block2_num, block2_more, &complete_buffer, &complete_buffer_size);
      |                                           ^
/mnt/d/Dev/Friendly-LwM2M-Client/2305-Wakaama/core/packet.c:787:34: note: ‘block2_more’ was declared here
  787 |                         uint8_t  block2_more;
      |                                  ^
In function ‘coap_block2_handler’,
    inlined from ‘lwm2m_handle_packet’ at /mnt/d/Dev/Friendly-LwM2M-Client/2305-Wakaama/core/packet.c:798:43:
/mnt/d/Dev/Friendly-LwM2M-Client/2305-Wakaama/coap/block.c:345:12: warning: ‘block2_num’ may be used uninitialized [-Wmaybe-uninitialized]
  345 |     return prv_coap_block_handler(pBlockDataHead, identifier, BLOCK_2, buffer, length, blockSize, blockNum, blockMore, outputBuffer, outputLength);
      |            ^
/mnt/d/Dev/Friendly-LwM2M-Client/2305-Wakaama/core/packet.c: In function ‘lwm2m_handle_packet’:
/mnt/d/Dev/Friendly-LwM2M-Client/2305-Wakaama/core/packet.c:786:34: note: ‘block2_num’ was declared here
  786 |                         uint32_t block2_num;
      |                                  ^
/mnt/d/Dev/Friendly-LwM2M-Client/2305-Wakaama/core/packet.c:583:21: warning: ‘block1_size’ may be used uninitialized [-Wmaybe-uninitialized]
  583 |                     LOG_ARG("Blockwise: block1 request NUM %u (SZX %u/ SZX Max%u) MORE %u", block1_num, block1_size,
      |                     ^
/mnt/d/Dev/Friendly-LwM2M-Client/2305-Wakaama/core/packet.c:577:30: note: ‘block1_size’ was declared here
  577 |                     uint16_t block1_size;
      |                              ^
/mnt/d/Dev/Friendly-LwM2M-Client/2305-Wakaama/core/packet.c:583:21: warning: ‘block1_more’ may be used uninitialized [-Wmaybe-uninitialized]
  583 |                     LOG_ARG("Blockwise: block1 request NUM %u (SZX %u/ SZX Max%u) MORE %u", block1_num, block1_size,
      |                     ^
/mnt/d/Dev/Friendly-LwM2M-Client/2305-Wakaama/core/packet.c:576:30: note: ‘block1_more’ was declared here
  576 |                     uint8_t  block1_more;
      |                              ^
/mnt/d/Dev/Friendly-LwM2M-Client/2305-Wakaama/core/packet.c:583:21: warning: ‘block1_num’ may be used uninitialized [-Wmaybe-uninitialized]
  583 |                     LOG_ARG("Blockwise: block1 request NUM %u (SZX %u/ SZX Max%u) MORE %u", block1_num, block1_size,
      |                     ^
/mnt/d/Dev/Friendly-LwM2M-Client/2305-Wakaama/core/packet.c:575:30: note: ‘block1_num’ was declared here
  575 |                     uint32_t block1_num;
      |                              ^
[ 29%] Built target test_rollback_manager
/usr/bin/ld: /usr/lib/x86_64-linux-gnu/libgnutls.a(global.o): in function `_gnutls_global_init':
(.text+0x1d9): undefined reference to `asn1_check_version'
/usr/bin/ld: (.text+0x202): undefined reference to `asn1_array2tree'
/usr/bin/ld: (.text+0x28b): undefined reference to `asn1_check_version'
/usr/bin/ld: (.text+0x301): undefined reference to `asn1_array2tree'
/usr/bin/ld: (.text+0x467): undefined reference to `asn1_check_version'
/usr/bin/ld: /usr/lib/x86_64-linux-gnu/libgnutls.a(global.o): in function `_gnutls_global_deinit':
(.text+0x574): undefined reference to `asn1_delete_structure'
/usr/bin/ld: (.text+0x580): undefined reference to `asn1_delete_structure'
/usr/bin/ld: /usr/lib/x86_64-linux-gnu/libcurl.a(libcurl_la-libssh.o): in function `myssh_statemach_act':
(.text+0x105): undefined reference to `ssh_scp_free'
/usr/bin/ld: (.text+0x11e): undefined reference to `ssh_set_blocking'
/usr/bin/ld: (.text+0x13d): undefined reference to `ssh_scp_free'
/usr/bin/ld: (.text+0x154): undefined reference to `ssh_disconnect'
/usr/bin/ld: (.text+0x15e): undefined reference to `ssh_version'
/usr/bin/ld: (.text+0x178): undefined reference to `ssh_string_free_char'
/usr/bin/ld: (.text+0x1ad): undefined reference to `ssh_free'
/usr/bin/ld: (.text+0x1c9): undefined reference to `ssh_string_free_char'
/usr/bin/ld: (.text+0x1e5): undefined reference to `sftp_attributes_free'
/usr/bin/ld: (.text+0x1f6): undefined reference to `sftp_attributes_free'
/usr/bin/ld: (.text+0x207): undefined reference to `sftp_attributes_free'
/usr/bin/ld: (.text+0x218): undefined reference to `ssh_key_free'
/usr/bin/ld: (.text+0x229): undefined reference to `ssh_key_free'
/usr/bin/ld: (.text+0x2bb): undefined reference to `ssh_string_free_char'
/usr/bin/ld: (.text+0x391): undefined reference to `ssh_set_blocking'
/usr/bin/ld: (.text+0x3ab): undefined reference to `ssh_connect'
/usr/bin/ld: (.text+0x41e): undefined reference to `ssh_get_server_publickey'
/usr/bin/ld: (.text+0x45c): undefined reference to `ssh_get_publickey_hash'
/usr/bin/ld: (.text+0x4c4): undefined reference to `ssh_clean_pubkey_hash'
/usr/bin/ld: (.text+0x4d0): undefined reference to `ssh_key_free'
/usr/bin/ld: (.text+0x4e1): undefined reference to `ssh_knownhosts_entry_free'
/usr/bin/ld: (.text+0x515): undefined reference to `ssh_userauth_none'
/usr/bin/ld: (.text+0x560): undefined reference to `ssh_scp_init'
/usr/bin/ld: (.text+0x582): undefined reference to `ssh_scp_pull_request'
/usr/bin/ld: (.text+0x597): undefined reference to `ssh_get_error'
/usr/bin/ld: (.text+0x5fc): undefined reference to `ssh_userauth_password'
/usr/bin/ld: (.text+0x64d): undefined reference to `ssh_set_blocking'
/usr/bin/ld: (.text+0x659): undefined reference to `sftp_new'
/usr/bin/ld: (.text+0x671): undefined reference to `sftp_init'
/usr/bin/ld: (.text+0x69a): undefined reference to `sftp_canonicalize_path'
/usr/bin/ld: (.text+0x6cc): undefined reference to `ssh_get_error'
/usr/bin/ld: (.text+0x741): undefined reference to `ssh_scp_close'
/usr/bin/ld: (.text+0x788): undefined reference to `ssh_scp_init'
/usr/bin/ld: (.text+0x7af): undefined reference to `ssh_scp_push_file'
/usr/bin/ld: (.text+0x7c3): undefined reference to `ssh_get_error'
/usr/bin/ld: (.text+0x830): undefined reference to `sftp_fstat'
/usr/bin/ld: (.text+0x8a5): undefined reference to `sftp_close'
/usr/bin/ld: (.text+0x8c3): undefined reference to `sftp_open'
/usr/bin/ld: (.text+0x8db): undefined reference to `sftp_file_set_nonblocking'
/usr/bin/ld: (.text+0x900): undefined reference to `sftp_closedir'
/usr/bin/ld: (.text+0x94d): undefined reference to `sftp_close'
/usr/bin/ld: (.text+0x969): undefined reference to `sftp_free'
/usr/bin/ld: (.text+0x985): undefined reference to `ssh_string_free_char'
/usr/bin/ld: (.text+0x9c5): undefined reference to `sftp_close'
/usr/bin/ld: (.text+0xa7d): undefined reference to `sftp_attributes_free'
/usr/bin/ld: (.text+0xa90): undefined reference to `sftp_lstat'
/usr/bin/ld: (.text+0xb5c): undefined reference to `sftp_attributes_free'
/usr/bin/ld: (.text+0xb6f): undefined reference to `sftp_readdir'
/usr/bin/ld: (.text+0xc78): undefined reference to `sftp_mkdir'
/usr/bin/ld: (.text+0xd79): undefined reference to `sftp_close'
/usr/bin/ld: (.text+0xd98): undefined reference to `sftp_open'
/usr/bin/ld: (.text+0xe44): undefined reference to `sftp_seek64'
/usr/bin/ld: (.text+0xe66): undefined reference to `sftp_get_error'
/usr/bin/ld: (.text+0xece): undefined reference to `sftp_setstat'
/usr/bin/ld: (.text+0xf32): undefined reference to `sftp_stat'
/usr/bin/ld: (.text+0xf49): undefined reference to `sftp_attributes_free'
/usr/bin/ld: (.text+0x1041): undefined reference to `ssh_userauth_publickey'
/usr/bin/ld: (.text+0x1266): undefined reference to `sftp_attributes_free'
/usr/bin/ld: (.text+0x1279): undefined reference to `sftp_stat'
/usr/bin/ld: (.text+0x1447): undefined reference to `sftp_rmdir'
/usr/bin/ld: (.text+0x1487): undefined reference to `ssh_get_error'
/usr/bin/ld: (.text+0x14af): undefined reference to `sftp_statvfs'
/usr/bin/ld: (.text+0x14fd): undefined reference to `sftp_statvfs_free'
/usr/bin/ld: (.text+0x158d): undefined reference to `sftp_mkdir'
/usr/bin/ld: (.text+0x15cd): undefined reference to `ssh_get_error'
/usr/bin/ld: (.text+0x161f): undefined reference to `sftp_unlink'
/usr/bin/ld: (.text+0x165f): undefined reference to `ssh_get_error'
/usr/bin/ld: (.text+0x168e): undefined reference to `sftp_rename'
/usr/bin/ld: (.text+0x16e6): undefined reference to `ssh_get_error'
/usr/bin/ld: (.text+0x1716): undefined reference to `sftp_symlink'
/usr/bin/ld: (.text+0x176e): undefined reference to `ssh_get_error'
/usr/bin/ld: (.text+0x17b3): undefined reference to `ssh_string_free_char'
/usr/bin/ld: (.text+0x1842): undefined reference to `ssh_userauth_kbdint'
/usr/bin/ld: (.text+0x1860): undefined reference to `ssh_userauth_kbdint_getnprompts'
/usr/bin/ld: (.text+0x187e): undefined reference to `ssh_userauth_kbdint_setanswer'
/usr/bin/ld: (.text+0x18a1): undefined reference to `ssh_userauth_kbdint'
/usr/bin/ld: (.text+0x18c3): undefined reference to `ssh_userauth_kbdint_getnprompts'
/usr/bin/ld: (.text+0x18e6): undefined reference to `ssh_userauth_kbdint'
/usr/bin/ld: (.text+0x1942): undefined reference to `sftp_attributes_free'
/usr/bin/ld: (.text+0x19bf): undefined reference to `sftp_seek64'
/usr/bin/ld: (.text+0x1af8): undefined reference to `ssh_scp_request_get_size'
/usr/bin/ld: (.text+0x1c1d): undefined reference to `ssh_pki_import_privkey_file'
/usr/bin/ld: (.text+0x1cdd): undefined reference to `ssh_get_error'
/usr/bin/ld: (.text+0x1d50): undefined reference to `ssh_string_free_char'
/usr/bin/ld: (.text+0x1ef4): undefined reference to `ssh_userauth_list'
/usr/bin/ld: (.text+0x1f34): undefined reference to `ssh_session_get_known_hosts_entry'
/usr/bin/ld: (.text+0x1f68): undefined reference to `ssh_pki_export_pubkey_base64'
/usr/bin/ld: (.text+0x1f9a): undefined reference to `ssh_key_type'
/usr/bin/ld: (.text+0x2182): undefined reference to `ssh_get_error'
/usr/bin/ld: (.text+0x2323): undefined reference to `ssh_get_error'
/usr/bin/ld: (.text+0x2361): undefined reference to `sftp_opendir'
/usr/bin/ld: (.text+0x23c4): undefined reference to `ssh_set_blocking'
/usr/bin/ld: (.text+0x23f7): undefined reference to `ssh_scp_new'
/usr/bin/ld: (.text+0x2421): undefined reference to `ssh_get_error'
/usr/bin/ld: (.text+0x245f): undefined reference to `ssh_userauth_gssapi'
/usr/bin/ld: (.text+0x258f): undefined reference to `sftp_get_error'
/usr/bin/ld: (.text+0x25d2): undefined reference to `ssh_get_error'
/usr/bin/ld: (.text+0x263d): undefined reference to `sftp_attributes_free'
/usr/bin/ld: (.text+0x2673): undefined reference to `sftp_get_error'
/usr/bin/ld: (.text+0x26a3): undefined reference to `ssh_get_error'
/usr/bin/ld: (.text+0x2857): undefined reference to `ssh_get_error'
/usr/bin/ld: (.text+0x287c): undefined reference to `sftp_dir_eof'
/usr/bin/ld: (.text+0x2976): undefined reference to `sftp_get_error'
/usr/bin/ld: (.text+0x2a5b): undefined reference to `sftp_readlink'
/usr/bin/ld: (.text+0x2ae8): undefined reference to `sftp_stat'
/usr/bin/ld: (.text+0x2b0d): undefined reference to `sftp_attributes_free'
/usr/bin/ld: (.text+0x2bc9): undefined reference to `ssh_scp_new'
/usr/bin/ld: (.text+0x2c4a): undefined reference to `ssh_userauth_publickey_auto'
/usr/bin/ld: (.text+0x2ddf): undefined reference to `ssh_pki_export_pubkey_base64'
/usr/bin/ld: (.text+0x2e13): undefined reference to `ssh_key_type'
/usr/bin/ld: (.text+0x3037): undefined reference to `sftp_seek64'
/usr/bin/ld: (.text+0x31d1): undefined reference to `ssh_get_error'
/usr/bin/ld: (.text+0x31f6): undefined reference to `ssh_userauth_try_publickey'
/usr/bin/ld: (.text+0x3226): undefined reference to `ssh_get_error'
/usr/bin/ld: (.text+0x3390): undefined reference to `ssh_session_update_known_hosts'
/usr/bin/ld: /usr/lib/x86_64-linux-gnu/libcurl.a(libcurl_la-libssh.o): in function `sftp_send':
(.text+0x382d): undefined reference to `sftp_write'
/usr/bin/ld: /usr/lib/x86_64-linux-gnu/libcurl.a(libcurl_la-libssh.o): in function `scp_send':
(.text+0x3883): undefined reference to `ssh_scp_write'
/usr/bin/ld: /usr/lib/x86_64-linux-gnu/libcurl.a(libcurl_la-libssh.o): in function `scp_recv':
(.text+0x38ca): undefined reference to `ssh_scp_read'
/usr/bin/ld: /usr/lib/x86_64-linux-gnu/libcurl.a(libcurl_la-libssh.o): in function `sftp_recv':
(.text+0x3aed): undefined reference to `sftp_async_read'
/usr/bin/ld: (.text+0x3b28): undefined reference to `ssh_get_poll_flags'
/usr/bin/ld: (.text+0x3b65): undefined reference to `sftp_async_read_begin'
/usr/bin/ld: /usr/lib/x86_64-linux-gnu/libcurl.a(libcurl_la-libssh.o): in function `myssh_multi_statemach':
(.text+0x3c18): undefined reference to `ssh_get_poll_flags'
/usr/bin/ld: /usr/lib/x86_64-linux-gnu/libcurl.a(libcurl_la-libssh.o): in function `scp_doing':
(.text+0x3d98): undefined reference to `ssh_get_poll_flags'
/usr/bin/ld: /usr/lib/x86_64-linux-gnu/libcurl.a(libcurl_la-libssh.o): in function `sftp_doing':
(.text+0x3e48): undefined reference to `ssh_get_poll_flags'
/usr/bin/ld: /usr/lib/x86_64-linux-gnu/libcurl.a(libcurl_la-libssh.o): in function `myssh_connect':
(.text+0x3f0c): undefined reference to `ssh_new'
/usr/bin/ld: (.text+0x3f2d): undefined reference to `ssh_options_set'
/usr/bin/ld: (.text+0x3f43): undefined reference to `ssh_options_parse_config'
/usr/bin/ld: (.text+0x3f60): undefined reference to `ssh_options_set'
/usr/bin/ld: (.text+0x3f99): undefined reference to `ssh_options_set'
/usr/bin/ld: (.text+0x3fce): undefined reference to `ssh_options_set'
/usr/bin/ld: (.text+0x3fef): undefined reference to `ssh_options_set'
/usr/bin/ld: (.text+0x4038): undefined reference to `ssh_pki_import_pubkey_file'
/usr/bin/ld: (.text+0x4154): undefined reference to `ssh_options_set'
/usr/bin/ld: (.text+0x41b4): undefined reference to `ssh_options_set'
/usr/bin/ld: /usr/lib/x86_64-linux-gnu/libcurl.a(libcurl_la-libssh.o): in function `Curl_ssh_init':
(.text+0x4269): undefined reference to `ssh_init'
/usr/bin/ld: /usr/lib/x86_64-linux-gnu/libcurl.a(libcurl_la-libssh.o): in function `Curl_ssh_version':
(.text+0x42a4): undefined reference to `ssh_version'
/usr/bin/ld: /usr/lib/x86_64-linux-gnu/libcurl.a(libcurl_la-libssh.o): in function `Curl_ssh_cleanup':
(.text+0x4285): undefined reference to `ssh_finalize'
/usr/bin/ld: /usr/lib/x86_64-linux-gnu/libcurl.a(libcurl_la-http2.o): in function `cf_h2_query':
(.text+0x113): undefined reference to `nghttp2_session_check_request_allowed'
/usr/bin/ld: /usr/lib/x86_64-linux-gnu/libcurl.a(libcurl_la-http2.o): in function `h2_process_pending_input':
(.text+0x2c0): undefined reference to `nghttp2_session_mem_recv'
/usr/bin/ld: (.text+0x325): undefined reference to `nghttp2_session_check_request_allowed'
/usr/bin/ld: (.text+0x367): undefined reference to `nghttp2_strerror'
/usr/bin/ld: /usr/lib/x86_64-linux-gnu/libcurl.a(libcurl_la-http2.o): in function `cf_h2_is_alive':
(.text+0x562): undefined reference to `nghttp2_session_want_read'
/usr/bin/ld: (.text+0x576): undefined reference to `nghttp2_session_want_write'
/usr/bin/ld: /usr/lib/x86_64-linux-gnu/libcurl.a(libcurl_la-http2.o): in function `h2_pri_spec':
(.text+0x6bf): undefined reference to `nghttp2_priority_spec_init'
/usr/bin/ld: /usr/lib/x86_64-linux-gnu/libcurl.a(libcurl_la-http2.o): in function `h2_progress_egress':
(.text+0x7ae): undefined reference to `nghttp2_submit_priority'
/usr/bin/ld: (.text+0x7bb): undefined reference to `nghttp2_is_fatal'
/usr/bin/ld: (.text+0x824): undefined reference to `nghttp2_session_want_write'
/usr/bin/ld: (.text+0x830): undefined reference to `nghttp2_session_send'
/usr/bin/ld: (.text+0x849): undefined reference to `nghttp2_is_fatal'
/usr/bin/ld: (.text+0x8de): undefined reference to `nghttp2_strerror'
/usr/bin/ld: /usr/lib/x86_64-linux-gnu/libcurl.a(libcurl_la-http2.o): in function `on_begin_headers':
(.text+0xa0c): undefined reference to `nghttp2_session_get_stream_user_data'
/usr/bin/ld: /usr/lib/x86_64-linux-gnu/libcurl.a(libcurl_la-http2.o): in function `req_body_read_callback':
(.text+0xcbe): undefined reference to `nghttp2_session_get_stream_user_data'
/usr/bin/ld: /usr/lib/x86_64-linux-gnu/libcurl.a(libcurl_la-http2.o): in function `on_stream_close':
(.text+0xeb9): undefined reference to `nghttp2_session_get_stream_user_data'
/usr/bin/ld: (.text+0xf29): undefined reference to `nghttp2_session_set_stream_user_data'
/usr/bin/ld: (.text+0xf7d): undefined reference to `nghttp2_http2_strerror'
/usr/bin/ld: /usr/lib/x86_64-linux-gnu/libcurl.a(libcurl_la-http2.o): in function `http2_handle_stream_close':
(.text+0x129d): undefined reference to `nghttp2_http2_strerror'
/usr/bin/ld: /usr/lib/x86_64-linux-gnu/libcurl.a(libcurl_la-http2.o): in function `cf_h2_recv':
(.text+0x15e2): undefined reference to `nghttp2_session_consume'
/usr/bin/ld: (.text+0x166d): undefined reference to `nghttp2_session_get_local_window_size'
/usr/bin/ld: (.text+0x167c): undefined reference to `nghttp2_session_get_stream_effective_local_window_size'
/usr/bin/ld: (.text+0x168b): undefined reference to `nghttp2_session_get_stream_effective_recv_data_length'
/usr/bin/ld: /usr/lib/x86_64-linux-gnu/libcurl.a(libcurl_la-http2.o): in function `on_data_chunk_recv':
(.text+0x17f6): undefined reference to `nghttp2_session_get_stream_user_data'
/usr/bin/ld: (.text+0x18b9): undefined reference to `nghttp2_session_consume'
/usr/bin/ld: /usr/lib/x86_64-linux-gnu/libcurl.a(libcurl_la-http2.o): in function `cf_h2_adjust_pollset':
(.text+0x1968): undefined reference to `nghttp2_session_get_remote_window_size'
/usr/bin/ld: (.text+0x19d7): undefined reference to `nghttp2_session_get_stream_remote_window_size'
/usr/bin/ld: (.text+0x1a01): undefined reference to `nghttp2_session_want_write'
/usr/bin/ld: (.text+0x1a48): undefined reference to `nghttp2_session_get_remote_window_size'
/usr/bin/ld: /usr/lib/x86_64-linux-gnu/libcurl.a(libcurl_la-http2.o): in function `cf_h2_ctx_clear':
(.text+0x1a87): undefined reference to `nghttp2_session_del'
/usr/bin/ld: /usr/lib/x86_64-linux-gnu/libcurl.a(libcurl_la-http2.o): in function `cf_h2_keep_alive':
(.text+0x2013): undefined reference to `nghttp2_submit_ping'
/usr/bin/ld: (.text+0x201f): undefined reference to `nghttp2_session_send'
/usr/bin/ld: (.text+0x204e): undefined reference to `nghttp2_strerror'
/usr/bin/ld: (.text+0x2074): undefined reference to `nghttp2_strerror'
/usr/bin/ld: /usr/lib/x86_64-linux-gnu/libcurl.a(libcurl_la-http2.o): in function `http2_data_done.isra.0':
(.text+0x211c): undefined reference to `nghttp2_submit_rst_stream'
/usr/bin/ld: (.text+0x214a): undefined reference to `nghttp2_session_get_stream_user_data'
/usr/bin/ld: (.text+0x215b): undefined reference to `nghttp2_session_set_stream_user_data'
/usr/bin/ld: (.text+0x2209): undefined reference to `nghttp2_session_consume'
/usr/bin/ld: (.text+0x2224): undefined reference to `nghttp2_session_send'
/usr/bin/ld: /usr/lib/x86_64-linux-gnu/libcurl.a(libcurl_la-http2.o): in function `cf_h2_cntrl':
(.text+0x22d1): undefined reference to `nghttp2_session_set_local_window_size'
/usr/bin/ld: (.text+0x2396): undefined reference to `nghttp2_session_resume_data'
/usr/bin/ld: (.text+0x23da): undefined reference to `nghttp2_session_set_local_window_size'
/usr/bin/ld: (.text+0x2434): undefined reference to `nghttp2_strerror'
/usr/bin/ld: /usr/lib/x86_64-linux-gnu/libcurl.a(libcurl_la-http2.o): in function `cf_h2_ctx_init':
(.text+0x262c): undefined reference to `nghttp2_session_callbacks_new'
/usr/bin/ld: (.text+0x264e): undefined reference to `nghttp2_session_callbacks_set_send_callback'
/usr/bin/ld: (.text+0x2661): undefined reference to `nghttp2_session_callbacks_set_on_frame_recv_callback'
/usr/bin/ld: (.text+0x2674): undefined reference to `nghttp2_session_callbacks_set_on_frame_send_callback'
/usr/bin/ld: (.text+0x2687): undefined reference to `nghttp2_session_callbacks_set_on_data_chunk_recv_callback'
/usr/bin/ld: (.text+0x269a): undefined reference to `nghttp2_session_callbacks_set_on_stream_close_callback'
/usr/bin/ld: (.text+0x26ad): undefined reference to `nghttp2_session_callbacks_set_on_begin_headers_callback'
/usr/bin/ld: (.text+0x26c0): undefined reference to `nghttp2_session_callbacks_set_on_header_callback'
/usr/bin/ld: (.text+0x26d3): undefined reference to `nghttp2_session_callbacks_set_error_callback'
/usr/bin/ld: (.text+0x26f4): undefined reference to `nghttp2_option_new'
/usr/bin/ld: (.text+0x2725): undefined reference to `nghttp2_option_set_no_auto_window_update'
/usr/bin/ld: (.text+0x2736): undefined reference to `nghttp2_option_set_no_rfc9113_leading_and_trailing_ws_validation'
/usr/bin/ld: (.text+0x2753): undefined reference to `nghttp2_session_client_new2'
/usr/bin/ld: (.text+0x2765): undefined reference to `nghttp2_option_del'
/usr/bin/ld: (.text+0x27fa): undefined reference to `nghttp2_pack_settings_payload'
/usr/bin/ld: (.text+0x2835): undefined reference to `nghttp2_session_callbacks_del'
/usr/bin/ld: (.text+0x28bc): undefined reference to `nghttp2_submit_settings'
/usr/bin/ld: (.text+0x28d8): undefined reference to `nghttp2_session_set_local_window_size'
/usr/bin/ld: (.text+0x2981): undefined reference to `nghttp2_session_upgrade2'
/usr/bin/ld: (.text+0x2997): undefined reference to `nghttp2_session_set_stream_user_data'
/usr/bin/ld: (.text+0x2a23): undefined reference to `nghttp2_strerror'
/usr/bin/ld: (.text+0x2a5f): undefined reference to `nghttp2_strerror'
/usr/bin/ld: (.text+0x2a8b): undefined reference to `nghttp2_strerror'
/usr/bin/ld: /usr/lib/x86_64-linux-gnu/libcurl.a(libcurl_la-http2.o): in function `cf_h2_send':
(.text+0x2fec): undefined reference to `nghttp2_session_get_remote_window_size'
/usr/bin/ld: (.text+0x30c9): undefined reference to `nghttp2_session_check_request_allowed'
/usr/bin/ld: (.text+0x3139): undefined reference to `nghttp2_submit_request'
/usr/bin/ld: (.text+0x3365): undefined reference to `nghttp2_session_get_remote_window_size'
/usr/bin/ld: (.text+0x3374): undefined reference to `nghttp2_session_get_stream_remote_window_size'
/usr/bin/ld: (.text+0x342c): undefined reference to `nghttp2_session_want_read'
/usr/bin/ld: (.text+0x343c): undefined reference to `nghttp2_session_want_write'
/usr/bin/ld: (.text+0x3474): undefined reference to `nghttp2_session_want_read'
/usr/bin/ld: (.text+0x3484): undefined reference to `nghttp2_session_want_write'
/usr/bin/ld: (.text+0x34c8): undefined reference to `nghttp2_session_resume_data'
/usr/bin/ld: (.text+0x34cf): undefined reference to `nghttp2_is_fatal'
/usr/bin/ld: (.text+0x354d): undefined reference to `nghttp2_submit_request'
/usr/bin/ld: (.text+0x37ee): undefined reference to `nghttp2_session_get_stream_remote_window_size'
/usr/bin/ld: (.text+0x3818): undefined reference to `nghttp2_session_get_stream_remote_window_size'
/usr/bin/ld: (.text+0x38c8): undefined reference to `nghttp2_session_get_remote_window_size'
/usr/bin/ld: (.text+0x391e): undefined reference to `nghttp2_strerror'
/usr/bin/ld: /usr/lib/x86_64-linux-gnu/libcurl.a(libcurl_la-http2.o): in function `on_header':
(.text+0x39be): undefined reference to `nghttp2_session_get_stream_user_data'
/usr/bin/ld: (.text+0x3d4d): undefined reference to `nghttp2_submit_rst_stream'
/usr/bin/ld: /usr/lib/x86_64-linux-gnu/libcurl.a(libcurl_la-http2.o): in function `Curl_http2_ver':
(.text+0x40c4): undefined reference to `nghttp2_version'
/usr/bin/ld: /usr/lib/x86_64-linux-gnu/libcurl.a(libcurl_la-http2.o): in function `on_frame_recv':
(.text+0x436e): undefined reference to `nghttp2_session_get_stream_user_data'
/usr/bin/ld: (.text+0x43e7): undefined reference to `nghttp2_session_get_remote_settings'
/usr/bin/ld: (.text+0x43f8): undefined reference to `nghttp2_session_get_remote_settings'
/usr/bin/ld: (.text+0x45b2): undefined reference to `nghttp2_session_get_stream_effective_local_window_size'
/usr/bin/ld: (.text+0x45cb): undefined reference to `nghttp2_session_get_stream_effective_recv_data_length'
/usr/bin/ld: (.text+0x4647): undefined reference to `nghttp2_session_get_stream_local_window_size'
/usr/bin/ld: (.text+0x4673): undefined reference to `nghttp2_session_set_local_window_size'
/usr/bin/ld: (.text+0x4ab7): undefined reference to `nghttp2_submit_rst_stream'
/usr/bin/ld: (.text+0x4ac0): undefined reference to `nghttp2_is_fatal'
/usr/bin/ld: (.text+0x4b5d): undefined reference to `nghttp2_submit_rst_stream'
/usr/bin/ld: (.text+0x4b64): undefined reference to `nghttp2_is_fatal'
/usr/bin/ld: (.text+0x4d95): undefined reference to `nghttp2_session_set_stream_user_data'
/usr/bin/ld: /usr/lib/x86_64-linux-gnu/libcurl.a(libcurl_la-http2.o): in function `Curl_http2_request_upgrade':
(.text+0x4e85): undefined reference to `nghttp2_pack_settings_payload'
/usr/bin/ld: /usr/lib/x86_64-linux-gnu/libcurl.a(libcurl_la-openssl.o): in function `ossl_version':
(.text+0x337): undefined reference to `OpenSSL_version'
/usr/bin/ld: /usr/lib/x86_64-linux-gnu/libcurl.a(libcurl_la-openssl.o): in function `ossl_new_session_cb':
(.text+0x5e8): undefined reference to `SSL_get_ex_data'
/usr/bin/ld: /usr/lib/x86_64-linux-gnu/libcurl.a(libcurl_la-openssl.o): in function `ossl_trace':
(.text+0x847): undefined reference to `SSL_alert_desc_string_long'
/usr/bin/ld: /usr/lib/x86_64-linux-gnu/libcurl.a(libcurl_la-openssl.o): in function `ossl_data_pending':
(.text+0xd8a): undefined reference to `SSL_pending'
/usr/bin/ld: /usr/lib/x86_64-linux-gnu/libcurl.a(libcurl_la-openssl.o): in function `ossl_init':
(.text+0xdc0): undefined reference to `OPENSSL_init_ssl'
/usr/bin/ld: /usr/lib/x86_64-linux-gnu/libcurl.a(libcurl_la-openssl.o): in function `ossl_strerror':
(.text+0xf9f): undefined reference to `OpenSSL_version'
/usr/bin/ld: /usr/lib/x86_64-linux-gnu/libcurl.a(libcurl_la-openssl.o): in function `ossl_send':
(.text+0x1195): undefined reference to `SSL_write'
/usr/bin/ld: (.text+0x11d8): undefined reference to `SSL_get_error'
/usr/bin/ld: /usr/lib/x86_64-linux-gnu/libcurl.a(libcurl_la-openssl.o): in function `ossl_recv':
(.text+0x1407): undefined reference to `SSL_read'
/usr/bin/ld: (.text+0x1447): undefined reference to `SSL_get_error'
/usr/bin/ld: /usr/lib/x86_64-linux-gnu/libcurl.a(libcurl_la-openssl.o): in function `ossl_close':
(.text+0x15aa): undefined reference to `SSL_free'
/usr/bin/ld: (.text+0x15bf): undefined reference to `SSL_CTX_free'
/usr/bin/ld: (.text+0x1623): undefined reference to `SSL_read'
/usr/bin/ld: (.text+0x1631): undefined reference to `SSL_shutdown'
/usr/bin/ld: (.text+0x167a): undefined reference to `SSL_set_connect_state'
/usr/bin/ld: (.text+0x169d): undefined reference to `SSL_read'
/usr/bin/ld: (.text+0x16a8): undefined reference to `SSL_get_error'
/usr/bin/ld: /usr/lib/x86_64-linux-gnu/libcurl.a(libcurl_la-openssl.o): in function `ossl_shutdown':
(.text+0x18d1): undefined reference to `SSL_get_shutdown'
/usr/bin/ld: (.text+0x1905): undefined reference to `SSL_free'
/usr/bin/ld: (.text+0x1952): undefined reference to `SSL_read'
/usr/bin/ld: (.text+0x195d): undefined reference to `SSL_get_error'
/usr/bin/ld: (.text+0x1a55): undefined reference to `SSL_shutdown'
/usr/bin/ld: /usr/lib/x86_64-linux-gnu/libcurl.a(libcurl_la-openssl.o): in function `cert_stuff':
(.text+0x1c70): undefined reference to `SSL_CTX_set_default_passwd_cb_userdata'
/usr/bin/ld: (.text+0x1c83): undefined reference to `SSL_CTX_set_default_passwd_cb'
/usr/bin/ld: (.text+0x1d18): undefined reference to `PKCS12_parse'
/usr/bin/ld: (.text+0x1d3b): undefined reference to `SSL_CTX_use_certificate'
/usr/bin/ld: (.text+0x1d57): undefined reference to `SSL_CTX_use_PrivateKey'
/usr/bin/ld: (.text+0x1dfa): undefined reference to `PEM_read_bio_X509_AUX'
/usr/bin/ld: (.text+0x1e19): undefined reference to `SSL_CTX_use_certificate'
/usr/bin/ld: (.text+0x1e56): undefined reference to `SSL_CTX_ctrl'
/usr/bin/ld: (.text+0x1e9e): undefined reference to `SSL_CTX_ctrl'
/usr/bin/ld: (.text+0x1ebb): undefined reference to `PEM_read_bio_X509'
/usr/bin/ld: (.text+0x1fa5): undefined reference to `SSL_CTX_use_PrivateKey'
/usr/bin/ld: (.text+0x1fce): undefined reference to `SSL_new'
/usr/bin/ld: (.text+0x1fe2): undefined reference to `SSL_get_certificate'
/usr/bin/ld: (.text+0x2001): undefined reference to `SSL_get_privatekey'
/usr/bin/ld: (.text+0x201c): undefined reference to `SSL_get_privatekey'
/usr/bin/ld: (.text+0x2038): undefined reference to `SSL_free'
/usr/bin/ld: (.text+0x2044): undefined reference to `SSL_CTX_check_private_key'
/usr/bin/ld: (.text+0x2087): undefined reference to `SSL_CTX_set_default_passwd_cb_userdata'
/usr/bin/ld: (.text+0x2096): undefined reference to `SSL_CTX_set_default_passwd_cb'
/usr/bin/ld: (.text+0x2150): undefined reference to `SSL_CTX_use_certificate'
/usr/bin/ld: (.text+0x2292): undefined reference to `SSL_CTX_use_certificate'
/usr/bin/ld: (.text+0x23db): undefined reference to `SSL_CTX_use_certificate_chain_file'
/usr/bin/ld: (.text+0x240d): undefined reference to `SSL_CTX_use_PrivateKey_file'
/usr/bin/ld: (.text+0x2430): undefined reference to `SSL_CTX_use_certificate_file'
/usr/bin/ld: (.text+0x267b): undefined reference to `SSL_CTX_use_PrivateKey'
/usr/bin/ld: (.text+0x27af): undefined reference to `SSL_free'
/usr/bin/ld: (.text+0x2830): undefined reference to `SSL_CTX_check_private_key'
/usr/bin/ld: (.text+0x286e): undefined reference to `SSL_CTX_add_client_CA'
/usr/bin/ld: (.text+0x2888): undefined reference to `SSL_CTX_ctrl'
/usr/bin/ld: /usr/lib/x86_64-linux-gnu/libcurl.a(libcurl_la-openssl.o): in function `Curl_ossl_certchain':
(.text+0x2b52): undefined reference to `SSL_get_peer_cert_chain'
/usr/bin/ld: (.text+0x3258): undefined reference to `PEM_write_bio_X509'
/usr/bin/ld: /usr/lib/x86_64-linux-gnu/libcurl.a(libcurl_la-openssl.o): in function `servercert':
(.text+0x3c66): undefined reference to `SSL_get1_peer_certificate'
/usr/bin/ld: (.text+0x3e06): undefined reference to `PEM_read_bio_X509'
/usr/bin/ld: (.text+0x3e5c): undefined reference to `SSL_get_verify_result'
/usr/bin/ld: (.text+0x3ef9): undefined reference to `SSL_get_verify_result'
/usr/bin/ld: (.text+0x3f0a): undefined reference to `SSL_get_peer_cert_chain'
/usr/bin/ld: (.text+0x42b1): undefined reference to `SSL_get0_verified_chain'
/usr/bin/ld: (.text+0x4412): undefined reference to `SSL_ctrl'
/usr/bin/ld: (.text+0x444e): undefined reference to `OCSP_response_status'
/usr/bin/ld: (.text+0x4460): undefined reference to `OCSP_response_get1_basic'
/usr/bin/ld: (.text+0x4479): undefined reference to `SSL_get_peer_cert_chain'
/usr/bin/ld: (.text+0x4494): undefined reference to `SSL_CTX_get_cert_store'
/usr/bin/ld: (.text+0x44a8): undefined reference to `OCSP_basic_verify'
/usr/bin/ld: (.text+0x44b9): undefined reference to `SSL_get1_peer_certificate'
/usr/bin/ld: (.text+0x47b5): undefined reference to `OCSP_cert_to_id'
/usr/bin/ld: (.text+0x4800): undefined reference to `OCSP_resp_find_status'
/usr/bin/ld: (.text+0x483d): undefined reference to `OCSP_check_validity'
/usr/bin/ld: (.text+0x4884): undefined reference to `OCSP_crl_reason_str'
/usr/bin/ld: (.text+0x4935): undefined reference to `OCSP_response_status_str'
/usr/bin/ld: (.text+0x4ae5): undefined reference to `OCSP_cert_status_str'
/usr/bin/ld: /usr/lib/x86_64-linux-gnu/libcurl.a(libcurl_la-openssl.o): in function `Curl_ssl_setup_x509_store':
(.text+0x4bcc): undefined reference to `SSL_CTX_get_cert_store'
/usr/bin/ld: (.text+0x4c68): undefined reference to `PEM_X509_INFO_read_bio'
/usr/bin/ld: (.text+0x4d11): undefined reference to `X509_INFO_free'
/usr/bin/ld: (.text+0x4d68): undefined reference to `X509_LOOKUP_file'
/usr/bin/ld: (.text+0x4d8d): undefined reference to `X509_load_crl_file'
/usr/bin/ld: (.text+0x4f17): undefined reference to `SSL_CTX_set_cert_store'
/usr/bin/ld: (.text+0x4f6b): undefined reference to `X509_STORE_load_file'
/usr/bin/ld: (.text+0x4fb5): undefined reference to `X509_STORE_load_path'
/usr/bin/ld: (.text+0x510c): undefined reference to `X509_STORE_load_path'
/usr/bin/ld: (.text+0x529b): undefined reference to `X509_INFO_free'
/usr/bin/ld: /usr/lib/x86_64-linux-gnu/libcurl.a(libcurl_la-openssl.o): in function `ossl_connect_step1':
(.text+0x54e1): undefined reference to `TLS_client_method'
/usr/bin/ld: (.text+0x5508): undefined reference to `SSL_CTX_new'
/usr/bin/ld: (.text+0x5528): undefined reference to `SSL_CTX_ctrl'
/usr/bin/ld: (.text+0x55db): undefined reference to `SSL_CTX_ctrl'
/usr/bin/ld: (.text+0x562f): undefined reference to `SSL_CTX_ctrl'
/usr/bin/ld: (.text+0x5647): undefined reference to `SSL_CTX_set_options'
/usr/bin/ld: (.text+0x568a): undefined reference to `SSL_CTX_set_alpn_protos'
/usr/bin/ld: (.text+0x573f): undefined reference to `SSL_CTX_set_cipher_list'
/usr/bin/ld: (.text+0x5776): undefined reference to `SSL_CTX_set_ciphersuites'
/usr/bin/ld: (.text+0x579f): undefined reference to `SSL_CTX_set_post_handshake_auth'
/usr/bin/ld: (.text+0x57be): undefined reference to `SSL_CTX_ctrl'
/usr/bin/ld: (.text+0x5808): undefined reference to `SSL_CTX_set_srp_username'
/usr/bin/ld: (.text+0x581f): undefined reference to `SSL_CTX_set_srp_password'
/usr/bin/ld: (.text+0x584d): undefined reference to `SSL_CTX_set_verify'
/usr/bin/ld: (.text+0x586e): undefined reference to `SSL_CTX_ctrl'
/usr/bin/ld: (.text+0x587d): undefined reference to `SSL_CTX_sess_set_new_cb'
/usr/bin/ld: (.text+0x58f7): undefined reference to `SSL_free'
/usr/bin/ld: (.text+0x58ff): undefined reference to `SSL_new'
/usr/bin/ld: (.text+0x5919): undefined reference to `SSL_set_ex_data'
/usr/bin/ld: (.text+0x592d): undefined reference to `SSL_set_connect_state'
/usr/bin/ld: (.text+0x5955): undefined reference to `SSL_ctrl'
/usr/bin/ld: (.text+0x596c): undefined reference to `SSL_set_ex_data'
/usr/bin/ld: (.text+0x59ae): undefined reference to `SSL_set_session'
/usr/bin/ld: (.text+0x5a75): undefined reference to `SSL_set0_rbio'
/usr/bin/ld: (.text+0x5a81): undefined reference to `SSL_set0_wbio'
/usr/bin/ld: (.text+0x5aeb): undefined reference to `SSL_CTX_set_msg_callback'
/usr/bin/ld: (.text+0x5afd): undefined reference to `SSL_CTX_ctrl'
/usr/bin/ld: (.text+0x5b91): undefined reference to `SSL_CTX_set_keylog_callback'
/usr/bin/ld: (.text+0x5bcb): undefined reference to `SSL_ctrl'
/usr/bin/ld: (.text+0x5cb4): undefined reference to `SSL_CTX_set_cipher_list'
/usr/bin/ld: /usr/lib/x86_64-linux-gnu/libcurl.a(libcurl_la-openssl.o): in function `ossl_connect_step2':
(.text+0x5f04): undefined reference to `SSL_connect'
/usr/bin/ld: (.text+0x5f27): undefined reference to `SSL_get_error'
/usr/bin/ld: (.text+0x60d0): undefined reference to `SSL_get_peer_signature_type_nid'
/usr/bin/ld: (.text+0x60e3): undefined reference to `SSL_ctrl'
/usr/bin/ld: (.text+0x6123): undefined reference to `SSL_get0_alpn_selected'
/usr/bin/ld: (.text+0x6186): undefined reference to `SSL_get_current_cipher'
/usr/bin/ld: (.text+0x618e): undefined reference to `SSL_CIPHER_get_name'
/usr/bin/ld: (.text+0x619f): undefined reference to `SSL_get_version'
/usr/bin/ld: (.text+0x62b6): undefined reference to `SSL_get_verify_result'
/usr/bin/ld: /usr/lib/x86_64-linux-gnu/libcurl.a(libcurl_la-openssl.o): in function `ossl_session_free':
(.text+0x5b5): undefined reference to `SSL_SESSION_free'
/usr/bin/ld: /usr/lib/x86_64-linux-gnu/libcurl.a(libcurl_la-cf-h2-proxy.o): in function `proxy_h2_process_pending_input':
(.text+0xe3): undefined reference to `nghttp2_session_mem_recv'
/usr/bin/ld: (.text+0x1a0): undefined reference to `nghttp2_strerror'
/usr/bin/ld: /usr/lib/x86_64-linux-gnu/libcurl.a(libcurl_la-cf-h2-proxy.o): in function `proxy_h2_on_stream_close':
(.text+0x499): undefined reference to `nghttp2_http2_strerror'
/usr/bin/ld: /usr/lib/x86_64-linux-gnu/libcurl.a(libcurl_la-cf-h2-proxy.o): in function `proxy_h2_progress_egress':
(.text+0x51d): undefined reference to `nghttp2_session_want_write'
/usr/bin/ld: (.text+0x52a): undefined reference to `nghttp2_session_send'
/usr/bin/ld: (.text+0x544): undefined reference to `nghttp2_is_fatal'
/usr/bin/ld: (.text+0x5fd): undefined reference to `nghttp2_strerror'
/usr/bin/ld: /usr/lib/x86_64-linux-gnu/libcurl.a(libcurl_la-cf-h2-proxy.o): in function `cf_h2_proxy_recv':
(.text+0x975): undefined reference to `nghttp2_session_consume'
/usr/bin/ld: (.text+0xd0f): undefined reference to `nghttp2_http2_strerror'
/usr/bin/ld: /usr/lib/x86_64-linux-gnu/libcurl.a(libcurl_la-cf-h2-proxy.o): in function `cf_h2_proxy_send':
(.text+0xead): undefined reference to `nghttp2_session_resume_data'
/usr/bin/ld: (.text+0xeb4): undefined reference to `nghttp2_is_fatal'
/usr/bin/ld: (.text+0xf07): undefined reference to `nghttp2_session_get_stream_remote_window_size'
/usr/bin/ld: (.text+0xf43): undefined reference to `nghttp2_session_get_remote_window_size'
/usr/bin/ld: (.text+0x1064): undefined reference to `nghttp2_session_get_remote_window_size'
/usr/bin/ld: (.text+0x1076): undefined reference to `nghttp2_session_get_stream_remote_window_size'
/usr/bin/ld: (.text+0x1154): undefined reference to `nghttp2_session_want_read'
/usr/bin/ld: (.text+0x121c): undefined reference to `nghttp2_session_want_write'
/usr/bin/ld: /usr/lib/x86_64-linux-gnu/libcurl.a(libcurl_la-cf-h2-proxy.o): in function `cf_h2_proxy_adjust_pollset':
(.text+0x1383): undefined reference to `nghttp2_session_get_remote_window_size'
/usr/bin/ld: (.text+0x140a): undefined reference to `nghttp2_session_get_stream_remote_window_size'
/usr/bin/ld: (.text+0x1424): undefined reference to `nghttp2_session_want_write'
/usr/bin/ld: /usr/lib/x86_64-linux-gnu/libcurl.a(libcurl_la-cf-h2-proxy.o): in function `cf_h2_proxy_ctx_clear':
(.text+0x14c7): undefined reference to `nghttp2_session_del'
/usr/bin/ld: /usr/lib/x86_64-linux-gnu/libcurl.a(libcurl_la-cf-h2-proxy.o): in function `tunnel_send_callback':
(.text+0x1892): undefined reference to `nghttp2_session_get_stream_user_data'
/usr/bin/ld: /usr/lib/x86_64-linux-gnu/libcurl.a(libcurl_la-cf-h2-proxy.o): in function `cf_h2_proxy_is_alive':
(.text+0x22bb): undefined reference to `nghttp2_session_want_read'
/usr/bin/ld: (.text+0x22cf): undefined reference to `nghttp2_session_want_write'
/usr/bin/ld: /usr/lib/x86_64-linux-gnu/libcurl.a(libcurl_la-cf-h2-proxy.o): in function `cf_h2_proxy_connect':
(.text+0x258f): undefined reference to `nghttp2_submit_request'
/usr/bin/ld: (.text+0x28d0): undefined reference to `nghttp2_session_callbacks_new'
/usr/bin/ld: (.text+0x28eb): undefined reference to `nghttp2_session_callbacks_set_send_callback'
/usr/bin/ld: (.text+0x28fe): undefined reference to `nghttp2_session_callbacks_set_on_frame_recv_callback'
/usr/bin/ld: (.text+0x2911): undefined reference to `nghttp2_session_callbacks_set_on_frame_send_callback'
/usr/bin/ld: (.text+0x2924): undefined reference to `nghttp2_session_callbacks_set_on_data_chunk_recv_callback'
/usr/bin/ld: (.text+0x2937): undefined reference to `nghttp2_session_callbacks_set_on_stream_close_callback'
/usr/bin/ld: (.text+0x294a): undefined reference to `nghttp2_session_callbacks_set_on_header_callback'
/usr/bin/ld: (.text+0x296f): undefined reference to `nghttp2_option_new'
/usr/bin/ld: (.text+0x2999): undefined reference to `nghttp2_session_callbacks_del'
/usr/bin/ld: (.text+0x2e62): undefined reference to `nghttp2_strerror'
/usr/bin/ld: (.text+0x2eb5): undefined reference to `nghttp2_option_set_no_auto_window_update'
/usr/bin/ld: (.text+0x2ec6): undefined reference to `nghttp2_option_set_no_rfc9113_leading_and_trailing_ws_validation'
/usr/bin/ld: (.text+0x2ee3): undefined reference to `nghttp2_session_client_new2'
/usr/bin/ld: (.text+0x2ef5): undefined reference to `nghttp2_option_del'
/usr/bin/ld: (.text+0x2f42): undefined reference to `nghttp2_submit_settings'
/usr/bin/ld: (.text+0x2f5b): undefined reference to `nghttp2_session_set_local_window_size'
/usr/bin/ld: (.text+0x2f7b): undefined reference to `nghttp2_session_callbacks_del'
/usr/bin/ld: (.text+0x3101): undefined reference to `nghttp2_strerror'
/usr/bin/ld: (.text+0x312c): undefined reference to `nghttp2_session_callbacks_del'
/usr/bin/ld: (.text+0x31b2): undefined reference to `nghttp2_strerror'
/usr/bin/ld: (.text+0x31d1): undefined reference to `nghttp2_strerror'
/usr/bin/ld: /usr/lib/x86_64-linux-gnu/librtmp.a(rtmp.o): in function `isValidPublicKey':
(.text+0x383): undefined reference to `__gmpz_init2'
/usr/bin/ld: (.text+0x399): undefined reference to `__gmpz_set_ui'
/usr/bin/ld: (.text+0x3a4): undefined reference to `__gmpz_cmp'
/usr/bin/ld: (.text+0x3b3): undefined reference to `__gmpz_set'
/usr/bin/ld: (.text+0x3c3): undefined reference to `__gmpz_sub_ui'
/usr/bin/ld: (.text+0x3ce): undefined reference to `__gmpz_cmp'
/usr/bin/ld: (.text+0x3ec): undefined reference to `__gmpz_powm'
/usr/bin/ld: (.text+0x3f9): undefined reference to `__gmpz_cmp_ui'
/usr/bin/ld: (.text+0x40b): undefined reference to `__gmpz_clear'
/usr/bin/ld: /usr/lib/x86_64-linux-gnu/librtmp.a(rtmp.o): in function `DHGenerateKey':
(.text+0x4e9): undefined reference to `__gmpz_sizeinbase'
/usr/bin/ld: (.text+0x54d): undefined reference to `__gmpz_init2'
/usr/bin/ld: (.text+0x568): undefined reference to `__gmp_randinit_mt'
/usr/bin/ld: (.text+0x573): undefined reference to `__gmp_randseed_ui'
/usr/bin/ld: (.text+0x584): undefined reference to `__gmpz_urandomb'
/usr/bin/ld: (.text+0x58c): undefined reference to `__gmp_randclear'
/usr/bin/ld: (.text+0x5b5): undefined reference to `__gmpz_init2'
/usr/bin/ld: (.text+0x5d2): undefined reference to `__gmpz_powm'
/usr/bin/ld: (.text+0x5ec): undefined reference to `__gmpz_init2'
/usr/bin/ld: (.text+0x5fc): undefined reference to `__gmpz_set_str'
/usr/bin/ld: (.text+0x61f): undefined reference to `__gmpz_clear'
/usr/bin/ld: (.text+0x63d): undefined reference to `__gmpz_clear'
/usr/bin/ld: (.text+0x64f): undefined reference to `__gmpz_clear'
/usr/bin/ld: (.text+0x668): undefined reference to `__gmpz_clear'
/usr/bin/ld: (.text+0x685): undefined reference to `__gmpz_clear'
/usr/bin/ld: /usr/lib/x86_64-linux-gnu/librtmp.a(rtmp.o): in function `InitRC4Encryption.constprop.0':
(.text+0xa04): undefined reference to `nettle_hmac_sha256_set_key'
/usr/bin/ld: (.text+0xa14): undefined reference to `nettle_hmac_sha256_update'
/usr/bin/ld: (.text+0xa28): undefined reference to `nettle_hmac_sha256_digest'
/usr/bin/ld: (.text+0xa5d): undefined reference to `nettle_arcfour_set_key'
/usr/bin/ld: (.text+0xa6d): undefined reference to `nettle_hmac_sha256_set_key'
/usr/bin/ld: (.text+0xa81): undefined reference to `nettle_hmac_sha256_update'
/usr/bin/ld: (.text+0xa91): undefined reference to `nettle_hmac_sha256_digest'
/usr/bin/ld: (.text+0xac7): undefined reference to `nettle_arcfour_set_key'
/usr/bin/ld: /usr/lib/x86_64-linux-gnu/librtmp.a(rtmp.o): in function `DHGetPublicKey.constprop.0':
(.text+0xb25): undefined reference to `__gmpz_sizeinbase'
/usr/bin/ld: (.text+0xb7e): undefined reference to `nettle_mpz_get_str_256'
/usr/bin/ld: /usr/lib/x86_64-linux-gnu/librtmp.a(rtmp.o): in function `DHInit.constprop.0':
(.text+0xbdb): undefined reference to `__gmpz_init2'
/usr/bin/ld: (.text+0xbfc): undefined reference to `__gmpz_init2'
/usr/bin/ld: (.text+0xc10): undefined reference to `__gmpz_set_str'
/usr/bin/ld: (.text+0xc22): undefined reference to `__gmpz_set_ui'
/usr/bin/ld: (.text+0xc44): undefined reference to `__gmpz_clear'
/usr/bin/ld: (.text+0xc55): undefined reference to `__gmpz_clear'
/usr/bin/ld: (.text+0xc67): undefined reference to `__gmpz_clear'
/usr/bin/ld: (.text+0xc79): undefined reference to `__gmpz_clear'
/usr/bin/ld: /usr/lib/x86_64-linux-gnu/librtmp.a(rtmp.o): in function `DHComputeSharedSecretKey.constprop.0':
(.text+0xcd9): undefined reference to `__gmpz_init2'
/usr/bin/ld: (.text+0xce9): undefined reference to `nettle_mpz_set_str_256_u'
/usr/bin/ld: (.text+0xd0c): undefined reference to `__gmpz_init2'
/usr/bin/ld: (.text+0xd20): undefined reference to `__gmpz_set_str'
/usr/bin/ld: (.text+0xd49): undefined reference to `__gmpz_clear'
/usr/bin/ld: (.text+0xd59): undefined reference to `__gmpz_clear'
/usr/bin/ld: (.text+0xd8a): undefined reference to `__gmpz_sizeinbase'
/usr/bin/ld: (.text+0xdc0): undefined reference to `__gmpz_init2'
/usr/bin/ld: (.text+0xdd9): undefined reference to `__gmpz_powm'
/usr/bin/ld: (.text+0xde9): undefined reference to `nettle_mpz_get_str_256'
/usr/bin/ld: (.text+0xdf1): undefined reference to `__gmpz_clear'
/usr/bin/ld: /usr/lib/x86_64-linux-gnu/librtmp.a(rtmp.o): in function `CalculateDigest':
(.text+0x123e): undefined reference to `nettle_hmac_sha256_set_key'
/usr/bin/ld: (.text+0x124e): undefined reference to `nettle_hmac_sha256_update'
/usr/bin/ld: (.text+0x1262): undefined reference to `nettle_hmac_sha256_digest'
/usr/bin/ld: /usr/lib/x86_64-linux-gnu/librtmp.a(rtmp.o): in function `CloseInternal':
(.text+0x2ef0): undefined reference to `__gmpz_clear'
/usr/bin/ld: (.text+0x2f0f): undefined reference to `__gmpz_clear'
/usr/bin/ld: (.text+0x2f2f): undefined reference to `__gmpz_clear'
/usr/bin/ld: (.text+0x2f4f): undefined reference to `__gmpz_clear'
/usr/bin/ld: /usr/lib/x86_64-linux-gnu/librtmp.a(rtmp.o): in function `WriteN':
(.text+0x3109): undefined reference to `nettle_arcfour_crypt'
/usr/bin/ld: /usr/lib/x86_64-linux-gnu/librtmp.a(rtmp.o): in function `ReadN':
(.text+0x4b4a): undefined reference to `nettle_arcfour_crypt'
/usr/bin/ld: /usr/lib/x86_64-linux-gnu/librtmp.a(rtmp.o): in function `SHandShake':
(.text+0x5a06): undefined reference to `nettle_hmac_sha256_set_key'
/usr/bin/ld: (.text+0x5a1d): undefined reference to `nettle_hmac_sha256_update'
/usr/bin/ld: (.text+0x5a31): undefined reference to `nettle_hmac_sha256_digest'
/usr/bin/ld: (.text+0x5a45): undefined reference to `nettle_hmac_sha256_set_key'
/usr/bin/ld: (.text+0x5a55): undefined reference to `nettle_hmac_sha256_update'
/usr/bin/ld: (.text+0x5a73): undefined reference to `nettle_hmac_sha256_digest'
/usr/bin/ld: (.text+0x5c4b): undefined reference to `nettle_hmac_sha256_set_key'
/usr/bin/ld: (.text+0x5c5f): undefined reference to `nettle_hmac_sha256_update'
/usr/bin/ld: (.text+0x5c73): undefined reference to `nettle_hmac_sha256_digest'
/usr/bin/ld: (.text+0x5e2d): undefined reference to `nettle_hmac_sha256_set_key'
/usr/bin/ld: (.text+0x5e4b): undefined reference to `nettle_hmac_sha256_update'
/usr/bin/ld: (.text+0x5e5b): undefined reference to `nettle_hmac_sha256_digest'
/usr/bin/ld: (.text+0x5e6b): undefined reference to `nettle_hmac_sha256_set_key'
/usr/bin/ld: (.text+0x5e7b): undefined reference to `nettle_hmac_sha256_update'
/usr/bin/ld: (.text+0x5e99): undefined reference to `nettle_hmac_sha256_digest'
/usr/bin/ld: (.text+0x5fe6): undefined reference to `nettle_arcfour_crypt'
/usr/bin/ld: (.text+0x600a): undefined reference to `nettle_arcfour_crypt'
/usr/bin/ld: /usr/lib/x86_64-linux-gnu/librtmp.a(rtmp.o): in function `HandShake.constprop.0':
(.text+0x6722): undefined reference to `nettle_hmac_sha256_set_key'
/usr/bin/ld: (.text+0x673e): undefined reference to `nettle_hmac_sha256_update'
/usr/bin/ld: (.text+0x674e): undefined reference to `nettle_hmac_sha256_digest'
/usr/bin/ld: (.text+0x675e): undefined reference to `nettle_hmac_sha256_set_key'
/usr/bin/ld: (.text+0x6772): undefined reference to `nettle_hmac_sha256_update'
/usr/bin/ld: (.text+0x6782): undefined reference to `nettle_hmac_sha256_digest'
/usr/bin/ld: (.text+0x6989): undefined reference to `nettle_hmac_sha256_set_key'
/usr/bin/ld: (.text+0x69a7): undefined reference to `nettle_hmac_sha256_update'
/usr/bin/ld: (.text+0x69b7): undefined reference to `nettle_hmac_sha256_digest'
/usr/bin/ld: (.text+0x69c7): undefined reference to `nettle_hmac_sha256_set_key'
/usr/bin/ld: (.text+0x69db): undefined reference to `nettle_hmac_sha256_update'
/usr/bin/ld: (.text+0x69f9): undefined reference to `nettle_hmac_sha256_digest'
/usr/bin/ld: (.text+0x6ac2): undefined reference to `nettle_hmac_sha256_set_key'
/usr/bin/ld: (.text+0x6ad6): undefined reference to `nettle_hmac_sha256_update'
/usr/bin/ld: (.text+0x6aea): undefined reference to `nettle_hmac_sha256_digest'
/usr/bin/ld: (.text+0x6d5b): undefined reference to `nettle_arcfour_crypt'
/usr/bin/ld: (.text+0x6d7f): undefined reference to `nettle_arcfour_crypt'
/usr/bin/ld: /usr/lib/x86_64-linux-gnu/librtmp.a(rtmp.o): in function `HandleInvoke':
(.text+0x8f15): undefined reference to `nettle_md5_init'
/usr/bin/ld: (.text+0x8f2e): undefined reference to `nettle_md5_update'
/usr/bin/ld: (.text+0x8f47): undefined reference to `nettle_md5_update'
/usr/bin/ld: (.text+0x8f6b): undefined reference to `nettle_md5_update'
/usr/bin/ld: (.text+0x8f7f): undefined reference to `nettle_md5_digest'
/usr/bin/ld: (.text+0x8fd5): undefined reference to `nettle_base64_encode_raw'
/usr/bin/ld: (.text+0x9029): undefined reference to `nettle_base64_encode_raw'
/usr/bin/ld: (.text+0x905b): undefined reference to `nettle_md5_init'
/usr/bin/ld: (.text+0x906f): undefined reference to `nettle_md5_update'
/usr/bin/ld: (.text+0x90a5): undefined reference to `nettle_md5_update'
/usr/bin/ld: (.text+0x90b9): undefined reference to `nettle_md5_digest'
/usr/bin/ld: (.text+0x9118): undefined reference to `nettle_base64_encode_raw'
/usr/bin/ld: (.text+0x91f3): undefined reference to `nettle_md5_update'
/usr/bin/ld: (.text+0x920b): undefined reference to `nettle_md5_update'
/usr/bin/ld: (.text+0x921f): undefined reference to `nettle_md5_digest'
/usr/bin/ld: (.text+0x9436): undefined reference to `nettle_md5_init'
/usr/bin/ld: (.text+0x9459): undefined reference to `nettle_md5_update'
/usr/bin/ld: (.text+0x9469): undefined reference to `nettle_md5_update'
/usr/bin/ld: (.text+0x9487): undefined reference to `nettle_md5_update'
/usr/bin/ld: (.text+0x9497): undefined reference to `nettle_md5_update'
/usr/bin/ld: (.text+0x94bb): undefined reference to `nettle_md5_update'
/usr/bin/ld: (.text+0x94cf): undefined reference to `nettle_md5_digest'
/usr/bin/ld: (.text+0x95d1): undefined reference to `nettle_md5_init'
/usr/bin/ld: (.text+0x95f3): undefined reference to `nettle_md5_update'
/usr/bin/ld: (.text+0x960b): undefined reference to `nettle_md5_update'
/usr/bin/ld: (.text+0x9621): undefined reference to `nettle_md5_update'
/usr/bin/ld: (.text+0x9657): undefined reference to `nettle_md5_update'
/usr/bin/ld: (.text+0x96f9): undefined reference to `nettle_md5_digest'
/usr/bin/ld: (.text+0x97d1): undefined reference to `nettle_md5_init'
/usr/bin/ld: (.text+0x97e9): undefined reference to `nettle_md5_update'
/usr/bin/ld: (.text+0x97fd): undefined reference to `nettle_md5_update'
/usr/bin/ld: (.text+0x9828): undefined reference to `nettle_md5_update'
/usr/bin/ld: (.text+0x983c): undefined reference to `nettle_md5_update'
/usr/bin/ld: (.text+0x9854): undefined reference to `nettle_md5_update'
/usr/bin/ld: /usr/lib/x86_64-linux-gnu/librtmp.a(rtmp.o):(.text+0x9868): more undefined references to `nettle_md5_update' follow
/usr/bin/ld: /usr/lib/x86_64-linux-gnu/librtmp.a(rtmp.o): in function `HandleInvoke':
(.text+0x98ed): undefined reference to `nettle_md5_digest'
/usr/bin/ld: (.text+0x9a5c): undefined reference to `nettle_md5_update'
/usr/bin/ld: /usr/lib/x86_64-linux-gnu/librtmp.a(hashswf.o): in function `swfcrunch':
(.text+0x7f): undefined reference to `nettle_hmac_sha256_update'
/usr/bin/ld: (.text+0xe0): undefined reference to `nettle_hmac_sha256_update'
/usr/bin/ld: (.text+0x137): undefined reference to `nettle_hmac_sha256_update'
/usr/bin/ld: /usr/lib/x86_64-linux-gnu/librtmp.a(hashswf.o): in function `RTMP_HashSWF':
(.text+0xbdd): undefined reference to `nettle_hmac_sha256_set_key'
/usr/bin/ld: (.text+0xf87): undefined reference to `nettle_hmac_sha256_digest'
/usr/bin/ld: (.text+0x1444): undefined reference to `nettle_hmac_sha256_set_key'
/usr/bin/ld: /usr/lib/x86_64-linux-gnu/libidn2.a(lookup.o): in function `idn2_lookup_u8':
(.text+0x88): undefined reference to `u8_strlen'
/usr/bin/ld: (.text+0x99): undefined reference to `u8_to_u32'
/usr/bin/ld: (.text+0x496): undefined reference to `uninorm_nfc'
/usr/bin/ld: (.text+0x4a1): undefined reference to `u32_normalize'
/usr/bin/ld: (.text+0x830): undefined reference to `u32_to_u8'
/usr/bin/ld: (.text+0x8c1): undefined reference to `u32_cmp'
/usr/bin/ld: (.text+0xa5a): undefined reference to `u32_to_u8'
/usr/bin/ld: (.text+0xb2e): undefined reference to `u32_to_u8'
/usr/bin/ld: /usr/lib/x86_64-linux-gnu/libidn2.a(lookup.o): in function `idn2_to_ascii_4i2.part.0':
(.text+0xce7): undefined reference to `u32_cpy'
/usr/bin/ld: (.text+0xd01): undefined reference to `u32_to_u8'
/usr/bin/ld: /usr/lib/x86_64-linux-gnu/libidn2.a(lookup.o): in function `idn2_lookup_ul':
(.text+0xdbd): undefined reference to `u8_strconv_from_encoding'
/usr/bin/ld: /usr/lib/x86_64-linux-gnu/libidn2.a(lookup.o): in function `idn2_to_ascii_4z':
(.text+0xfb3): undefined reference to `u32_strlen'
/usr/bin/ld: (.text+0xfc5): undefined reference to `u32_to_u8'
/usr/bin/ld: /usr/lib/x86_64-linux-gnu/libidn2.a(decode.o): in function `idn2_to_unicode_8z4z':
(.text+0xb6): undefined reference to `u8_to_u32'
/usr/bin/ld: (.text+0xfa): undefined reference to `u32_cpy'
/usr/bin/ld: (.text+0x136): undefined reference to `u32_cpy_alloc'
/usr/bin/ld: (.text+0x1dd): undefined reference to `u32_cpy'
/usr/bin/ld: /usr/lib/x86_64-linux-gnu/libidn2.a(decode.o): in function `idn2_to_unicode_4z4z.part.0':
(.text+0x286): undefined reference to `u32_strlen'
/usr/bin/ld: (.text+0x298): undefined reference to `u32_to_u8'
/usr/bin/ld: /usr/lib/x86_64-linux-gnu/libidn2.a(decode.o): in function `idn2_to_unicode_44i':
(.text+0x3a6): undefined reference to `u32_cpy'
/usr/bin/ld: (.text+0x3da): undefined reference to `u32_strlen'
/usr/bin/ld: (.text+0x43a): undefined reference to `u32_cpy'
/usr/bin/ld: /usr/lib/x86_64-linux-gnu/libidn2.a(decode.o): in function `idn2_to_unicode_8z8z':
(.text+0x4b0): undefined reference to `u32_strlen'
/usr/bin/ld: (.text+0x4c2): undefined reference to `u32_to_u8'
/usr/bin/ld: /usr/lib/x86_64-linux-gnu/libidn2.a(decode.o): in function `idn2_to_unicode_8zlz':
(.text+0x58c): undefined reference to `u8_strconv_to_encoding'
/usr/bin/ld: /usr/lib/x86_64-linux-gnu/libidn2.a(decode.o): in function `idn2_to_unicode_lzlz':
(.text+0x61d): undefined reference to `u8_strconv_from_encoding'
/usr/bin/ld: /usr/lib/x86_64-linux-gnu/libidn2.a(idna.o): in function `_idn2_u8_to_u32_nfc':
(.text+0x36): undefined reference to `u8_to_u32'
/usr/bin/ld: (.text+0xa6): undefined reference to `uc_combining_class'
/usr/bin/ld: (.text+0xbf): undefined reference to `uninorm_nfc'
/usr/bin/ld: (.text+0xcb): undefined reference to `u32_normalize'
/usr/bin/ld: /usr/lib/x86_64-linux-gnu/libidn2.a(idna.o): in function `_idn2_label_test':
(.text+0x459): undefined reference to `UC_CATEGORY_M'
/usr/bin/ld: (.text+0x460): undefined reference to `UC_CATEGORY_M'
/usr/bin/ld: (.text+0x465): undefined reference to `uc_is_general_category'
/usr/bin/ld: (.text+0x489): undefined reference to `uninorm_nfc'
/usr/bin/ld: (.text+0x48e): undefined reference to `u32_normalize'
/usr/bin/ld: /usr/lib/x86_64-linux-gnu/libidn2.a(bidi.o): in function `_idn2_bidi':
(.text+0x38): undefined reference to `uc_bidi_category'
/usr/bin/ld: (.text+0x6d): undefined reference to `uc_bidi_category'
/usr/bin/ld: (.text+0xaf): undefined reference to `uc_bidi_category'
/usr/bin/ld: (.text+0x12a): undefined reference to `uc_bidi_category'
/usr/bin/ld: /usr/lib/x86_64-linux-gnu/libidn2.a(context.o): in function `_idn2_contextj_rule':
(.text+0x67): undefined reference to `uc_combining_class'
/usr/bin/ld: (.text+0xa3): undefined reference to `uc_combining_class'
/usr/bin/ld: (.text+0xce): undefined reference to `uc_joining_type'
/usr/bin/ld: (.text+0x10b): undefined reference to `uc_joining_type'
/usr/bin/ld: /usr/lib/x86_64-linux-gnu/libidn2.a(context.o): in function `_idn2_contexto_rule':
(.text+0x1af): undefined reference to `uc_script'
/usr/bin/ld: (.text+0x216): undefined reference to `uc_script'
/usr/bin/ld: (.text+0x343): undefined reference to `uc_script'
/usr/bin/ld: /usr/lib/x86_64-linux-gnu/libldap.a(cyrus.o): in function `sb_sasl_cyrus_decode':
(.text+0x71): undefined reference to `sasl_decode'
/usr/bin/ld: (.text+0xa2): undefined reference to `sasl_errstring'
/usr/bin/ld: /usr/lib/x86_64-linux-gnu/libldap.a(cyrus.o): in function `sb_sasl_cyrus_encode':
(.text+0x118): undefined reference to `sasl_encode'
/usr/bin/ld: (.text+0x149): undefined reference to `sasl_errstring'
/usr/bin/ld: /usr/lib/x86_64-linux-gnu/libldap.a(cyrus.o): in function `sb_sasl_cyrus_init':
(.text+0x1b7): undefined reference to `sasl_getprop'
/usr/bin/ld: /usr/lib/x86_64-linux-gnu/libldap.a(cyrus.o): in function `ldap_int_sasl_init':
(.text+0x325): undefined reference to `sasl_set_mutex'
/usr/bin/ld: (.text+0x32c): undefined reference to `sasl_client_init'
/usr/bin/ld: /usr/lib/x86_64-linux-gnu/libldap.a(cyrus.o): in function `ldap_int_sasl_open':
(.text+0x401): undefined reference to `sasl_client_new'
/usr/bin/ld: /usr/lib/x86_64-linux-gnu/libldap.a(cyrus.o): in function `ldap_int_sasl_close':
(.text+0x4f4): undefined reference to `sasl_dispose'
/usr/bin/ld: (.text+0x50f): undefined reference to `sasl_dispose'
/usr/bin/ld: /usr/lib/x86_64-linux-gnu/libldap.a(cyrus.o): in function `ldap_int_sasl_bind':
(.text+0x97b): undefined reference to `sasl_client_step'
/usr/bin/ld: (.text+0x9fb): undefined reference to `sasl_getprop'
/usr/bin/ld: (.text+0xa4b): undefined reference to `sasl_getprop'
/usr/bin/ld: (.text+0xbb1): undefined reference to `sasl_dispose'
/usr/bin/ld: (.text+0xcd0): undefined reference to `sasl_setprop'
/usr/bin/ld: (.text+0xcef): undefined reference to `sasl_setprop'
/usr/bin/ld: (.text+0xd44): undefined reference to `sasl_setprop'
/usr/bin/ld: (.text+0xd9f): undefined reference to `sasl_client_start'
/usr/bin/ld: (.text+0xe2a): undefined reference to `sasl_errdetail'
/usr/bin/ld: (.text+0xf23): undefined reference to `sasl_getprop'
/usr/bin/ld: (.text+0xf73): undefined reference to `sasl_dispose'
/usr/bin/ld: (.text+0x10c7): undefined reference to `sasl_setprop'
/usr/bin/ld: (.text+0x1209): undefined reference to `sasl_setprop'
/usr/bin/ld: (.text+0x1225): undefined reference to `sasl_setprop'
/usr/bin/ld: /usr/lib/x86_64-linux-gnu/libldap.a(cyrus.o): in function `ldap_int_sasl_external':
(.text+0x12aa): undefined reference to `sasl_setprop'
/usr/bin/ld: (.text+0x12be): undefined reference to `sasl_setprop'
/usr/bin/ld: /usr/lib/x86_64-linux-gnu/libldap.a(cyrus.o): in function `ldap_int_sasl_get_option':
(.text+0x191f): undefined reference to `sasl_getprop'
/usr/bin/ld: (.text+0x19c4): undefined reference to `sasl_getprop'
/usr/bin/ld: (.text+0x19fe): undefined reference to `sasl_getprop'
/usr/bin/ld: (.text+0x1a21): undefined reference to `sasl_global_listmech'
/usr/bin/ld: /usr/lib/x86_64-linux-gnu/libldap.a(cyrus.o): in function `ldap_int_sasl_set_option':
(.text+0x1ab5): undefined reference to `sasl_setprop'
/usr/bin/ld: (.text+0x1b83): undefined reference to `sasl_setprop'
/usr/bin/ld: /usr/lib/x86_64-linux-gnu/libgnutls.a(cipher.o): in function `_gnutls_encrypt':
(.text+0x222): undefined reference to `nettle_memxor'
/usr/bin/ld: (.text+0x4c9): undefined reference to `nettle_memxor'
/usr/bin/ld: /usr/lib/x86_64-linux-gnu/libgnutls.a(cipher.o): in function `_gnutls_decrypt':
(.text+0x107c): undefined reference to `nettle_memxor'
/usr/bin/ld: (.text+0x1560): undefined reference to `nettle_memxor'
/usr/bin/ld: /usr/lib/x86_64-linux-gnu/libgnutls.a(dh.o): in function `gnutls_dh_params_import_pkcs3':
(.text+0xc73): undefined reference to `asn1_create_element'
/usr/bin/ld: (.text+0xcdd): undefined reference to `asn1_der_decoding'
/usr/bin/ld: (.text+0xcfb): undefined reference to `asn1_delete_structure'
/usr/bin/ld: (.text+0xd9f): undefined reference to `asn1_delete_structure'
/usr/bin/ld: (.text+0xddf): undefined reference to `asn1_create_element'
/usr/bin/ld: (.text+0xdfa): undefined reference to `asn1_der_decoding'
/usr/bin/ld: (.text+0xed4): undefined reference to `asn1_delete_structure'
/usr/bin/ld: (.text+0xef4): undefined reference to `asn1_delete_structure'
/usr/bin/ld: (.text+0xf9a): undefined reference to `asn1_delete_structure'
/usr/bin/ld: (.text+0xfc1): undefined reference to `asn1_delete_structure'
/usr/bin/ld: /usr/lib/x86_64-linux-gnu/libgnutls.a(dh.o): in function `gnutls_dh_params_export2_pkcs3':
(.text+0x111f): undefined reference to `asn1_create_element'
/usr/bin/ld: (.text+0x11a2): undefined reference to `asn1_write_value'
/usr/bin/ld: (.text+0x11e7): undefined reference to `asn1_write_value'
/usr/bin/ld: (.text+0x1224): undefined reference to `asn1_delete_structure'
/usr/bin/ld: (.text+0x125c): undefined reference to `asn1_write_value'
/usr/bin/ld: (.text+0x12be): undefined reference to `asn1_delete_structure'
/usr/bin/ld: (.text+0x12fe): undefined reference to `asn1_delete_structure'
/usr/bin/ld: (.text+0x133c): undefined reference to `asn1_delete_structure'
/usr/bin/ld: (.text+0x1442): undefined reference to `asn1_delete_structure'
/usr/bin/ld: /usr/lib/x86_64-linux-gnu/libgnutls.a(x509_b64.o): in function `_gnutls_fbase64_encode':
(.text+0x1a2): undefined reference to `nettle_base64_encode_raw'
/usr/bin/ld: /usr/lib/x86_64-linux-gnu/libgnutls.a(x509_b64.o): in function `_gnutls_base64_decode':
(.text+0x8fb): undefined reference to `nettle_base64_decode_init'
/usr/bin/ld: (.text+0x938): undefined reference to `nettle_base64_decode_update'
/usr/bin/ld: (.text+0xa07): undefined reference to `nettle_base64_decode_final'
/usr/bin/ld: /usr/lib/x86_64-linux-gnu/libgnutls.a(mpi.o): in function `__gnutls_x509_write_int':
(.text+0xb7): undefined reference to `asn1_write_value'
/usr/bin/ld: /usr/lib/x86_64-linux-gnu/libgnutls.a(mpi.o): in function `__gnutls_x509_read_int':
(.text+0x72e): undefined reference to `asn1_read_value'
/usr/bin/ld: (.text+0x7a3): undefined reference to `asn1_read_value'
/usr/bin/ld: /usr/lib/x86_64-linux-gnu/libgnutls.a(pk.o): in function `_gnutls_encode_ber_rs_raw':
(.text+0x43): undefined reference to `asn1_create_element'
/usr/bin/ld: (.text+0x7b): undefined reference to `asn1_write_value'
/usr/bin/ld: (.text+0xcb): undefined reference to `asn1_write_value'
/usr/bin/ld: (.text+0x115): undefined reference to `asn1_delete_structure'
/usr/bin/ld: (.text+0x1a3): undefined reference to `asn1_write_value'
/usr/bin/ld: (.text+0x1d2): undefined reference to `asn1_write_value'
/usr/bin/ld: /usr/lib/x86_64-linux-gnu/libgnutls.a(pk.o): in function `_gnutls_encode_ber_rs':
(.text+0x403): undefined reference to `asn1_create_element'
/usr/bin/ld: (.text+0x4ba): undefined reference to `asn1_delete_structure'
/usr/bin/ld: (.text+0x4f6): undefined reference to `asn1_delete_structure'
/usr/bin/ld: /usr/lib/x86_64-linux-gnu/libgnutls.a(pk.o): in function `_gnutls_decode_ber_rs':
(.text+0x5e3): undefined reference to `asn1_create_element'
/usr/bin/ld: (.text+0x64f): undefined reference to `asn1_der_decoding'
/usr/bin/ld: (.text+0x66d): undefined reference to `asn1_delete_structure'
/usr/bin/ld: (.text+0x6b8): undefined reference to `asn1_delete_structure'
/usr/bin/ld: (.text+0x6d9): undefined reference to `asn1_delete_structure'
/usr/bin/ld: /usr/lib/x86_64-linux-gnu/libgnutls.a(pk.o): in function `_gnutls_decode_ber_rs_raw':
(.text+0x813): undefined reference to `asn1_create_element'
/usr/bin/ld: (.text+0x87f): undefined reference to `asn1_der_decoding'
/usr/bin/ld: (.text+0x89d): undefined reference to `asn1_delete_structure'
/usr/bin/ld: (.text+0x8e8): undefined reference to `asn1_delete_structure'
/usr/bin/ld: (.text+0x909): undefined reference to `asn1_delete_structure'
/usr/bin/ld: /usr/lib/x86_64-linux-gnu/libgnutls.a(pk.o): in function `encode_ber_digest_info':
(.text+0x14ac): undefined reference to `asn1_create_element'
/usr/bin/ld: (.text+0x1514): undefined reference to `asn1_write_value'
/usr/bin/ld: (.text+0x1538): undefined reference to `asn1_delete_structure'
/usr/bin/ld: (.text+0x1568): undefined reference to `asn1_write_value'
/usr/bin/ld: (.text+0x15a5): undefined reference to `asn1_write_value'
/usr/bin/ld: (.text+0x1612): undefined reference to `asn1_der_coding'
/usr/bin/ld: (.text+0x1649): undefined reference to `asn1_der_coding'
/usr/bin/ld: (.text+0x16f0): undefined reference to `asn1_delete_structure'
/usr/bin/ld: (.text+0x17eb): undefined reference to `asn1_delete_structure'
/usr/bin/ld: /usr/lib/x86_64-linux-gnu/libgnutls.a(pk.o): in function `gnutls_decode_ber_digest_info':
(.text+0x18f7): undefined reference to `asn1_create_element'
/usr/bin/ld: (.text+0x195d): undefined reference to `asn1_der_decoding'
/usr/bin/ld: (.text+0x197d): undefined reference to `asn1_delete_structure'
/usr/bin/ld: (.text+0x19cc): undefined reference to `asn1_read_value'
/usr/bin/ld: (.text+0x1a12): undefined reference to `asn1_read_value'
/usr/bin/ld: (.text+0x1a5f): undefined reference to `asn1_read_value'
/usr/bin/ld: (.text+0x1a8b): undefined reference to `asn1_delete_structure'
/usr/bin/ld: (.text+0x1ad8): undefined reference to `asn1_delete_structure'
/usr/bin/ld: (.text+0x1b4c): undefined reference to `asn1_delete_structure'
/usr/bin/ld: (.text+0x1bf6): undefined reference to `asn1_delete_structure'
/usr/bin/ld: (.text+0x1c12): undefined reference to `asn1_delete_structure'
/usr/bin/ld: /usr/lib/x86_64-linux-gnu/libgnutls.a(str.o): in function `_gnutls_buffer_base64print':
(.text+0x1f1b): undefined reference to `nettle_base64_encode_raw'
/usr/bin/ld: /usr/lib/x86_64-linux-gnu/libgnutls.a(str-idna.o): in function `gnutls_idna_map':
(.text+0x24a): undefined reference to `idn2_strerror'
/usr/bin/ld: /usr/lib/x86_64-linux-gnu/libgnutls.a(str-idna.o): in function `gnutls_idna_reverse_map':
(.text+0x419): undefined reference to `idn2_strerror'
/usr/bin/ld: /usr/lib/x86_64-linux-gnu/libgnutls.a(pubkey.o): in function `_gnutls_pubkey_parse_ecc_eddsa_params':
(.text+0x911): undefined reference to `asn1_create_element'
/usr/bin/ld: (.text+0x97f): undefined reference to `asn1_der_decoding'
/usr/bin/ld: (.text+0x9ae): undefined reference to `asn1_delete_structure'
/usr/bin/ld: (.text+0x9ed): undefined reference to `asn1_read_value'
/usr/bin/ld: (.text+0xb0b): undefined reference to `asn1_read_value'
/usr/bin/ld: (.text+0xbd1): undefined reference to `asn1_read_value'
/usr/bin/ld: /usr/lib/x86_64-linux-gnu/libgnutls.a(pubkey.o): in function `gnutls_pubkey_export':
(.text+0xd17): undefined reference to `asn1_create_element'
/usr/bin/ld: (.text+0xdb7): undefined reference to `asn1_delete_structure'
/usr/bin/ld: /usr/lib/x86_64-linux-gnu/libgnutls.a(pubkey.o): in function `gnutls_pubkey_export2':
(.text+0xf04): undefined reference to `asn1_create_element'
/usr/bin/ld: (.text+0xfa4): undefined reference to `asn1_delete_structure'
/usr/bin/ld: /usr/lib/x86_64-linux-gnu/libgnutls.a(pubkey.o): in function `gnutls_pubkey_import':
(.text+0x1d2f): undefined reference to `asn1_create_element'
/usr/bin/ld: (.text+0x1d5b): undefined reference to `asn1_delete_structure'
/usr/bin/ld: (.text+0x1db2): undefined reference to `asn1_der_decoding2'
/usr/bin/ld: /usr/lib/x86_64-linux-gnu/libgnutls.a(pubkey.o): in function `gnutls_pubkey_import_pkcs11':
(.text+0x2c09): undefined reference to `asn1_create_element'
/usr/bin/ld: (.text+0x2dad): undefined reference to `asn1_der_decoding'
/usr/bin/ld: (.text+0x2de2): undefined reference to `asn1_delete_structure'
/usr/bin/ld: (.text+0x2e54): undefined reference to `asn1_delete_structure'
/usr/bin/ld: (.text+0x2ecd): undefined reference to `asn1_read_value'
/usr/bin/ld: (.text+0x2f48): undefined reference to `asn1_delete_structure'
/usr/bin/ld: (.text+0x3043): undefined reference to `asn1_read_value'
/usr/bin/ld: (.text+0x30b9): undefined reference to `asn1_read_value'
/usr/bin/ld: (.text+0x31e0): undefined reference to `asn1_delete_structure'
/usr/bin/ld: (.text+0x31ed): undefined reference to `asn1_delete_structure'
/usr/bin/ld: (.text+0x328c): undefined reference to `asn1_delete_structure'
/usr/bin/ld: /usr/lib/x86_64-linux-gnu/libgnutls.a(pkcs11.o): in function `_gnutls_pkcs11_reinit':
(.text+0x53): undefined reference to `p11_kit_module_initialize'
/usr/bin/ld: (.text+0x84): undefined reference to `p11_kit_strerror'
/usr/bin/ld: /usr/lib/x86_64-linux-gnu/libgnutls.a(pkcs11.o): in function `add_obj_attrs':
(.text+0xfa): undefined reference to `p11_kit_uri_get_attribute'
/usr/bin/ld: (.text+0x129): undefined reference to `p11_kit_uri_get_attribute'
/usr/bin/ld: (.text+0x165): undefined reference to `p11_kit_uri_get_attribute'
/usr/bin/ld: /usr/lib/x86_64-linux-gnu/libgnutls.a(pkcs11.o): in function `find_flags_cb':
(.text+0x286): undefined reference to `p11_kit_uri_match_token_info'
/usr/bin/ld: (.text+0x295): undefined reference to `p11_kit_uri_match_module_info'
/usr/bin/ld: (.text+0x2a2): undefined reference to `p11_kit_module_get_flags'
/usr/bin/ld: /usr/lib/x86_64-linux-gnu/libgnutls.a(pkcs11.o): in function `find_token_num_cb':
(.text+0x355): undefined reference to `p11_kit_uri_get_token_info'
/usr/bin/ld: (.text+0x3ef): undefined reference to `p11_kit_uri_get_module_info'
/usr/bin/ld: /usr/lib/x86_64-linux-gnu/libgnutls.a(pkcs11.o): in function `pkcs11_obj_import':
(.text+0x528): undefined reference to `p11_kit_uri_set_attribute'
/usr/bin/ld: (.text+0x551): undefined reference to `p11_kit_uri_get_token_info'
/usr/bin/ld: (.text+0x5eb): undefined reference to `p11_kit_uri_get_module_info'
/usr/bin/ld: (.text+0x75b): undefined reference to `p11_kit_uri_set_attribute'
/usr/bin/ld: (.text+0x79b): undefined reference to `p11_kit_uri_set_attribute'
/usr/bin/ld: /usr/lib/x86_64-linux-gnu/libgnutls.a(pkcs11.o): in function `find_token_modname_cb':
(.text+0x857): undefined reference to `p11_kit_uri_match_token_info'
/usr/bin/ld: (.text+0x866): undefined reference to `p11_kit_uri_match_module_info'
/usr/bin/ld: (.text+0x879): undefined reference to `p11_kit_config_option'
/usr/bin/ld: /usr/lib/x86_64-linux-gnu/libgnutls.a(pkcs11.o): in function `pkcs11_add_module':
(.text+0xa39): undefined reference to `p11_kit_module_get_flags'
/usr/bin/ld: /usr/lib/x86_64-linux-gnu/libgnutls.a(pkcs11.o): in function `auto_load':
(.text+0xb61): undefined reference to `p11_kit_modules_load_and_initialize'
/usr/bin/ld: (.text+0xb96): undefined reference to `p11_kit_module_get_name'
/usr/bin/ld: (.text+0xc99): undefined reference to `p11_kit_message'
/usr/bin/ld: /usr/lib/x86_64-linux-gnu/libgnutls.a(pkcs11.o): in function `retrieve_pin_from_callback':
(.text+0xe32): undefined reference to `p11_kit_space_strdup'
/usr/bin/ld: (.text+0xe43): undefined reference to `p11_kit_uri_new'
/usr/bin/ld: (.text+0xe57): undefined reference to `p11_kit_uri_get_token_info'
/usr/bin/ld: (.text+0xf09): undefined reference to `p11_kit_uri_format'
/usr/bin/ld: (.text+0xf19): undefined reference to `p11_kit_uri_free'
/usr/bin/ld: (.text+0xfa9): undefined reference to `p11_kit_pin_new_for_string'
/usr/bin/ld: (.text+0x10b1): undefined reference to `p11_kit_uri_free'
/usr/bin/ld: /usr/lib/x86_64-linux-gnu/libgnutls.a(pkcs11.o): in function `find_obj_session_cb':
(.text+0x13ad): undefined reference to `p11_kit_uri_match_token_info'
/usr/bin/ld: (.text+0x13c5): undefined reference to `p11_kit_uri_match_module_info'
/usr/bin/ld: /usr/lib/x86_64-linux-gnu/libgnutls.a(pkcs11.o): in function `gnutls_pkcs11_add_provider':
(.text+0x23ac): undefined reference to `p11_kit_module_load'
/usr/bin/ld: (.text+0x2411): undefined reference to `p11_kit_module_release'
/usr/bin/ld: (.text+0x2454): undefined reference to `p11_kit_module_release'
/usr/bin/ld: (.text+0x2494): undefined reference to `p11_kit_module_initialize'
/usr/bin/ld: (.text+0x24a4): undefined reference to `p11_kit_module_finalize'
/usr/bin/ld: /usr/lib/x86_64-linux-gnu/libgnutls.a(pkcs11.o): in function `pkcs11_get_info':
(.text+0x27a1): undefined reference to `p11_kit_uri_get_module_info'
/usr/bin/ld: (.text+0x2839): undefined reference to `p11_kit_uri_get_token_info'
/usr/bin/ld: (.text+0x2861): undefined reference to `p11_kit_uri_get_module_info'
/usr/bin/ld: (.text+0x287a): undefined reference to `p11_kit_space_strlen'
/usr/bin/ld: (.text+0x2891): undefined reference to `p11_kit_uri_get_module_info'
/usr/bin/ld: (.text+0x28a1): undefined reference to `p11_kit_uri_get_token_info'
/usr/bin/ld: (.text+0x28b1): undefined reference to `p11_kit_uri_get_token_info'
/usr/bin/ld: (.text+0x28c1): undefined reference to `p11_kit_uri_get_token_info'
/usr/bin/ld: (.text+0x28d6): undefined reference to `p11_kit_uri_get_attribute'
/usr/bin/ld: (.text+0x2906): undefined reference to `p11_kit_uri_get_attribute'
/usr/bin/ld: (.text+0x2956): undefined reference to `p11_kit_uri_get_attribute'
/usr/bin/ld: /usr/lib/x86_64-linux-gnu/libgnutls.a(pkcs11.o): in function `gnutls_pkcs11_init':
(.text+0x2a39): undefined reference to `p11_kit_pin_file_callback'
/usr/bin/ld: (.text+0x2a57): undefined reference to `p11_kit_pin_register_callback'
/usr/bin/ld: /usr/lib/x86_64-linux-gnu/libgnutls.a(pkcs11.o): in function `gnutls_pkcs11_deinit':
(.text+0x2ec1): undefined reference to `p11_kit_module_release'
/usr/bin/ld: (.text+0x2ee3): undefined reference to `p11_kit_module_finalize'
/usr/bin/ld: (.text+0x2f18): undefined reference to `p11_kit_pin_file_callback'
/usr/bin/ld: /usr/lib/x86_64-linux-gnu/libgnutls.a(pkcs11.o): in function `pkcs11_url_to_info':
(.text+0x2fa8): undefined reference to `p11_kit_uri_parse'
/usr/bin/ld: (.text+0x3028): undefined reference to `p11_kit_uri_set_attribute'
/usr/bin/ld: (.text+0x3035): undefined reference to `p11_kit_uri_new'
/usr/bin/ld: (.text+0x3052): undefined reference to `p11_kit_uri_parse'
/usr/bin/ld: (.text+0x3065): undefined reference to `p11_kit_uri_free'
/usr/bin/ld: /usr/lib/x86_64-linux-gnu/libgnutls.a(pkcs11.o): in function `pkcs11_info_to_url':
(.text+0x3143): undefined reference to `p11_kit_uri_format'
/usr/bin/ld: /usr/lib/x86_64-linux-gnu/libgnutls.a(pkcs11.o): in function `gnutls_pkcs11_obj_init':
(.text+0x31db): undefined reference to `p11_kit_uri_new'
/usr/bin/ld: /usr/lib/x86_64-linux-gnu/libgnutls.a(pkcs11.o): in function `gnutls_pkcs11_obj_deinit':
(.text+0x32da): undefined reference to `p11_kit_uri_free'
/usr/bin/ld: /usr/lib/x86_64-linux-gnu/libgnutls.a(pkcs11.o): in function `pkcs11_find_slot':
(.text+0x36d8): undefined reference to `p11_kit_uri_match_module_info'
/usr/bin/ld: (.text+0x375d): undefined reference to `p11_kit_uri_match_token_info'
/usr/bin/ld: /usr/lib/x86_64-linux-gnu/libgnutls.a(pkcs11.o): in function `find_single_obj_cb':
(.text+0x4aa6): undefined reference to `p11_kit_uri_match_token_info'
/usr/bin/ld: (.text+0x4ac1): undefined reference to `p11_kit_uri_match_module_info'
/usr/bin/ld: /usr/lib/x86_64-linux-gnu/libgnutls.a(pkcs11.o): in function `find_multi_objs_cb':
(.text+0x4e76): undefined reference to `p11_kit_uri_match_token_info'
/usr/bin/ld: (.text+0x4e8e): undefined reference to `p11_kit_uri_match_module_info'
/usr/bin/ld: (.text+0x50c7): undefined reference to `p11_kit_uri_get_attribute'
/usr/bin/ld: (.text+0x53ba): undefined reference to `p11_kit_uri_get_attribute'
/usr/bin/ld: (.text+0x5412): undefined reference to `p11_kit_uri_get_attribute'
/usr/bin/ld: (.text+0x5467): undefined reference to `p11_kit_iter_new'
/usr/bin/ld: (.text+0x548f): undefined reference to `p11_kit_iter_add_filter'
/usr/bin/ld: (.text+0x54a9): undefined reference to `p11_kit_iter_begin_with'
/usr/bin/ld: (.text+0x5508): undefined reference to `p11_kit_iter_get_object'
/usr/bin/ld: (.text+0x5561): undefined reference to `p11_kit_iter_next'
/usr/bin/ld: (.text+0x55e1): undefined reference to `p11_kit_iter_get_attributes'
/usr/bin/ld: (.text+0x5627): undefined reference to `p11_kit_iter_get_attributes'
/usr/bin/ld: (.text+0x56db): undefined reference to `p11_kit_iter_get_object'
/usr/bin/ld: (.text+0x577e): undefined reference to `p11_kit_iter_free'
/usr/bin/ld: (.text+0x5944): undefined reference to `p11_kit_iter_free'
/usr/bin/ld: /usr/lib/x86_64-linux-gnu/libgnutls.a(pkcs11.o): in function `gnutls_pkcs11_obj_export_url':
(.text+0x5d3c): undefined reference to `p11_kit_uri_format'
/usr/bin/ld: /usr/lib/x86_64-linux-gnu/libgnutls.a(pkcs11.o): in function `pkcs11_retrieve_pin':
(.text+0x5e43): undefined reference to `p11_kit_uri_get_pin_value'
/usr/bin/ld: (.text+0x5e6f): undefined reference to `p11_kit_pin_new_for_string'
/usr/bin/ld: (.text+0x5eec): undefined reference to `p11_kit_uri_get_pin_source'
/usr/bin/ld: (.text+0x5f19): undefined reference to `p11_kit_space_strdup'
/usr/bin/ld: (.text+0x5f2b): undefined reference to `p11_kit_uri_new'
/usr/bin/ld: (.text+0x5f40): undefined reference to `p11_kit_uri_get_token_info'
/usr/bin/ld: (.text+0x6025): undefined reference to `p11_kit_pin_request'
/usr/bin/ld: (.text+0x6031): undefined reference to `p11_kit_uri_free'
/usr/bin/ld: /usr/lib/x86_64-linux-gnu/libgnutls.a(pkcs11.o): in function `pkcs11_login':
(.text+0x6470): undefined reference to `p11_kit_pin_get_length'
/usr/bin/ld: (.text+0x6481): undefined reference to `p11_kit_pin_get_value'
/usr/bin/ld: (.text+0x64a6): undefined reference to `p11_kit_pin_unref'
/usr/bin/ld: (.text+0x683d): undefined reference to `p11_kit_strerror'
/usr/bin/ld: /usr/lib/x86_64-linux-gnu/libgnutls.a(pkcs11.o): in function `_pkcs11_traverse_tokens':
(.text+0x71e6): undefined reference to `p11_kit_uri_match_module_info'
/usr/bin/ld: (.text+0x72f1): undefined reference to `p11_kit_uri_match_token_info'
/usr/bin/ld: /usr/lib/x86_64-linux-gnu/libgnutls.a(pkcs11.o): in function `_gnutls_pkcs11_token_get_url':
(.text+0x79d9): undefined reference to `p11_kit_uri_new'
/usr/bin/ld: (.text+0x7a13): undefined reference to `p11_kit_uri_free'
/usr/bin/ld: (.text+0x7a45): undefined reference to `p11_kit_uri_free'
/usr/bin/ld: /usr/lib/x86_64-linux-gnu/libgnutls.a(pkcs11.o): in function `gnutls_pkcs11_token_get_info':
(.text+0x7bc4): undefined reference to `p11_kit_uri_get_token_info'
/usr/bin/ld: (.text+0x7bd5): undefined reference to `p11_kit_space_strlen'
/usr/bin/ld: (.text+0x7c25): undefined reference to `p11_kit_uri_free'
/usr/bin/ld: (.text+0x7c34): undefined reference to `p11_kit_uri_get_token_info'
/usr/bin/ld: (.text+0x7c45): undefined reference to `p11_kit_space_strlen'
/usr/bin/ld: (.text+0x7c6c): undefined reference to `p11_kit_uri_get_token_info'
/usr/bin/ld: (.text+0x7c84): undefined reference to `p11_kit_uri_get_token_info'
/usr/bin/ld: /usr/lib/x86_64-linux-gnu/libgnutls.a(pkcs11.o): in function `gnutls_pkcs11_token_get_ptr':
(.text+0x7e8e): undefined reference to `p11_kit_uri_free'
/usr/bin/ld: /usr/lib/x86_64-linux-gnu/libgnutls.a(pkcs11.o): in function `pkcs11_call_token_func':
(.text+0x7f6f): undefined reference to `p11_kit_uri_get_token_info'
/usr/bin/ld: (.text+0x7f7c): undefined reference to `p11_kit_space_strdup'
/usr/bin/ld: /usr/lib/x86_64-linux-gnu/libgnutls.a(pkcs11.o): in function `gnutls_pkcs11_obj_list_import_url4':
(.text+0x809c): undefined reference to `p11_kit_uri_free'
/usr/bin/ld: /usr/lib/x86_64-linux-gnu/libgnutls.a(pkcs11.o): in function `gnutls_pkcs11_token_get_flags':
(.text+0x85c8): undefined reference to `p11_kit_uri_free'
/usr/bin/ld: /usr/lib/x86_64-linux-gnu/libgnutls.a(pkcs11.o): in function `gnutls_pkcs11_token_get_mechanism':
(.text+0x879a): undefined reference to `p11_kit_uri_free'
/usr/bin/ld: /usr/lib/x86_64-linux-gnu/libgnutls.a(pkcs11.o): in function `gnutls_pkcs11_token_check_mechanism':
(.text+0x89cf): undefined reference to `p11_kit_uri_free'
/usr/bin/ld: /usr/lib/x86_64-linux-gnu/libgnutls.a(pkcs11.o): in function `gnutls_pkcs11_get_raw_issuer':
(.text+0x8e0d): undefined reference to `p11_kit_uri_free'
/usr/bin/ld: /usr/lib/x86_64-linux-gnu/libgnutls.a(pkcs11.o):(.text+0x910c): more undefined references to `p11_kit_uri_free' follow
/usr/bin/ld: /usr/lib/x86_64-linux-gnu/libgnutls.a(pkcs11.o): in function `gnutls_pkcs11_deinit':
(.text+0x2f40): undefined reference to `p11_kit_pin_unregister_callback'
/usr/bin/ld: /usr/lib/x86_64-linux-gnu/libgnutls.a(pkcs11x.o): in function `find_ext_cb':
(.text+0x4f): undefined reference to `p11_kit_uri_match_token_info'
/usr/bin/ld: (.text+0x66): undefined reference to `p11_kit_uri_match_module_info'
/usr/bin/ld: /usr/lib/x86_64-linux-gnu/libgnutls.a(pkcs11_privkey.o): in function `find_object.constprop.0':
(.text+0x44): undefined reference to `p11_kit_uri_get_attributes'
/usr/bin/ld: /usr/lib/x86_64-linux-gnu/libgnutls.a(pkcs11_privkey.o): in function `gnutls_pkcs11_privkey_init':
(.text+0x2ef): undefined reference to `p11_kit_uri_new'
/usr/bin/ld: (.text+0x351): undefined reference to `p11_kit_uri_free'
/usr/bin/ld: /usr/lib/x86_64-linux-gnu/libgnutls.a(pkcs11_privkey.o): in function `gnutls_pkcs11_privkey_deinit':
(.text+0x3f5): undefined reference to `p11_kit_uri_free'
/usr/bin/ld: /usr/lib/x86_64-linux-gnu/libgnutls.a(pkcs11_privkey.o): in function `gnutls_pkcs11_privkey_import_url':
(.text+0xd51): undefined reference to `p11_kit_uri_free'
/usr/bin/ld: (.text+0xd9a): undefined reference to `p11_kit_uri_get_attribute'
/usr/bin/ld: (.text+0xddf): undefined reference to `p11_kit_uri_free'
/usr/bin/ld: (.text+0xe78): undefined reference to `p11_kit_uri_get_attribute'
/usr/bin/ld: (.text+0x1046): undefined reference to `p11_kit_uri_get_attribute'
/usr/bin/ld: /usr/lib/x86_64-linux-gnu/libgnutls.a(pkcs11_privkey.o): in function `gnutls_pkcs11_privkey_generate3':
(.text+0x1ee7): undefined reference to `p11_kit_uri_free'
/usr/bin/ld: /usr/lib/x86_64-linux-gnu/libgnutls.a(pkcs11_int.o): in function `pkcs11_strerror':
(.text+0x475): undefined reference to `p11_kit_strerror'
/usr/bin/ld: /usr/lib/x86_64-linux-gnu/libgnutls.a(common.o): in function `x509_read_value':
(.text+0x2f1): undefined reference to `asn1_read_value_type'
/usr/bin/ld: (.text+0x3ca): undefined reference to `asn1_read_value'
/usr/bin/ld: /usr/lib/x86_64-linux-gnu/libgnutls.a(common.o): in function `_gnutls_x509_decode_string':
(.text+0x8b0): undefined reference to `asn1_decode_simple_ber'
/usr/bin/ld: (.text+0x9d5): undefined reference to `asn1_decode_simple_der'
/usr/bin/ld: /usr/lib/x86_64-linux-gnu/libgnutls.a(common.o): in function `decode_complex_string.isra.0':
(.text+0xba6): undefined reference to `asn1_create_element'
/usr/bin/ld: (.text+0xc34): undefined reference to `asn1_der_decoding2'
/usr/bin/ld: (.text+0xc62): undefined reference to `asn1_delete_structure'
/usr/bin/ld: (.text+0xca2): undefined reference to `asn1_read_value'
/usr/bin/ld: (.text+0xd44): undefined reference to `asn1_delete_structure'
/usr/bin/ld: (.text+0xde4): undefined reference to `asn1_delete_structure'
/usr/bin/ld: (.text+0xe8b): undefined reference to `asn1_delete_structure'
/usr/bin/ld: /usr/lib/x86_64-linux-gnu/libgnutls.a(common.o): in function `_gnutls_x509_read_string':
(.text+0x1419): undefined reference to `asn1_read_value_type'
/usr/bin/ld: (.text+0x14b8): undefined reference to `asn1_read_value'
/usr/bin/ld: /usr/lib/x86_64-linux-gnu/libgnutls.a(common.o): in function `_gnutls_x509_encode_string':
(.text+0x1670): undefined reference to `asn1_encode_simple_der'
/usr/bin/ld: /usr/lib/x86_64-linux-gnu/libgnutls.a(common.o): in function `_gnutls_x509_der_encode':
(.text+0x17dc): undefined reference to `asn1_der_coding'
/usr/bin/ld: (.text+0x186a): undefined reference to `asn1_der_coding'
/usr/bin/ld: (.text+0x1912): undefined reference to `asn1_delete_structure'
/usr/bin/ld: (.text+0x193d): undefined reference to `asn1_create_element'
/usr/bin/ld: (.text+0x1989): undefined reference to `asn1_write_value'
/usr/bin/ld: (.text+0x1a06): undefined reference to `asn1_der_coding'
/usr/bin/ld: (.text+0x1a8e): undefined reference to `asn1_delete_structure'
/usr/bin/ld: /usr/lib/x86_64-linux-gnu/libgnutls.a(common.o): in function `_gnutls_x509_der_encode_and_copy':
(.text+0x1dc3): undefined reference to `asn1_write_value'
/usr/bin/ld: /usr/lib/x86_64-linux-gnu/libgnutls.a(common.o): in function `_gnutls_x509_write_value':
(.text+0x1ec4): undefined reference to `asn1_write_value'
/usr/bin/ld: /usr/lib/x86_64-linux-gnu/libgnutls.a(common.o): in function `_gnutls_x509_write_string':
(.text+0x1f9b): undefined reference to `asn1_write_value'
/usr/bin/ld: /usr/lib/x86_64-linux-gnu/libgnutls.a(common.o): in function `_gnutls_x509_encode_and_copy_PKI_params':
(.text+0x2159): undefined reference to `asn1_write_value'
/usr/bin/ld: (.text+0x2208): undefined reference to `asn1_write_value'
/usr/bin/ld: /usr/lib/x86_64-linux-gnu/libgnutls.a(common.o):(.text+0x2318): more undefined references to `asn1_write_value' follow
/usr/bin/ld: /usr/lib/x86_64-linux-gnu/libgnutls.a(common.o): in function `_gnutls_x509_encode_PKI_params':
(.text+0x2481): undefined reference to `asn1_create_element'
/usr/bin/ld: (.text+0x251e): undefined reference to `asn1_delete_structure'
/usr/bin/ld: (.text+0x2540): undefined reference to `asn1_delete_structure'
/usr/bin/ld: (.text+0x255f): undefined reference to `asn1_delete_structure'
/usr/bin/ld: /usr/lib/x86_64-linux-gnu/libgnutls.a(common.o): in function `_gnutls_x509_get_pk_algorithm':
(.text+0x2665): undefined reference to `asn1_read_value'
/usr/bin/ld: /usr/lib/x86_64-linux-gnu/libgnutls.a(common.o): in function `_gnutls_x509_get_signed_data':
(.text+0x28bf): undefined reference to `asn1_der_decoding_startEnd'
/usr/bin/ld: /usr/lib/x86_64-linux-gnu/libgnutls.a(common.o): in function `_gnutls_x509_get_signature':
(.text+0x2c45): undefined reference to `asn1_read_value'
/usr/bin/ld: (.text+0x2d03): undefined reference to `asn1_read_value'
/usr/bin/ld: /usr/lib/x86_64-linux-gnu/libgnutls.a(common.o): in function `_gnutls_x509_encode_and_write_attribute':
(.text+0x2eda): undefined reference to `asn1_create_element'
/usr/bin/ld: (.text+0x2f59): undefined reference to `asn1_write_value'
/usr/bin/ld: (.text+0x2f9b): undefined reference to `asn1_delete_structure'
/usr/bin/ld: (.text+0x2fe2): undefined reference to `asn1_write_value'
/usr/bin/ld: (.text+0x308b): undefined reference to `asn1_write_value'
/usr/bin/ld: (.text+0x31e3): undefined reference to `asn1_write_value'
/usr/bin/ld: (.text+0x320e): undefined reference to `asn1_delete_structure'
/usr/bin/ld: (.text+0x3286): undefined reference to `asn1_delete_structure'
/usr/bin/ld: (.text+0x32e0): undefined reference to `asn1_delete_structure'
/usr/bin/ld: /usr/lib/x86_64-linux-gnu/libgnutls.a(common.o): in function `_gnutls_x509_get_raw_field2':
(.text+0x3549): undefined reference to `asn1_der_decoding_startEnd'
/usr/bin/ld: /usr/lib/x86_64-linux-gnu/libgnutls.a(common.o): in function `_gnutls_x509_get_version':
(.text+0x40ac): undefined reference to `asn1_read_value'
/usr/bin/ld: /usr/lib/x86_64-linux-gnu/libgnutls.a(crl.o): in function `crl_reinit':
(.text+0x11): undefined reference to `asn1_delete_structure'
/usr/bin/ld: (.text+0x2a): undefined reference to `asn1_create_element'
/usr/bin/ld: /usr/lib/x86_64-linux-gnu/libgnutls.a(crl.o): in function `_get_authority_key_id':
(.text+0x137): undefined reference to `asn1_create_element'
/usr/bin/ld: (.text+0x192): undefined reference to `asn1_der_decoding2'
/usr/bin/ld: (.text+0x1f7): undefined reference to `asn1_delete_structure'
/usr/bin/ld: /usr/lib/x86_64-linux-gnu/libgnutls.a(crl.o): in function `gnutls_x509_crl_deinit':
(.text+0x42a): undefined reference to `asn1_delete_structure'
/usr/bin/ld: /usr/lib/x86_64-linux-gnu/libgnutls.a(crl.o): in function `gnutls_x509_crl_import':
(.text+0x518): undefined reference to `asn1_der_decoding2'
/usr/bin/ld: /usr/lib/x86_64-linux-gnu/libgnutls.a(crl.o): in function `gnutls_x509_crl_get_signature_oid':
(.text+0xa61): undefined reference to `asn1_read_value'
/usr/bin/ld: /usr/lib/x86_64-linux-gnu/libgnutls.a(crl.o): in function `gnutls_x509_crl_get_signature':
(.text+0xbb5): undefined reference to `asn1_read_value'
/usr/bin/ld: (.text+0xbea): undefined reference to `asn1_read_value'
/usr/bin/ld: /usr/lib/x86_64-linux-gnu/libgnutls.a(crl.o): in function `gnutls_x509_crl_get_crt_count':
(.text+0xe7f): undefined reference to `asn1_number_of_elements'
/usr/bin/ld: /usr/lib/x86_64-linux-gnu/libgnutls.a(crl.o): in function `gnutls_x509_crl_get_crt_serial':
(.text+0xfdb): undefined reference to `asn1_read_value'
/usr/bin/ld: /usr/lib/x86_64-linux-gnu/libgnutls.a(crl.o): in function `gnutls_x509_crl_iter_crt_serial':
(.text+0x11a1): undefined reference to `asn1_find_node'
/usr/bin/ld: (.text+0x11ff): undefined reference to `asn1_read_value'
/usr/bin/ld: (.text+0x132b): undefined reference to `asn1_find_node'
/usr/bin/ld: /usr/lib/x86_64-linux-gnu/libgnutls.a(crl.o): in function `gnutls_x509_crl_get_authority_key_gn_serial':
(.text+0x16df): undefined reference to `asn1_read_value'
/usr/bin/ld: (.text+0x16ff): undefined reference to `asn1_delete_structure'
/usr/bin/ld: /usr/lib/x86_64-linux-gnu/libgnutls.a(crl.o): in function `gnutls_x509_crl_get_authority_key_id':
(.text+0x1815): undefined reference to `asn1_read_value'
/usr/bin/ld: (.text+0x1827): undefined reference to `asn1_delete_structure'
/usr/bin/ld: /usr/lib/x86_64-linux-gnu/libgnutls.a(crl.o): in function `gnutls_x509_crl_get_extension_info':
(.text+0x1bdf): undefined reference to `asn1_read_value'
/usr/bin/ld: (.text+0x1c9b): undefined reference to `asn1_read_value'
/usr/bin/ld: /usr/lib/x86_64-linux-gnu/libgnutls.a(crl.o): in function `gnutls_x509_crl_get_extension_data':
(.text+0x1e2d): undefined reference to `asn1_read_value'
/usr/bin/ld: /usr/lib/x86_64-linux-gnu/libgnutls.a(crq.o): in function `gnutls_x509_crq_init':
(.text+0x5f): undefined reference to `asn1_create_element'
/usr/bin/ld: /usr/lib/x86_64-linux-gnu/libgnutls.a(crq.o): in function `gnutls_x509_crq_deinit':
(.text+0x10c): undefined reference to `asn1_delete_structure'
/usr/bin/ld: /usr/lib/x86_64-linux-gnu/libgnutls.a(crq.o): in function `gnutls_x509_crq_import':
(.text+0x182): undefined reference to `asn1_der_decoding2'
/usr/bin/ld: (.text+0x21b): undefined reference to `asn1_der_decoding2'
/usr/bin/ld: /usr/lib/x86_64-linux-gnu/libgnutls.a(crq.o): in function `gnutls_x509_crq_set_version':
(.text+0x972): undefined reference to `asn1_write_value'
/usr/bin/ld: /usr/lib/x86_64-linux-gnu/libgnutls.a(crq.o): in function `gnutls_x509_crq_get_version':
(.text+0xa8f): undefined reference to `asn1_read_value'
/usr/bin/ld: /usr/lib/x86_64-linux-gnu/libgnutls.a(crq.o): in function `gnutls_x509_crq_set_challenge_password':
(.text+0xe1f): undefined reference to `asn1_write_value'
/usr/bin/ld: /usr/lib/x86_64-linux-gnu/libgnutls.a(crq.o): in function `gnutls_x509_crq_get_signature_oid':
(.text+0x1571): undefined reference to `asn1_read_value'
/usr/bin/ld: /usr/lib/x86_64-linux-gnu/libgnutls.a(crq.o): in function `gnutls_x509_crq_get_pk_oid':
(.text+0x16c1): undefined reference to `asn1_read_value'
/usr/bin/ld: /usr/lib/x86_64-linux-gnu/libgnutls.a(crq.o): in function `gnutls_x509_crq_get_attribute_info':
(.text+0x183d): undefined reference to `asn1_read_value'
/usr/bin/ld: /usr/lib/x86_64-linux-gnu/libgnutls.a(crq.o): in function `gnutls_x509_crq_get_attribute_data':
(.text+0x197d): undefined reference to `asn1_read_value'
/usr/bin/ld: /usr/lib/x86_64-linux-gnu/libgnutls.a(crq.o): in function `gnutls_x509_crq_get_extension_info':
(.text+0x1ae9): undefined reference to `asn1_create_element'
/usr/bin/ld: (.text+0x1b46): undefined reference to `asn1_der_decoding2'
/usr/bin/ld: (.text+0x1b69): undefined reference to `asn1_delete_structure'
/usr/bin/ld: (.text+0x1c6e): undefined reference to `asn1_read_value'
/usr/bin/ld: (.text+0x1cda): undefined reference to `asn1_read_value'
/usr/bin/ld: (.text+0x1ce5): undefined reference to `asn1_delete_structure'
/usr/bin/ld: (.text+0x1d40): undefined reference to `asn1_delete_structure'
/usr/bin/ld: (.text+0x1e22): undefined reference to `asn1_delete_structure'
/usr/bin/ld: /usr/lib/x86_64-linux-gnu/libgnutls.a(crq.o): in function `gnutls_x509_crq_get_extension_data2':
(.text+0x2002): undefined reference to `asn1_create_element'
/usr/bin/ld: (.text+0x2053): undefined reference to `asn1_delete_structure'
/usr/bin/ld: (.text+0x2093): undefined reference to `asn1_der_decoding2'
/usr/bin/ld: /usr/lib/x86_64-linux-gnu/libgnutls.a(crq.o): in function `gnutls_x509_crq_get_private_key_usage_period':
(.text+0x25a4): undefined reference to `asn1_create_element'
/usr/bin/ld: (.text+0x25d8): undefined reference to `asn1_delete_structure'
/usr/bin/ld: (.text+0x260b): undefined reference to `asn1_der_decoding2'
/usr/bin/ld: /usr/lib/x86_64-linux-gnu/libgnutls.a(crq.o): in function `get_subject_alt_name':
(.text+0x2b08): undefined reference to `asn1_create_element'
/usr/bin/ld: (.text+0x2c09): undefined reference to `asn1_der_decoding2'
/usr/bin/ld: (.text+0x2c39): undefined reference to `asn1_delete_structure'
/usr/bin/ld: (.text+0x2c8c): undefined reference to `asn1_delete_structure'
/usr/bin/ld: /usr/lib/x86_64-linux-gnu/libgnutls.a(crq.o): in function `gnutls_x509_crq_get_key_purpose_oid':
(.text+0x38a3): undefined reference to `asn1_create_element'
/usr/bin/ld: (.text+0x39cc): undefined reference to `asn1_der_decoding2'
/usr/bin/ld: (.text+0x39fc): undefined reference to `asn1_delete_structure'
/usr/bin/ld: (.text+0x3a6f): undefined reference to `asn1_read_value'
/usr/bin/ld: (.text+0x3a87): undefined reference to `asn1_delete_structure'
/usr/bin/ld: /usr/lib/x86_64-linux-gnu/libgnutls.a(crq.o): in function `gnutls_x509_crq_set_key_purpose_oid':
(.text+0x3d24): undefined reference to `asn1_create_element'
/usr/bin/ld: (.text+0x3d4e): undefined reference to `asn1_der_decoding2'
/usr/bin/ld: (.text+0x3d85): undefined reference to `asn1_write_value'
/usr/bin/ld: (.text+0x3db2): undefined reference to `asn1_delete_structure'
/usr/bin/ld: (.text+0x3de9): undefined reference to `asn1_create_element'
/usr/bin/ld: (.text+0x3e68): undefined reference to `asn1_delete_structure'
/usr/bin/ld: (.text+0x3e95): undefined reference to `asn1_write_value'
/usr/bin/ld: (.text+0x3f2c): undefined reference to `asn1_delete_structure'
/usr/bin/ld: /usr/lib/x86_64-linux-gnu/libgnutls.a(crq.o): in function `gnutls_x509_crq_privkey_sign':
(.text+0x43e5): undefined reference to `asn1_write_value'
/usr/bin/ld: /usr/lib/x86_64-linux-gnu/libgnutls.a(crq.o): in function `gnutls_x509_crq_set_private_key_usage_period':
(.text+0x4bd7): undefined reference to `asn1_create_element'
/usr/bin/ld: (.text+0x4cdc): undefined reference to `asn1_delete_structure'
/usr/bin/ld: /usr/lib/x86_64-linux-gnu/libgnutls.a(dn.o): in function `append_elements':
(.text+0xd2): undefined reference to `asn1_read_value'
/usr/bin/ld: (.text+0x1fa): undefined reference to `asn1_number_of_elements'
/usr/bin/ld: (.text+0x297): undefined reference to `asn1_read_value'
/usr/bin/ld: (.text+0x2fe): undefined reference to `asn1_read_value'
/usr/bin/ld: /usr/lib/x86_64-linux-gnu/libgnutls.a(dn.o): in function `_gnutls_x509_get_dn':
(.text+0x8a8): undefined reference to `asn1_number_of_elements'
/usr/bin/ld: /usr/lib/x86_64-linux-gnu/libgnutls.a(dn.o): in function `_gnutls_x509_parse_dn_oid':
(.text+0xd86): undefined reference to `asn1_read_value'
/usr/bin/ld: (.text+0xe0f): undefined reference to `asn1_read_value'
/usr/bin/ld: (.text+0xe72): undefined reference to `asn1_read_value'
/usr/bin/ld: /usr/lib/x86_64-linux-gnu/libgnutls.a(dn.o): in function `_gnutls_x509_get_dn_oid':
(.text+0x1295): undefined reference to `asn1_read_value'
/usr/bin/ld: (.text+0x132e): undefined reference to `asn1_read_value'
/usr/bin/ld: /usr/lib/x86_64-linux-gnu/libgnutls.a(dn.o):(.text+0x1391): more undefined references to `asn1_read_value' follow
/usr/bin/ld: /usr/lib/x86_64-linux-gnu/libgnutls.a(dn.o): in function `_gnutls_x509_set_dn_oid':
(.text+0x1996): undefined reference to `asn1_write_value'
/usr/bin/ld: (.text+0x19db): undefined reference to `asn1_write_value'
/usr/bin/ld: (.text+0x1ad6): undefined reference to `asn1_write_value'
/usr/bin/ld: (.text+0x1bef): undefined reference to `asn1_write_value'
/usr/bin/ld: (.text+0x1c40): undefined reference to `asn1_write_value'
/usr/bin/ld: /usr/lib/x86_64-linux-gnu/libgnutls.a(dn.o): in function `gnutls_x509_rdn_get_by_oid':
(.text+0x20a2): undefined reference to `asn1_create_element'
/usr/bin/ld: (.text+0x212b): undefined reference to `asn1_der_decoding2'
/usr/bin/ld: (.text+0x214e): undefined reference to `asn1_delete_structure'
/usr/bin/ld: (.text+0x219d): undefined reference to `asn1_delete_structure'
/usr/bin/ld: /usr/lib/x86_64-linux-gnu/libgnutls.a(dn.o): in function `gnutls_x509_rdn_get_oid':
(.text+0x22da): undefined reference to `asn1_create_element'
/usr/bin/ld: (.text+0x235b): undefined reference to `asn1_der_decoding2'
/usr/bin/ld: (.text+0x2378): undefined reference to `asn1_delete_structure'
/usr/bin/ld: (.text+0x23af): undefined reference to `asn1_delete_structure'
/usr/bin/ld: /usr/lib/x86_64-linux-gnu/libgnutls.a(extensions.o): in function `get_extension_oid':
(.text+0xfb): undefined reference to `asn1_read_value'
/usr/bin/ld: /usr/lib/x86_64-linux-gnu/libgnutls.a(extensions.o): in function `_gnutls_get_extension':
(.text+0x414): undefined reference to `asn1_read_value'
/usr/bin/ld: (.text+0x4f7): undefined reference to `asn1_read_value'
/usr/bin/ld: /usr/lib/x86_64-linux-gnu/libgnutls.a(extensions.o): in function `_gnutls_set_extension':
(.text+0x9b1): undefined reference to `asn1_read_value'
/usr/bin/ld: (.text+0xa04): undefined reference to `asn1_read_value'
/usr/bin/ld: (.text+0xac2): undefined reference to `asn1_write_value'
/usr/bin/ld: (.text+0xbc7): undefined reference to `asn1_write_value'
/usr/bin/ld: (.text+0xc1c): undefined reference to `asn1_write_value'
/usr/bin/ld: (.text+0xc85): undefined reference to `asn1_write_value'
/usr/bin/ld: /usr/lib/x86_64-linux-gnu/libgnutls.a(extensions.o): in function `_gnutls_x509_crq_set_extension':
(.text+0x10a1): undefined reference to `asn1_create_element'
/usr/bin/ld: (.text+0x10cf): undefined reference to `asn1_der_decoding2'
/usr/bin/ld: (.text+0x112f): undefined reference to `asn1_delete_structure'
/usr/bin/ld: (.text+0x1244): undefined reference to `asn1_delete_structure'
/usr/bin/ld: (.text+0x1283): undefined reference to `asn1_delete_structure'
/usr/bin/ld: /usr/lib/x86_64-linux-gnu/libgnutls.a(extensions.o): in function `_gnutls_x509_ext_extract_number':
(.text+0x1447): undefined reference to `asn1_create_element'
/usr/bin/ld: (.text+0x14c7): undefined reference to `asn1_der_decoding2'
/usr/bin/ld: (.text+0x14ea): undefined reference to `asn1_delete_structure'
/usr/bin/ld: (.text+0x1523): undefined reference to `asn1_read_value'
/usr/bin/ld: (.text+0x1552): undefined reference to `asn1_delete_structure'
/usr/bin/ld: /usr/lib/x86_64-linux-gnu/libgnutls.a(extensions.o): in function `_gnutls_x509_ext_gen_number':
(.text+0x161e): undefined reference to `asn1_create_element'
/usr/bin/ld: (.text+0x1695): undefined reference to `asn1_write_value'
/usr/bin/ld: (.text+0x16b6): undefined reference to `asn1_delete_structure'
/usr/bin/ld: (.text+0x16e0): undefined reference to `asn1_delete_structure'
/usr/bin/ld: /usr/lib/x86_64-linux-gnu/libgnutls.a(extensions.o): in function `_gnutls_write_general_name':
(.text+0x184a): undefined reference to `asn1_write_value'
/usr/bin/ld: (.text+0x1929): undefined reference to `asn1_write_value'
/usr/bin/ld: (.text+0x1954): undefined reference to `asn1_delete_structure'
/usr/bin/ld: /usr/lib/x86_64-linux-gnu/libgnutls.a(extensions.o): in function `_gnutls_write_new_general_name':
(.text+0x1a8a): undefined reference to `asn1_write_value'
/usr/bin/ld: /usr/lib/x86_64-linux-gnu/libgnutls.a(extensions.o): in function `_gnutls_write_new_othername':
(.text+0x1c27): undefined reference to `asn1_write_value'
/usr/bin/ld: (.text+0x1c7c): undefined reference to `asn1_write_value'
/usr/bin/ld: (.text+0x1d64): undefined reference to `asn1_write_value'
/usr/bin/ld: (.text+0x1de4): undefined reference to `asn1_write_value'
/usr/bin/ld: /usr/lib/x86_64-linux-gnu/libgnutls.a(key_decode.o): in function `_gnutls_x509_read_ecc_params':
(.text+0x57): undefined reference to `asn1_create_element'
/usr/bin/ld: (.text+0xcc): undefined reference to `asn1_der_decoding'
/usr/bin/ld: (.text+0x12a): undefined reference to `asn1_read_value'
/usr/bin/ld: (.text+0x14c): undefined reference to `asn1_delete_structure'
/usr/bin/ld: /usr/lib/x86_64-linux-gnu/libgnutls.a(key_decode.o): in function `_gnutls_x509_read_rsa_pss_params':
(.text+0x337): undefined reference to `asn1_create_element'
/usr/bin/ld: (.text+0x392): undefined reference to `asn1_delete_structure'
/usr/bin/ld: (.text+0x39a): undefined reference to `asn1_delete_structure'
/usr/bin/ld: (.text+0x400): undefined reference to `asn1_der_decoding2'
/usr/bin/ld: (.text+0x468): undefined reference to `asn1_read_value'
/usr/bin/ld: (.text+0x4b8): undefined reference to `asn1_read_value'
/usr/bin/ld: (.text+0x523): undefined reference to `asn1_create_element'
/usr/bin/ld: (.text+0x712): undefined reference to `asn1_der_decoding2'
/usr/bin/ld: (.text+0x7d7): undefined reference to `asn1_read_value'
/usr/bin/ld: /usr/lib/x86_64-linux-gnu/libgnutls.a(key_decode.o): in function `_gnutls_x509_read_gost_params':
(.text+0xae7): undefined reference to `asn1_create_element'
/usr/bin/ld: (.text+0xb70): undefined reference to `asn1_der_decoding2'
/usr/bin/ld: (.text+0xb9f): undefined reference to `asn1_delete_structure'
/usr/bin/ld: (.text+0xbd6): undefined reference to `asn1_read_value'
/usr/bin/ld: (.text+0xcb5): undefined reference to `asn1_read_value'
/usr/bin/ld: (.text+0xd3e): undefined reference to `asn1_read_value'
/usr/bin/ld: /usr/lib/x86_64-linux-gnu/libgnutls.a(key_decode.o): in function `_gnutls_x509_read_pubkey':
(.text+0xf16): undefined reference to `asn1_get_length_der'
/usr/bin/ld: (.text+0xfd1): undefined reference to `asn1_create_element'
/usr/bin/ld: (.text+0x11bb): undefined reference to `asn1_der_decoding'
/usr/bin/ld: (.text+0x11dc): undefined reference to `asn1_delete_structure'
/usr/bin/ld: (.text+0x1221): undefined reference to `asn1_delete_structure'
/usr/bin/ld: (.text+0x1270): undefined reference to `asn1_delete_structure'
/usr/bin/ld: /usr/lib/x86_64-linux-gnu/libgnutls.a(key_decode.o): in function `_gnutls_x509_read_pubkey_params':
(.text+0x15a9): undefined reference to `asn1_create_element'
/usr/bin/ld: (.text+0x1624): undefined reference to `asn1_der_decoding'
/usr/bin/ld: (.text+0x1647): undefined reference to `asn1_delete_structure'
/usr/bin/ld: (.text+0x16d7): undefined reference to `asn1_delete_structure'
/usr/bin/ld: (.text+0x1790): undefined reference to `asn1_delete_structure'
/usr/bin/ld: (.text+0x17dd): undefined reference to `asn1_delete_structure'
/usr/bin/ld: (.text+0x1811): undefined reference to `asn1_delete_structure'
/usr/bin/ld: /usr/lib/x86_64-linux-gnu/libgnutls.a(key_encode.o):(.text+0x84): more undefined references to `asn1_delete_structure' follow
/usr/bin/ld: /usr/lib/x86_64-linux-gnu/libgnutls.a(key_encode.o): in function `_gnutls_asn1_encode_rsa':
(.text+0xa5): undefined reference to `asn1_create_element'
/usr/bin/ld: (.text+0xd9): undefined reference to `asn1_delete_structure2'
/usr/bin/ld: (.text+0x23f): undefined reference to `asn1_write_value'
/usr/bin/ld: (.text+0x449): undefined reference to `asn1_write_value'
/usr/bin/ld: /usr/lib/x86_64-linux-gnu/libgnutls.a(key_encode.o): in function `_gnutls_x509_write_pubkey':
(.text+0x742): undefined reference to `asn1_length_der'
/usr/bin/ld: (.text+0x83c): undefined reference to `asn1_create_element'
/usr/bin/ld: (.text+0x99a): undefined reference to `asn1_delete_structure'
/usr/bin/ld: (.text+0x9e1): undefined reference to `asn1_create_element'
/usr/bin/ld: /usr/lib/x86_64-linux-gnu/libgnutls.a(key_encode.o): in function `_gnutls_x509_write_ecc_params':
(.text+0xec7): undefined reference to `asn1_create_element'
/usr/bin/ld: (.text+0xf46): undefined reference to `asn1_write_value'
/usr/bin/ld: (.text+0xf75): undefined reference to `asn1_delete_structure'
/usr/bin/ld: (.text+0xf90): undefined reference to `asn1_write_value'
/usr/bin/ld: /usr/lib/x86_64-linux-gnu/libgnutls.a(key_encode.o): in function `_gnutls_x509_write_rsa_pss_params':
(.text+0x11b1): undefined reference to `asn1_create_element'
/usr/bin/ld: (.text+0x1204): undefined reference to `asn1_delete_structure'
/usr/bin/ld: (.text+0x120c): undefined reference to `asn1_delete_structure'
/usr/bin/ld: (.text+0x1258): undefined reference to `asn1_write_value'
/usr/bin/ld: (.text+0x12c8): undefined reference to `asn1_write_value'
/usr/bin/ld: (.text+0x1308): undefined reference to `asn1_write_value'
/usr/bin/ld: (.text+0x1379): undefined reference to `asn1_create_element'
/usr/bin/ld: (.text+0x1424): undefined reference to `asn1_write_value'
/usr/bin/ld: (.text+0x146d): undefined reference to `asn1_write_value'
/usr/bin/ld: (.text+0x14d8): undefined reference to `asn1_write_value'
/usr/bin/ld: /usr/lib/x86_64-linux-gnu/libgnutls.a(key_encode.o): in function `_gnutls_x509_write_pubkey_params':
(.text+0x17d5): undefined reference to `asn1_create_element'
/usr/bin/ld: (.text+0x18cc): undefined reference to `asn1_delete_structure'
/usr/bin/ld: (.text+0x1941): undefined reference to `asn1_create_element'
/usr/bin/ld: (.text+0x199c): undefined reference to `asn1_write_value'
/usr/bin/ld: (.text+0x19ff): undefined reference to `asn1_write_value'
/usr/bin/ld: (.text+0x1c68): undefined reference to `asn1_write_value'
/usr/bin/ld: /usr/lib/x86_64-linux-gnu/libgnutls.a(key_encode.o): in function `_gnutls_asn1_encode_privkey':
(.text+0x1f24): undefined reference to `asn1_delete_structure'
/usr/bin/ld: (.text+0x1f44): undefined reference to `asn1_create_element'
/usr/bin/ld: (.text+0x1f8b): undefined reference to `asn1_delete_structure2'
/usr/bin/ld: (.text+0x1fe7): undefined reference to `asn1_delete_structure'
/usr/bin/ld: (.text+0x2007): undefined reference to `asn1_create_element'
/usr/bin/ld: (.text+0x2042): undefined reference to `asn1_delete_structure2'
/usr/bin/ld: (.text+0x208e): undefined reference to `asn1_delete_structure'
/usr/bin/ld: (.text+0x20ae): undefined reference to `asn1_create_element'
/usr/bin/ld: (.text+0x21df): undefined reference to `asn1_write_value'
/usr/bin/ld: (.text+0x2244): undefined reference to `asn1_write_value'
/usr/bin/ld: (.text+0x23af): undefined reference to `asn1_write_value'
/usr/bin/ld: (.text+0x23d7): undefined reference to `asn1_write_value'
/usr/bin/ld: (.text+0x248b): undefined reference to `asn1_write_value'
/usr/bin/ld: /usr/lib/x86_64-linux-gnu/libgnutls.a(key_encode.o):(.text+0x24fa): more undefined references to `asn1_write_value' follow
/usr/bin/ld: /usr/lib/x86_64-linux-gnu/libgnutls.a(lt1-mpi.o): in function `_gnutls_x509_read_der_int':
(.text+0x2ee): undefined reference to `asn1_create_element'
/usr/bin/ld: (.text+0x35f): undefined reference to `asn1_der_decoding2'
/usr/bin/ld: (.text+0x380): undefined reference to `asn1_delete_structure'
/usr/bin/ld: (.text+0x3ab): undefined reference to `asn1_delete_structure'
/usr/bin/ld: (.text+0x3f4): undefined reference to `asn1_delete_structure'
/usr/bin/ld: /usr/lib/x86_64-linux-gnu/libgnutls.a(lt1-mpi.o): in function `_gnutls_x509_read_pkalgo_params':
(.text+0x8b9): undefined reference to `asn1_read_value'
/usr/bin/ld: /usr/lib/x86_64-linux-gnu/libgnutls.a(lt1-mpi.o): in function `_gnutls_x509_read_uint':
(.text+0xc9e): undefined reference to `asn1_read_value'
/usr/bin/ld: (.text+0xd16): undefined reference to `asn1_read_value'
/usr/bin/ld: /usr/lib/x86_64-linux-gnu/libgnutls.a(lt1-mpi.o): in function `_gnutls_x509_read_der_uint':
(.text+0xede): undefined reference to `asn1_create_element'
/usr/bin/ld: (.text+0xf4f): undefined reference to `asn1_der_decoding2'
/usr/bin/ld: (.text+0xf70): undefined reference to `asn1_delete_structure'
/usr/bin/ld: (.text+0xf9b): undefined reference to `asn1_delete_structure'
/usr/bin/ld: (.text+0xfe4): undefined reference to `asn1_delete_structure'
/usr/bin/ld: /usr/lib/x86_64-linux-gnu/libgnutls.a(lt1-mpi.o): in function `_gnutls_x509_write_uint32':
(.text+0x1093): undefined reference to `asn1_write_value'
/usr/bin/ld: (.text+0x10c2): undefined reference to `asn1_write_value'
/usr/bin/ld: /usr/lib/x86_64-linux-gnu/libgnutls.a(ocsp.o): in function `gnutls_ocsp_req_init':
(.text+0x1f0): undefined reference to `asn1_create_element'
/usr/bin/ld: /usr/lib/x86_64-linux-gnu/libgnutls.a(ocsp.o): in function `gnutls_ocsp_req_deinit':
(.text+0x2ac): undefined reference to `asn1_delete_structure'
/usr/bin/ld: /usr/lib/x86_64-linux-gnu/libgnutls.a(ocsp.o): in function `gnutls_ocsp_resp_init':
(.text+0x32e): undefined reference to `asn1_create_element'
/usr/bin/ld: (.text+0x39f): undefined reference to `asn1_create_element'
/usr/bin/ld: (.text+0x400): undefined reference to `asn1_delete_structure'
/usr/bin/ld: /usr/lib/x86_64-linux-gnu/libgnutls.a(ocsp.o): in function `gnutls_ocsp_resp_deinit':
(.text+0x46a): undefined reference to `asn1_delete_structure'
/usr/bin/ld: (.text+0x491): undefined reference to `asn1_delete_structure'
/usr/bin/ld: /usr/lib/x86_64-linux-gnu/libgnutls.a(ocsp.o): in function `gnutls_ocsp_req_import':
(.text+0x532): undefined reference to `asn1_der_decoding2'
/usr/bin/ld: (.text+0x561): undefined reference to `asn1_delete_structure'
/usr/bin/ld: (.text+0x57a): undefined reference to `asn1_create_element'
/usr/bin/ld: /usr/lib/x86_64-linux-gnu/libgnutls.a(ocsp.o): in function `gnutls_ocsp_req_add_cert_id':
(.text+0xcdd): undefined reference to `asn1_write_value'
/usr/bin/ld: (.text+0xd33): undefined reference to `asn1_write_value'
/usr/bin/ld: (.text+0xd9f): undefined reference to `asn1_write_value'
/usr/bin/ld: (.text+0xddb): undefined reference to `asn1_write_value'
/usr/bin/ld: (.text+0xe3a): undefined reference to `asn1_write_value'
/usr/bin/ld: /usr/lib/x86_64-linux-gnu/libgnutls.a(ocsp.o):(.text+0xec2): more undefined references to `asn1_write_value' follow
/usr/bin/ld: /usr/lib/x86_64-linux-gnu/libgnutls.a(ocsp.o): in function `gnutls_ocsp_req_get_extension':
(.text+0x130d): undefined reference to `asn1_read_value'
/usr/bin/ld: /usr/lib/x86_64-linux-gnu/libgnutls.a(ocsp.o): in function `gnutls_ocsp_req_export':
(.text+0x15aa): undefined reference to `asn1_write_value'
/usr/bin/ld: (.text+0x15bd): undefined reference to `asn1_write_value'
/usr/bin/ld: (.text+0x15ff): undefined reference to `asn1_write_value'
/usr/bin/ld: /usr/lib/x86_64-linux-gnu/libgnutls.a(ocsp.o): in function `gnutls_ocsp_req_set_nonce':
(.text+0x18ac): undefined reference to `asn1_length_der'
/usr/bin/ld: /usr/lib/x86_64-linux-gnu/libgnutls.a(ocsp.o): in function `gnutls_ocsp_resp_get_status':
(.text+0x1b6f): undefined reference to `asn1_read_value'
/usr/bin/ld: /usr/lib/x86_64-linux-gnu/libgnutls.a(ocsp.o): in function `gnutls_ocsp_resp_import2':
(.text+0x1d11): undefined reference to `asn1_delete_structure'
/usr/bin/ld: (.text+0x1d21): undefined reference to `asn1_delete_structure'
/usr/bin/ld: (.text+0x1d3a): undefined reference to `asn1_create_element'
/usr/bin/ld: (.text+0x1db7): undefined reference to `asn1_create_element'
/usr/bin/ld: (.text+0x1dff): undefined reference to `asn1_der_decoding2'
/usr/bin/ld: (.text+0x1eb1): undefined reference to `asn1_delete_structure'
/usr/bin/ld: (.text+0x1fa5): undefined reference to `asn1_der_decoding2'
/usr/bin/ld: /usr/lib/x86_64-linux-gnu/libgnutls.a(ocsp.o): in function `gnutls_ocsp_resp_get_responder_raw_id':
(.text+0x236c): undefined reference to `asn1_get_length_der'
/usr/bin/ld: /usr/lib/x86_64-linux-gnu/libgnutls.a(ocsp.o): in function `gnutls_ocsp_resp_get_produced':
(.text+0x24d4): undefined reference to `asn1_read_value'
/usr/bin/ld: /usr/lib/x86_64-linux-gnu/libgnutls.a(ocsp.o): in function `gnutls_ocsp_resp_get_single':
(.text+0x2673): undefined reference to `asn1_read_value'
/usr/bin/ld: (.text+0x27b1): undefined reference to `asn1_read_value'
/usr/bin/ld: (.text+0x2ad9): undefined reference to `asn1_read_value'
/usr/bin/ld: (.text+0x2b84): undefined reference to `asn1_read_value'
/usr/bin/ld: /usr/lib/x86_64-linux-gnu/libgnutls.a(ocsp.o):(.text+0x2c0c): more undefined references to `asn1_read_value' follow
/usr/bin/ld: /usr/lib/x86_64-linux-gnu/libgnutls.a(ocsp.o): in function `find_signercert':
(.text+0x476f): undefined reference to `asn1_get_length_der'
/usr/bin/ld: /usr/lib/x86_64-linux-gnu/libgnutls.a(output.o): in function `print_extension':
(.text+0x4efe): undefined reference to `asn1_create_element'
/usr/bin/ld: (.text+0x4f24): undefined reference to `asn1_delete_structure'
/usr/bin/ld: (.text+0x5051): undefined reference to `asn1_der_decoding2'
/usr/bin/ld: (.text+0x5408): undefined reference to `asn1_delete_structure'
/usr/bin/ld: /usr/lib/x86_64-linux-gnu/libgnutls.a(pkcs12.o): in function `pkcs12_reinit':
(.text+0x13): undefined reference to `asn1_delete_structure'
/usr/bin/ld: (.text+0x2c): undefined reference to `asn1_create_element'
/usr/bin/ld: /usr/lib/x86_64-linux-gnu/libgnutls.a(pkcs12.o): in function `_decode_pkcs12_auth_safe':
(.text+0x10f): undefined reference to `asn1_read_value'
/usr/bin/ld: (.text+0x176): undefined reference to `asn1_create_element'
/usr/bin/ld: (.text+0x1d2): undefined reference to `asn1_delete_structure'
/usr/bin/ld: (.text+0x25b): undefined reference to `asn1_der_decoding'
/usr/bin/ld: (.text+0x37c): undefined reference to `asn1_delete_structure'
/usr/bin/ld: /usr/lib/x86_64-linux-gnu/libgnutls.a(pkcs12.o): in function `gnutls_pkcs12_deinit':
(.text+0x68c): undefined reference to `asn1_delete_structure'
/usr/bin/ld: /usr/lib/x86_64-linux-gnu/libgnutls.a(pkcs12.o): in function `gnutls_pkcs12_import':
(.text+0x72d): undefined reference to `asn1_der_decoding'
/usr/bin/ld: /usr/lib/x86_64-linux-gnu/libgnutls.a(pkcs12.o): in function `_pkcs12_decode_safe_contents':
(.text+0xa96): undefined reference to `asn1_create_element'
/usr/bin/ld: (.text+0xadb): undefined reference to `asn1_delete_structure'
/usr/bin/ld: (.text+0xb33): undefined reference to `asn1_der_decoding'
/usr/bin/ld: (.text+0xb76): undefined reference to `asn1_number_of_elements'
/usr/bin/ld: (.text+0xc57): undefined reference to `asn1_read_value'
/usr/bin/ld: (.text+0xd56): undefined reference to `asn1_number_of_elements'
/usr/bin/ld: /usr/lib/x86_64-linux-gnu/libgnutls.a(pkcs12.o): in function `gnutls_pkcs12_get_bag':
(.text+0x13c8): undefined reference to `asn1_read_value'
/usr/bin/ld: (.text+0x1415): undefined reference to `asn1_delete_structure'
/usr/bin/ld: /usr/lib/x86_64-linux-gnu/libgnutls.a(pkcs12.o): in function `gnutls_pkcs12_generate_mac2':
(.text+0x1747): undefined reference to `asn1_write_value'
/usr/bin/ld: (.text+0x18ab): undefined reference to `asn1_write_value'
/usr/bin/ld: (.text+0x19e8): undefined reference to `asn1_write_value'
/usr/bin/ld: (.text+0x1b35): undefined reference to `asn1_write_value'
/usr/bin/ld: /usr/lib/x86_64-linux-gnu/libgnutls.a(pkcs12.o): in function `gnutls_pkcs12_verify_mac':
(.text+0x1d31): undefined reference to `asn1_read_value'
/usr/bin/ld: (.text+0x1eaa): undefined reference to `asn1_read_value'
/usr/bin/ld: /usr/lib/x86_64-linux-gnu/libgnutls.a(pkcs12.o): in function `_pkcs12_encode_safe_contents':
(.text+0x22b4): undefined reference to `asn1_create_element'
/usr/bin/ld: (.text+0x2332): undefined reference to `asn1_write_value'
/usr/bin/ld: (.text+0x2355): undefined reference to `asn1_write_value'
/usr/bin/ld: (.text+0x23a1): undefined reference to `asn1_write_value'
/usr/bin/ld: (.text+0x25ab): undefined reference to `asn1_write_value'
/usr/bin/ld: (.text+0x26ac): undefined reference to `asn1_delete_structure'
/usr/bin/ld: (.text+0x26fb): undefined reference to `asn1_write_value'
/usr/bin/ld: /usr/lib/x86_64-linux-gnu/libgnutls.a(pkcs12.o): in function `gnutls_pkcs12_set_bag':
(.text+0x2a87): undefined reference to `asn1_read_value'
/usr/bin/ld: (.text+0x2aea): undefined reference to `asn1_write_value'
/usr/bin/ld: (.text+0x2b1c): undefined reference to `asn1_write_value'
/usr/bin/ld: (.text+0x2b4c): undefined reference to `asn1_write_value'
/usr/bin/ld: (.text+0x2b60): undefined reference to `asn1_delete_structure'
/usr/bin/ld: (.text+0x2b8e): undefined reference to `asn1_delete_structure'
/usr/bin/ld: (.text+0x2c33): undefined reference to `asn1_write_value'
/usr/bin/ld: (.text+0x2c6c): undefined reference to `asn1_delete_structure'
/usr/bin/ld: (.text+0x2c9f): undefined reference to `asn1_write_value'
/usr/bin/ld: (.text+0x2d1f): undefined reference to `asn1_delete_structure'
/usr/bin/ld: (.text+0x2d28): undefined reference to `asn1_delete_structure'
/usr/bin/ld: (.text+0x2d5f): undefined reference to `asn1_write_value'
/usr/bin/ld: (.text+0x2d99): undefined reference to `asn1_create_element'
/usr/bin/ld: (.text+0x2e8f): undefined reference to `asn1_delete_structure'
/usr/bin/ld: /usr/lib/x86_64-linux-gnu/libgnutls.a(pkcs12_bag.o): in function `_pkcs12_decode_crt_bag':
(.text+0x2c0): undefined reference to `asn1_create_element'
/usr/bin/ld: (.text+0x329): undefined reference to `asn1_create_element'
/usr/bin/ld: (.text+0x369): undefined reference to `asn1_create_element'
/usr/bin/ld: (.text+0x3ab): undefined reference to `asn1_delete_structure'
/usr/bin/ld: (.text+0x3d2): undefined reference to `asn1_delete_structure'
/usr/bin/ld: (.text+0x40c): undefined reference to `asn1_der_decoding'
/usr/bin/ld: (.text+0x45c): undefined reference to `asn1_der_decoding'
/usr/bin/ld: (.text+0x4ac): undefined reference to `asn1_der_decoding'
/usr/bin/ld: (.text+0x50e): undefined reference to `asn1_delete_structure'
/usr/bin/ld: /usr/lib/x86_64-linux-gnu/libgnutls.a(pkcs12_bag.o): in function `_pkcs12_encode_crt_bag':
(.text+0x680): undefined reference to `asn1_create_element'
/usr/bin/ld: (.text+0x6e9): undefined reference to `asn1_create_element'
/usr/bin/ld: (.text+0x729): undefined reference to `asn1_create_element'
/usr/bin/ld: (.text+0x76c): undefined reference to `asn1_delete_structure'
/usr/bin/ld: (.text+0x792): undefined reference to `asn1_delete_structure'
/usr/bin/ld: (.text+0x7d8): undefined reference to `asn1_write_value'
/usr/bin/ld: (.text+0x820): undefined reference to `asn1_write_value'
/usr/bin/ld: (.text+0x868): undefined reference to `asn1_write_value'
/usr/bin/ld: (.text+0x8d7): undefined reference to `asn1_delete_structure'
/usr/bin/ld: /usr/lib/x86_64-linux-gnu/libgnutls.a(pkcs12_bag.o): in function `gnutls_pkcs12_bag_encrypt':
(.text+0x1292): undefined reference to `asn1_delete_structure'
/usr/bin/ld: /usr/lib/x86_64-linux-gnu/libgnutls.a(pkcs7-crypt.o): in function `_gnutls_read_pkcs_schema_params':
(.text+0x37c): undefined reference to `asn1_create_element'
/usr/bin/ld: (.text+0x3b8): undefined reference to `asn1_delete_structure'
/usr/bin/ld: (.text+0x40d): undefined reference to `asn1_der_decoding2'
/usr/bin/ld: (.text+0x46f): undefined reference to `asn1_create_element'
/usr/bin/ld: (.text+0x543): undefined reference to `asn1_read_value'
/usr/bin/ld: (.text+0x633): undefined reference to `asn1_delete_structure'
/usr/bin/ld: (.text+0x676): undefined reference to `asn1_der_decoding2'
/usr/bin/ld: (.text+0x7a2): undefined reference to `asn1_read_value'
/usr/bin/ld: (.text+0x82d): undefined reference to `asn1_der_decoding_startEnd'
/usr/bin/ld: (.text+0xaa3): undefined reference to `asn1_read_value'
/usr/bin/ld: (.text+0xaf4): undefined reference to `asn1_der_decoding_startEnd'
/usr/bin/ld: (.text+0xb7b): undefined reference to `asn1_create_element'
/usr/bin/ld: (.text+0xc3e): undefined reference to `asn1_create_element'
/usr/bin/ld: (.text+0xd81): undefined reference to `asn1_delete_structure2'
/usr/bin/ld: (.text+0xdf2): undefined reference to `asn1_der_decoding2'
/usr/bin/ld: (.text+0xe2e): undefined reference to `asn1_delete_structure'
/usr/bin/ld: (.text+0xe94): undefined reference to `asn1_create_element'
/usr/bin/ld: (.text+0xf54): undefined reference to `asn1_read_value'
/usr/bin/ld: (.text+0x1051): undefined reference to `asn1_delete_structure'
/usr/bin/ld: (.text+0x1106): undefined reference to `asn1_der_decoding2'
/usr/bin/ld: (.text+0x1141): undefined reference to `asn1_delete_structure'
/usr/bin/ld: (.text+0x117f): undefined reference to `asn1_der_decoding2'
/usr/bin/ld: (.text+0x11b6): undefined reference to `asn1_delete_structure'
/usr/bin/ld: (.text+0x11d9): undefined reference to `asn1_delete_structure'
/usr/bin/ld: (.text+0x12a8): undefined reference to `asn1_read_value'
/usr/bin/ld: (.text+0x12da): undefined reference to `asn1_delete_structure'
/usr/bin/ld: (.text+0x130a): undefined reference to `asn1_read_value'
/usr/bin/ld: (.text+0x1328): undefined reference to `asn1_delete_structure'
/usr/bin/ld: (.text+0x1391): undefined reference to `asn1_delete_structure'
/usr/bin/ld: (.text+0x13f5): undefined reference to `asn1_delete_structure'
/usr/bin/ld: (.text+0x165f): undefined reference to `asn1_delete_structure'
/usr/bin/ld: (.text+0x16b2): undefined reference to `asn1_read_value'
/usr/bin/ld: (.text+0x16fa): undefined reference to `asn1_delete_structure'
/usr/bin/ld: (.text+0x182c): undefined reference to `asn1_delete_structure'
/usr/bin/ld: /usr/lib/x86_64-linux-gnu/libgnutls.a(pkcs7-crypt.o): in function `_gnutls_pkcs7_data_enc_info':
(.text+0x1995): undefined reference to `asn1_create_element'
/usr/bin/ld: (.text+0x19c8): undefined reference to `asn1_delete_structure'
/usr/bin/ld: (.text+0x19d5): undefined reference to `asn1_delete_structure2'
/usr/bin/ld: (.text+0x1a24): undefined reference to `asn1_der_decoding'
/usr/bin/ld: (.text+0x1a89): undefined reference to `asn1_read_value'
/usr/bin/ld: (.text+0x1af1): undefined reference to `asn1_der_decoding_startEnd'
/usr/bin/ld: /usr/lib/x86_64-linux-gnu/libgnutls.a(pkcs7-crypt.o): in function `_gnutls_pkcs7_decrypt_data':
(.text+0x2572): undefined reference to `asn1_create_element'
/usr/bin/ld: (.text+0x25a7): undefined reference to `asn1_delete_structure'
/usr/bin/ld: (.text+0x25b4): undefined reference to `asn1_delete_structure2'
/usr/bin/ld: (.text+0x25ff): undefined reference to `asn1_der_decoding'
/usr/bin/ld: (.text+0x2672): undefined reference to `asn1_read_value'
/usr/bin/ld: (.text+0x26ee): undefined reference to `asn1_der_decoding_startEnd'
/usr/bin/ld: (.text+0x27b1): undefined reference to `asn1_delete_structure2'
/usr/bin/ld: /usr/lib/x86_64-linux-gnu/libgnutls.a(pkcs7-crypt.o): in function `_gnutls_pkcs_write_schema_params':
(.text+0x2dd3): undefined reference to `asn1_create_element'
/usr/bin/ld: (.text+0x2e48): undefined reference to `asn1_create_element'
/usr/bin/ld: (.text+0x2e87): undefined reference to `asn1_delete_structure'
/usr/bin/ld: (.text+0x2ebb): undefined reference to `asn1_write_value'
/usr/bin/ld: (.text+0x2f31): undefined reference to `asn1_delete_structure'
/usr/bin/ld: (.text+0x2f6d): undefined reference to `asn1_write_value'
/usr/bin/ld: (.text+0x3005): undefined reference to `asn1_create_element'
/usr/bin/ld: (.text+0x3041): undefined reference to `asn1_write_value'
/usr/bin/ld: (.text+0x3077): undefined reference to `asn1_write_value'
/usr/bin/ld: (.text+0x30c7): undefined reference to `asn1_delete_structure'
/usr/bin/ld: (.text+0x3150): undefined reference to `asn1_write_value'
/usr/bin/ld: (.text+0x3180): undefined reference to `asn1_delete_structure'
/usr/bin/ld: (.text+0x3200): undefined reference to `asn1_create_element'
/usr/bin/ld: (.text+0x325b): undefined reference to `asn1_write_value'
/usr/bin/ld: (.text+0x32a3): undefined reference to `asn1_delete_structure'
/usr/bin/ld: (.text+0x33d4): undefined reference to `asn1_write_value'
/usr/bin/ld: (.text+0x340a): undefined reference to `asn1_delete_structure'
/usr/bin/ld: (.text+0x3430): undefined reference to `asn1_write_value'
/usr/bin/ld: (.text+0x3479): undefined reference to `asn1_write_value'
/usr/bin/ld: (.text+0x34a5): undefined reference to `asn1_write_value'
/usr/bin/ld: (.text+0x34f9): undefined reference to `asn1_delete_structure'
/usr/bin/ld: (.text+0x36b8): undefined reference to `asn1_delete_structure'
/usr/bin/ld: (.text+0x37e1): undefined reference to `asn1_write_value'
/usr/bin/ld: (.text+0x38ff): undefined reference to `asn1_delete_structure'
/usr/bin/ld: (.text+0x39ba): undefined reference to `asn1_delete_structure'
/usr/bin/ld: (.text+0x3a23): undefined reference to `asn1_delete_structure'
/usr/bin/ld: (.text+0x3a62): undefined reference to `asn1_delete_structure'
/usr/bin/ld: /usr/lib/x86_64-linux-gnu/libgnutls.a(pkcs7-crypt.o): in function `_gnutls_pkcs7_encrypt_data':
(.text+0x3e73): undefined reference to `asn1_create_element'
/usr/bin/ld: (.text+0x3f0b): undefined reference to `asn1_delete_structure2'
/usr/bin/ld: (.text+0x3f58): undefined reference to `asn1_write_value'
/usr/bin/ld: (.text+0x407b): undefined reference to `asn1_write_value'
/usr/bin/ld: (.text+0x4120): undefined reference to `asn1_write_value'
/usr/bin/ld: (.text+0x42aa): undefined reference to `asn1_write_value'
/usr/bin/ld: (.text+0x4319): undefined reference to `asn1_delete_structure2'
/usr/bin/ld: /usr/lib/x86_64-linux-gnu/libgnutls.a(lt2-privkey.o): in function `decode_dsa_key':
(.text+0x56): undefined reference to `asn1_create_element'
/usr/bin/ld: (.text+0x8f): undefined reference to `asn1_der_decoding2'
/usr/bin/ld: (.text+0x188): undefined reference to `asn1_read_value'
/usr/bin/ld: (.text+0x1bf): undefined reference to `asn1_delete_structure2'
/usr/bin/ld: /usr/lib/x86_64-linux-gnu/libgnutls.a(lt2-privkey.o): in function `_gnutls_x509_privkey_reinit':
(.text+0x493): undefined reference to `asn1_delete_structure2'
/usr/bin/ld: /usr/lib/x86_64-linux-gnu/libgnutls.a(lt2-privkey.o): in function `_gnutls_privkey_decode_pkcs1_rsa_key':
(.text+0x617): undefined reference to `asn1_create_element'
/usr/bin/ld: (.text+0x63f): undefined reference to `asn1_der_decoding2'
/usr/bin/ld: (.text+0x797): undefined reference to `asn1_delete_structure2'
/usr/bin/ld: /usr/lib/x86_64-linux-gnu/libgnutls.a(lt2-privkey.o): in function `_gnutls_privkey_decode_ecc_key':
(.text+0x9a1): undefined reference to `asn1_create_element'
/usr/bin/ld: (.text+0xa2b): undefined reference to `asn1_der_decoding2'
/usr/bin/ld: (.text+0xa63): undefined reference to `asn1_delete_structure2'
/usr/bin/ld: (.text+0xc53): undefined reference to `asn1_read_value'
/usr/bin/ld: /usr/lib/x86_64-linux-gnu/libgnutls.a(lt2-privkey.o): in function `gnutls_x509_privkey_fix':
(.text+0x43ed): undefined reference to `asn1_delete_structure2'
/usr/bin/ld: /usr/lib/x86_64-linux-gnu/libgnutls.a(privkey_pkcs8.o): in function `encode_to_pkcs8_key':
(.text+0x1cf): undefined reference to `asn1_create_element'
/usr/bin/ld: (.text+0x248): undefined reference to `asn1_write_value'
/usr/bin/ld: (.text+0x2e4): undefined reference to `asn1_delete_structure2'
/usr/bin/ld: (.text+0x39b): undefined reference to `asn1_write_value'
/usr/bin/ld: /usr/lib/x86_64-linux-gnu/libgnutls.a(privkey_pkcs8.o): in function `encode_to_private_key_info.constprop.0':
(.text+0x68e): undefined reference to `asn1_create_element'
/usr/bin/ld: (.text+0x6d6): undefined reference to `asn1_delete_structure2'
/usr/bin/ld: (.text+0x745): undefined reference to `asn1_write_value'
/usr/bin/ld: (.text+0x7e4): undefined reference to `asn1_write_value'
/usr/bin/ld: (.text+0x83b): undefined reference to `asn1_write_value'
/usr/bin/ld: (.text+0x95b): undefined reference to `asn1_create_element'
/usr/bin/ld: (.text+0x9bb): undefined reference to `asn1_write_value'
/usr/bin/ld: (.text+0xa22): undefined reference to `asn1_write_value'
/usr/bin/ld: (.text+0xa5d): undefined reference to `asn1_der_coding'
/usr/bin/ld: (.text+0xb82): undefined reference to `asn1_delete_structure2'
/usr/bin/ld: (.text+0xb8a): undefined reference to `asn1_delete_structure'
/usr/bin/ld: (.text+0xbe4): undefined reference to `asn1_create_element'
/usr/bin/ld: (.text+0xc75): undefined reference to `asn1_der_coding'
/usr/bin/ld: (.text+0xd3f): undefined reference to `asn1_delete_structure2'
/usr/bin/ld: /usr/lib/x86_64-linux-gnu/libgnutls.a(privkey_pkcs8.o): in function `decode_private_key_info':
(.text+0x1080): undefined reference to `asn1_create_element'
/usr/bin/ld: (.text+0x10b9): undefined reference to `asn1_delete_structure2'
/usr/bin/ld: (.text+0x1113): undefined reference to `asn1_der_decoding2'
/usr/bin/ld: (.text+0x1172): undefined reference to `asn1_read_value'
/usr/bin/ld: (.text+0x1247): undefined reference to `asn1_read_value'
/usr/bin/ld: (.text+0x14c3): undefined reference to `asn1_read_value'
/usr/bin/ld: (.text+0x1965): undefined reference to `asn1_create_element'
/usr/bin/ld: (.text+0x2120): undefined reference to `asn1_der_decoding2'
/usr/bin/ld: (.text+0x216e): undefined reference to `asn1_delete_structure2'
/usr/bin/ld: (.text+0x225e): undefined reference to `asn1_delete_structure2'
/usr/bin/ld: (.text+0x2298): undefined reference to `asn1_create_element'
/usr/bin/ld: (.text+0x2447): undefined reference to `asn1_der_decoding2'
/usr/bin/ld: /usr/lib/x86_64-linux-gnu/libgnutls.a(privkey_pkcs8.o): in function `pkcs8_key_decrypt':
(.text+0x26fa): undefined reference to `asn1_read_value'
/usr/bin/ld: (.text+0x2777): undefined reference to `asn1_der_decoding_startEnd'
/usr/bin/ld: /usr/lib/x86_64-linux-gnu/libgnutls.a(privkey_pkcs8.o): in function `pkcs8_key_decode':
(.text+0x2a9e): undefined reference to `asn1_create_element'
/usr/bin/ld: (.text+0x2ad3): undefined reference to `asn1_delete_structure2'
/usr/bin/ld: (.text+0x2b2a): undefined reference to `asn1_der_decoding2'
/usr/bin/ld: /usr/lib/x86_64-linux-gnu/libgnutls.a(privkey_pkcs8.o): in function `gnutls_x509_privkey_export_pkcs8':
(.text+0x2c4b): undefined reference to `asn1_delete_structure2'
/usr/bin/ld: (.text+0x2cc9): undefined reference to `asn1_delete_structure2'
/usr/bin/ld: (.text+0x2d4b): undefined reference to `asn1_delete_structure2'
/usr/bin/ld: /usr/lib/x86_64-linux-gnu/libgnutls.a(privkey_pkcs8.o): in function `gnutls_pkcs8_info':
(.text+0x2eea): undefined reference to `asn1_create_element'
/usr/bin/ld: (.text+0x2f3d): undefined reference to `asn1_create_element'
/usr/bin/ld: (.text+0x2f75): undefined reference to `asn1_delete_structure2'
/usr/bin/ld: (.text+0x3006): undefined reference to `asn1_der_decoding2'
/usr/bin/ld: (.text+0x301e): undefined reference to `asn1_delete_structure2'
/usr/bin/ld: (.text+0x3062): undefined reference to `asn1_der_decoding2'
/usr/bin/ld: (.text+0x30c3): undefined reference to `asn1_delete_structure2'
/usr/bin/ld: (.text+0x3161): undefined reference to `asn1_read_value'
/usr/bin/ld: (.text+0x31ce): undefined reference to `asn1_der_decoding_startEnd'
/usr/bin/ld: (.text+0x3254): undefined reference to `asn1_delete_structure2'
/usr/bin/ld: (.text+0x32d4): undefined reference to `asn1_delete_structure2'
/usr/bin/ld: (.text+0x32f3): undefined reference to `asn1_delete_structure2'
/usr/bin/ld: (.text+0x336c): undefined reference to `asn1_delete_structure2'
/usr/bin/ld: (.text+0x34a9): undefined reference to `asn1_delete_structure2'
/usr/bin/ld: /usr/lib/x86_64-linux-gnu/libgnutls.a(privkey_pkcs8.o):(.text+0x3559): more undefined references to `asn1_delete_structure2' follow
/usr/bin/ld: /usr/lib/x86_64-linux-gnu/libgnutls.a(privkey_pkcs8_pbes1.o): in function `_gnutls_read_pbkdf1_params':
(.text+0xa9): undefined reference to `asn1_create_element'
/usr/bin/ld: (.text+0x12a): undefined reference to `asn1_der_decoding2'
/usr/bin/ld: (.text+0x15f): undefined reference to `asn1_delete_structure2'
/usr/bin/ld: (.text+0x261): undefined reference to `asn1_read_value'
/usr/bin/ld: /usr/lib/x86_64-linux-gnu/libgnutls.a(privkey_pkcs8_pbes1.o): in function `_gnutls_decrypt_pbes1_des_md5_data':
(.text+0x39b): undefined reference to `nettle_md5_init'
/usr/bin/ld: (.text+0x3b1): undefined reference to `nettle_md5_update'
/usr/bin/ld: (.text+0x3c5): undefined reference to `nettle_md5_update'
/usr/bin/ld: (.text+0x3d5): undefined reference to `nettle_md5_digest'
/usr/bin/ld: (.text+0x3e4): undefined reference to `nettle_md5_init'
/usr/bin/ld: (.text+0x3f4): undefined reference to `nettle_md5_update'
/usr/bin/ld: (.text+0x404): undefined reference to `nettle_md5_digest'
/usr/bin/ld: /usr/lib/x86_64-linux-gnu/libgnutls.a(prov-seed.o): in function `_x509_encode_provable_seed':
(.text+0x5a): undefined reference to `asn1_create_element'
/usr/bin/ld: (.text+0xdc): undefined reference to `asn1_write_value'
/usr/bin/ld: (.text+0x10d): undefined reference to `asn1_delete_structure2'
/usr/bin/ld: (.text+0x134): undefined reference to `asn1_write_value'
/usr/bin/ld: /usr/lib/x86_64-linux-gnu/libgnutls.a(prov-seed.o): in function `_x509_decode_provable_seed':
(.text+0x31e): undefined reference to `asn1_create_element'
/usr/bin/ld: (.text+0x3a5): undefined reference to `asn1_der_decoding2'
/usr/bin/ld: (.text+0x3f8): undefined reference to `asn1_delete_structure2'
/usr/bin/ld: (.text+0x4a3): undefined reference to `asn1_read_value'
/usr/bin/ld: /usr/lib/x86_64-linux-gnu/libgnutls.a(sign.o): in function `_gnutls_x509_pkix_sign':
(.text+0x296): undefined reference to `asn1_copy_node'
/usr/bin/ld: (.text+0x4d7): undefined reference to `asn1_write_value'
/usr/bin/ld: /usr/lib/x86_64-linux-gnu/libgnutls.a(time.o): in function `_gnutls_x509_get_time':
(.text+0x62f): undefined reference to `asn1_read_value'
/usr/bin/ld: (.text+0x6d5): undefined reference to `asn1_read_value'
/usr/bin/ld: (.text+0x734): undefined reference to `asn1_read_value'
/usr/bin/ld: /usr/lib/x86_64-linux-gnu/libgnutls.a(time.o): in function `_gnutls_x509_set_time':
(.text+0x894): undefined reference to `asn1_write_value'
/usr/bin/ld: (.text+0x958): undefined reference to `asn1_write_value'
/usr/bin/ld: (.text+0x98c): undefined reference to `asn1_write_value'
/usr/bin/ld: (.text+0xa16): undefined reference to `asn1_write_value'
/usr/bin/ld: /usr/lib/x86_64-linux-gnu/libgnutls.a(time.o): in function `_gnutls_x509_set_raw_time':
(.text+0xc4e): undefined reference to `asn1_length_der'
/usr/bin/ld: (.text+0xca7): undefined reference to `asn1_write_value'
/usr/bin/ld: /usr/lib/x86_64-linux-gnu/libgnutls.a(x509.o): in function `compare_sig_algorithm':
(.text+0x94): undefined reference to `asn1_read_value'
/usr/bin/ld: (.text+0x117): undefined reference to `asn1_read_value'
/usr/bin/ld: /usr/lib/x86_64-linux-gnu/libgnutls.a(x509.o): in function `legacy_parse_aia':
(.text+0x539): undefined reference to `asn1_read_value'
/usr/bin/ld: (.text+0x5fe): undefined reference to `asn1_read_value'
/usr/bin/ld: (.text+0x677): undefined reference to `asn1_read_value'
/usr/bin/ld: /usr/lib/x86_64-linux-gnu/libgnutls.a(x509.o): in function `gnutls_x509_crt_init':
(.text+0xcb2): undefined reference to `asn1_create_element'
/usr/bin/ld: (.text+0xd57): undefined reference to `asn1_delete_structure'
/usr/bin/ld: (.text+0xdbb): undefined reference to `asn1_delete_structure'
/usr/bin/ld: /usr/lib/x86_64-linux-gnu/libgnutls.a(x509.o): in function `gnutls_x509_crt_deinit':
(.text+0xe6a): undefined reference to `asn1_delete_structure'
/usr/bin/ld: /usr/lib/x86_64-linux-gnu/libgnutls.a(x509.o): in function `gnutls_x509_crt_get_signature_oid':
(.text+0x14e1): undefined reference to `asn1_read_value'
/usr/bin/ld: /usr/lib/x86_64-linux-gnu/libgnutls.a(x509.o): in function `gnutls_x509_crt_get_pk_oid':
(.text+0x1631): undefined reference to `asn1_read_value'
/usr/bin/ld: /usr/lib/x86_64-linux-gnu/libgnutls.a(x509.o): in function `gnutls_x509_crt_get_serial':
(.text+0x1bb2): undefined reference to `asn1_read_value'
/usr/bin/ld: /usr/lib/x86_64-linux-gnu/libgnutls.a(x509.o): in function `_gnutls_parse_general_name2':
(.text+0x2794): undefined reference to `asn1_read_value'
/usr/bin/ld: (.text+0x2a7e): undefined reference to `asn1_read_value'
/usr/bin/ld: /usr/lib/x86_64-linux-gnu/libgnutls.a(x509.o):(.text+0x3b60): more undefined references to `asn1_read_value' follow
/usr/bin/ld: /usr/lib/x86_64-linux-gnu/libgnutls.a(x509.o): in function `gnutls_x509_crt_get_subject':
(.text+0x3f76): undefined reference to `asn1_find_node'
/usr/bin/ld: /usr/lib/x86_64-linux-gnu/libgnutls.a(x509.o): in function `gnutls_x509_crt_get_issuer':
(.text+0x3fc9): undefined reference to `asn1_find_node'
/usr/bin/ld: /usr/lib/x86_64-linux-gnu/libgnutls.a(x509.o): in function `gnutls_x509_crt_get_fingerprint':
(.text+0x4064): undefined reference to `asn1_der_coding'
/usr/bin/ld: (.text+0x40ea): undefined reference to `asn1_der_coding'
/usr/bin/ld: /usr/lib/x86_64-linux-gnu/libgnutls.a(x509.o): in function `gnutls_x509_crt_import':
(.text+0x61af): undefined reference to `asn1_der_decoding2'
/usr/bin/ld: (.text+0x6396): undefined reference to `asn1_delete_structure'
/usr/bin/ld: (.text+0x63af): undefined reference to `asn1_create_element'
/usr/bin/ld: /usr/lib/x86_64-linux-gnu/libgnutls.a(x509.o): in function `gnutls_x509_crt_get_authority_info_access':
(.text+0x6f58): undefined reference to `asn1_create_element'
/usr/bin/ld: (.text+0x6fd2): undefined reference to `asn1_der_decoding2'
/usr/bin/ld: (.text+0x700c): undefined reference to `asn1_delete_structure'
/usr/bin/ld: (.text+0x7048): undefined reference to `asn1_delete_structure'
/usr/bin/ld: /usr/lib/x86_64-linux-gnu/libgnutls.a(x509_dn.o): in function `gnutls_x509_dn_init':
(.text+0xbca): undefined reference to `asn1_create_element'
/usr/bin/ld: /usr/lib/x86_64-linux-gnu/libgnutls.a(x509_dn.o): in function `gnutls_x509_dn_import':
(.text+0xca8): undefined reference to `asn1_der_decoding2'
/usr/bin/ld: /usr/lib/x86_64-linux-gnu/libgnutls.a(x509_dn.o): in function `gnutls_x509_dn_deinit':
(.text+0xdb1): undefined reference to `asn1_delete_structure'
/usr/bin/ld: /usr/lib/x86_64-linux-gnu/libgnutls.a(x509_dn.o): in function `gnutls_x509_dn_get_rdn_ava':
(.text+0xf14): undefined reference to `asn1_find_node'
/usr/bin/ld: (.text+0xf50): undefined reference to `asn1_find_node'
/usr/bin/ld: (.text+0xf6b): undefined reference to `asn1_read_node_value'
/usr/bin/ld: (.text+0xfb7): undefined reference to `asn1_find_node'
/usr/bin/ld: (.text+0xfcb): undefined reference to `asn1_read_node_value'
/usr/bin/ld: (.text+0xff6): undefined reference to `asn1_get_length_der'
/usr/bin/ld: (.text+0x1026): undefined reference to `asn1_get_tag_der'
/usr/bin/ld: (.text+0x1096): undefined reference to `asn1_get_length_der'
/usr/bin/ld: /usr/lib/x86_64-linux-gnu/libgnutls.a(x509_ext.o): in function `parse_aia':
(.text+0x3c7): undefined reference to `asn1_read_value'
/usr/bin/ld: /usr/lib/x86_64-linux-gnu/libgnutls.a(x509_ext.o): in function `gnutls_x509_ext_import_subject_alt_names':
(.text+0x88c): undefined reference to `asn1_create_element'
/usr/bin/ld: (.text+0x917): undefined reference to `asn1_der_decoding2'
/usr/bin/ld: (.text+0xa40): undefined reference to `asn1_delete_structure'
/usr/bin/ld: /usr/lib/x86_64-linux-gnu/libgnutls.a(x509_ext.o): in function `gnutls_x509_ext_export_subject_alt_names':
(.text+0xbcc): undefined reference to `asn1_create_element'
/usr/bin/ld: (.text+0xcc4): undefined reference to `asn1_delete_structure'
/usr/bin/ld: /usr/lib/x86_64-linux-gnu/libgnutls.a(x509_ext.o): in function `gnutls_x509_ext_import_name_constraints':
(.text+0xde6): undefined reference to `asn1_create_element'
/usr/bin/ld: (.text+0xe62): undefined reference to `asn1_der_decoding2'
/usr/bin/ld: (.text+0xf44): undefined reference to `asn1_delete_structure'
/usr/bin/ld: /usr/lib/x86_64-linux-gnu/libgnutls.a(x509_ext.o): in function `gnutls_x509_ext_export_name_constraints':
(.text+0x10c0): undefined reference to `asn1_create_element'
/usr/bin/ld: (.text+0x1174): undefined reference to `asn1_write_value'
/usr/bin/ld: (.text+0x1190): undefined reference to `asn1_write_value'
/usr/bin/ld: (.text+0x11b1): undefined reference to `asn1_write_value'
/usr/bin/ld: (.text+0x125c): undefined reference to `asn1_write_value'
/usr/bin/ld: (.text+0x1278): undefined reference to `asn1_write_value'
/usr/bin/ld: /usr/lib/x86_64-linux-gnu/libgnutls.a(x509_ext.o):(.text+0x1299): more undefined references to `asn1_write_value' follow
/usr/bin/ld: /usr/lib/x86_64-linux-gnu/libgnutls.a(x509_ext.o): in function `gnutls_x509_ext_export_name_constraints':
(.text+0x13a0): undefined reference to `asn1_delete_structure'
/usr/bin/ld: (.text+0x1499): undefined reference to `asn1_write_value'
/usr/bin/ld: /usr/lib/x86_64-linux-gnu/libgnutls.a(x509_ext.o): in function `gnutls_x509_ext_import_subject_key_id':
(.text+0x169e): undefined reference to `asn1_create_element'
/usr/bin/ld: (.text+0x171c): undefined reference to `asn1_der_decoding2'
/usr/bin/ld: (.text+0x174b): undefined reference to `asn1_delete_structure'
/usr/bin/ld: (.text+0x179f): undefined reference to `asn1_delete_structure'
/usr/bin/ld: /usr/lib/x86_64-linux-gnu/libgnutls.a(x509_ext.o): in function `gnutls_x509_ext_export_subject_key_id':
(.text+0x18d9): undefined reference to `asn1_create_element'
/usr/bin/ld: (.text+0x1950): undefined reference to `asn1_write_value'
/usr/bin/ld: (.text+0x197f): undefined reference to `asn1_delete_structure'
/usr/bin/ld: (.text+0x19cf): undefined reference to `asn1_delete_structure'
/usr/bin/ld: /usr/lib/x86_64-linux-gnu/libgnutls.a(x509_ext.o): in function `gnutls_x509_ext_import_authority_key_id':
(.text+0x1e8c): undefined reference to `asn1_create_element'
/usr/bin/ld: (.text+0x1f17): undefined reference to `asn1_der_decoding2'
/usr/bin/ld: (.text+0x2024): undefined reference to `asn1_delete_structure'
/usr/bin/ld: /usr/lib/x86_64-linux-gnu/libgnutls.a(x509_ext.o): in function `gnutls_x509_ext_export_authority_key_id':
(.text+0x222c): undefined reference to `asn1_create_element'
/usr/bin/ld: (.text+0x2258): undefined reference to `asn1_write_value'
/usr/bin/ld: (.text+0x2283): undefined reference to `asn1_write_value'
/usr/bin/ld: (.text+0x2304): undefined reference to `asn1_delete_structure'
/usr/bin/ld: (.text+0x2368): undefined reference to `asn1_write_value'
/usr/bin/ld: (.text+0x23b4): undefined reference to `asn1_write_value'
/usr/bin/ld: (.text+0x23d5): undefined reference to `asn1_write_value'
/usr/bin/ld: (.text+0x2411): undefined reference to `asn1_delete_structure'
/usr/bin/ld: /usr/lib/x86_64-linux-gnu/libgnutls.a(x509_ext.o): in function `gnutls_x509_ext_import_key_usage':
(.text+0x2555): undefined reference to `asn1_create_element'
/usr/bin/ld: (.text+0x25cd): undefined reference to `asn1_der_decoding2'
/usr/bin/ld: (.text+0x25f0): undefined reference to `asn1_delete_structure'
/usr/bin/ld: (.text+0x261a): undefined reference to `asn1_read_value'
/usr/bin/ld: (.text+0x266c): undefined reference to `asn1_delete_structure'
/usr/bin/ld: /usr/lib/x86_64-linux-gnu/libgnutls.a(x509_ext.o): in function `gnutls_x509_ext_export_key_usage':
(.text+0x26f9): undefined reference to `asn1_create_element'
/usr/bin/ld: (.text+0x27e3): undefined reference to `asn1_write_value'
/usr/bin/ld: (.text+0x2804): undefined reference to `asn1_delete_structure'
/usr/bin/ld: (.text+0x2838): undefined reference to `asn1_delete_structure'
/usr/bin/ld: /usr/lib/x86_64-linux-gnu/libgnutls.a(x509_ext.o): in function `gnutls_x509_ext_export_inhibit_anypolicy':
(.text+0x29ab): undefined reference to `asn1_create_element'
/usr/bin/ld: (.text+0x2a49): undefined reference to `asn1_delete_structure'
/usr/bin/ld: /usr/lib/x86_64-linux-gnu/libgnutls.a(x509_ext.o): in function `gnutls_x509_ext_import_private_key_usage_period':
(.text+0x2b2e): undefined reference to `asn1_create_element'
/usr/bin/ld: (.text+0x2b5e): undefined reference to `asn1_delete_structure'
/usr/bin/ld: (.text+0x2bba): undefined reference to `asn1_der_decoding2'
/usr/bin/ld: /usr/lib/x86_64-linux-gnu/libgnutls.a(x509_ext.o): in function `gnutls_x509_ext_export_private_key_usage_period':
(.text+0x2cbe): undefined reference to `asn1_create_element'
/usr/bin/ld: (.text+0x2d82): undefined reference to `asn1_delete_structure'
/usr/bin/ld: (.text+0x2da6): undefined reference to `asn1_delete_structure'
/usr/bin/ld: (.text+0x2dc6): undefined reference to `asn1_delete_structure'
/usr/bin/ld: /usr/lib/x86_64-linux-gnu/libgnutls.a(x509_ext.o): in function `gnutls_x509_ext_import_basic_constraints':
(.text+0x2ed7): undefined reference to `asn1_create_element'
/usr/bin/ld: (.text+0x2f63): undefined reference to `asn1_der_decoding2'
/usr/bin/ld: (.text+0x2ffe): undefined reference to `asn1_read_value'
/usr/bin/ld: (.text+0x3034): undefined reference to `asn1_delete_structure'
/usr/bin/ld: /usr/lib/x86_64-linux-gnu/libgnutls.a(x509_ext.o): in function `gnutls_x509_ext_export_basic_constraints':
(.text+0x318f): undefined reference to `asn1_create_element'
/usr/bin/ld: (.text+0x31bf): undefined reference to `asn1_delete_structure'
/usr/bin/ld: (.text+0x3214): undefined reference to `asn1_write_value'
/usr/bin/ld: (.text+0x328c): undefined reference to `asn1_write_value'
/usr/bin/ld: /usr/lib/x86_64-linux-gnu/libgnutls.a(x509_ext.o): in function `gnutls_x509_ext_import_proxy':
(.text+0x33b3): undefined reference to `asn1_create_element'
/usr/bin/ld: (.text+0x3433): undefined reference to `asn1_der_decoding2'
/usr/bin/ld: (.text+0x3553): undefined reference to `asn1_delete_structure'
/usr/bin/ld: /usr/lib/x86_64-linux-gnu/libgnutls.a(x509_ext.o): in function `gnutls_x509_ext_export_proxy':
(.text+0x3736): undefined reference to `asn1_create_element'
/usr/bin/ld: (.text+0x377f): undefined reference to `asn1_write_value'
/usr/bin/ld: (.text+0x379e): undefined reference to `asn1_write_value'
/usr/bin/ld: (.text+0x37cf): undefined reference to `asn1_delete_structure'
/usr/bin/ld: (.text+0x380c): undefined reference to `asn1_write_value'
/usr/bin/ld: /usr/lib/x86_64-linux-gnu/libgnutls.a(x509_ext.o): in function `gnutls_x509_ext_import_policies':
(.text+0x3e3d): undefined reference to `asn1_create_element'
/usr/bin/ld: (.text+0x3ea4): undefined reference to `asn1_delete_structure'
/usr/bin/ld: (.text+0x3f1c): undefined reference to `asn1_der_decoding2'
/usr/bin/ld: (.text+0x40af): undefined reference to `asn1_read_value'
/usr/bin/ld: (.text+0x4244): undefined reference to `asn1_create_element'
/usr/bin/ld: (.text+0x427a): undefined reference to `asn1_der_decoding2'
/usr/bin/ld: (.text+0x42b7): undefined reference to `asn1_read_value'
/usr/bin/ld: (.text+0x43ca): undefined reference to `asn1_delete_structure'
/usr/bin/ld: (.text+0x4448): undefined reference to `asn1_delete_structure'
/usr/bin/ld: /usr/lib/x86_64-linux-gnu/libgnutls.a(x509_ext.o): in function `gnutls_x509_ext_export_policies':
(.text+0x49a4): undefined reference to `asn1_create_element'
/usr/bin/ld: (.text+0x4a05): undefined reference to `asn1_write_value'
/usr/bin/ld: (.text+0x4a26): undefined reference to `asn1_write_value'
/usr/bin/ld: (.text+0x4a93): undefined reference to `asn1_write_value'
/usr/bin/ld: (.text+0x4ac7): undefined reference to `asn1_write_value'
/usr/bin/ld: (.text+0x4b22): undefined reference to `asn1_create_element'
/usr/bin/ld: (.text+0x4b62): undefined reference to `asn1_delete_structure'
/usr/bin/ld: (.text+0x4b84): undefined reference to `asn1_delete_structure'
/usr/bin/ld: (.text+0x4c28): undefined reference to `asn1_write_value'
/usr/bin/ld: (.text+0x4cbd): undefined reference to `asn1_delete_structure'
/usr/bin/ld: (.text+0x4d78): undefined reference to `asn1_write_value'
/usr/bin/ld: (.text+0x4de8): undefined reference to `asn1_write_value'
/usr/bin/ld: (.text+0x4e93): undefined reference to `asn1_write_value'
/usr/bin/ld: (.text+0x4f0d): undefined reference to `asn1_delete_structure'
/usr/bin/ld: (.text+0x5064): undefined reference to `asn1_delete_structure'
/usr/bin/ld: /usr/lib/x86_64-linux-gnu/libgnutls.a(x509_ext.o): in function `gnutls_x509_ext_import_crl_dist_points':
(.text+0x549d): undefined reference to `asn1_create_element'
/usr/bin/ld: (.text+0x552c): undefined reference to `asn1_der_decoding2'
/usr/bin/ld: (.text+0x55d1): undefined reference to `asn1_read_value'
/usr/bin/ld: (.text+0x56ae): undefined reference to `asn1_delete_structure'
/usr/bin/ld: /usr/lib/x86_64-linux-gnu/libgnutls.a(x509_ext.o): in function `gnutls_x509_ext_export_crl_dist_points':
(.text+0x588d): undefined reference to `asn1_create_element'
/usr/bin/ld: (.text+0x58d5): undefined reference to `asn1_write_value'
/usr/bin/ld: (.text+0x58f5): undefined reference to `asn1_write_value'
/usr/bin/ld: (.text+0x591c): undefined reference to `asn1_write_value'
/usr/bin/ld: (.text+0x5996): undefined reference to `asn1_write_value'
/usr/bin/ld: (.text+0x59d1): undefined reference to `asn1_write_value'
/usr/bin/ld: (.text+0x5a06): undefined reference to `asn1_delete_structure'
/usr/bin/ld: /usr/lib/x86_64-linux-gnu/libgnutls.a(x509_ext.o): in function `gnutls_x509_ext_import_aia':
(.text+0x611e): undefined reference to `asn1_create_element'
/usr/bin/ld: (.text+0x619c): undefined reference to `asn1_der_decoding2'
/usr/bin/ld: (.text+0x61c8): undefined reference to `asn1_delete_structure'
/usr/bin/ld: (.text+0x622f): undefined reference to `asn1_delete_structure'
/usr/bin/ld: /usr/lib/x86_64-linux-gnu/libgnutls.a(x509_ext.o): in function `gnutls_x509_ext_export_aia':
(.text+0x633d): undefined reference to `asn1_create_element'
/usr/bin/ld: (.text+0x6395): undefined reference to `asn1_write_value'
/usr/bin/ld: (.text+0x63eb): undefined reference to `asn1_write_value'
/usr/bin/ld: (.text+0x6425): undefined reference to `asn1_delete_structure'
/usr/bin/ld: /usr/lib/x86_64-linux-gnu/libgnutls.a(x509_ext.o): in function `gnutls_x509_ext_import_key_purposes':
(.text+0x687d): undefined reference to `asn1_create_element'
/usr/bin/ld: (.text+0x6905): undefined reference to `asn1_der_decoding2'
/usr/bin/ld: (.text+0x6a88): undefined reference to `asn1_delete_structure'
/usr/bin/ld: /usr/lib/x86_64-linux-gnu/libgnutls.a(x509_ext.o): in function `gnutls_x509_ext_export_key_purposes':
(.text+0x6bfd): undefined reference to `asn1_create_element'
/usr/bin/ld: (.text+0x6c50): undefined reference to `asn1_write_value'
/usr/bin/ld: (.text+0x6c81): undefined reference to `asn1_write_value'
/usr/bin/ld: (.text+0x6cb6): undefined reference to `asn1_delete_structure'
/usr/bin/ld: /usr/lib/x86_64-linux-gnu/libgnutls.a(x509_ext.o): in function `_gnutls_x509_decode_ext':
(.text+0x6eff): undefined reference to `asn1_create_element'
/usr/bin/ld: (.text+0x6f83): undefined reference to `asn1_der_decoding2'
/usr/bin/ld: (.text+0x6faf): undefined reference to `asn1_delete_structure'
/usr/bin/ld: (.text+0x6fe6): undefined reference to `asn1_read_value'
/usr/bin/ld: (.text+0x7053): undefined reference to `asn1_read_value'
/usr/bin/ld: /usr/lib/x86_64-linux-gnu/libgnutls.a(x509_ext.o): in function `gnutls_x509_ext_import_tlsfeatures':
(.text+0x728f): undefined reference to `asn1_create_element'
/usr/bin/ld: (.text+0x7320): undefined reference to `asn1_der_decoding2'
/usr/bin/ld: (.text+0x735d): undefined reference to `asn1_delete_structure'
/usr/bin/ld: /usr/lib/x86_64-linux-gnu/libgnutls.a(x509_ext.o): in function `gnutls_x509_ext_export_tlsfeatures':
(.text+0x76e6): undefined reference to `asn1_create_element'
/usr/bin/ld: (.text+0x775e): undefined reference to `asn1_write_value'
/usr/bin/ld: (.text+0x7793): undefined reference to `asn1_delete_structure'
/usr/bin/ld: /usr/lib/x86_64-linux-gnu/libgnutls.a(x509_write.o): in function `gnutls_x509_crt_set_proxy_dn':
(.text+0xee): undefined reference to `asn1_copy_node'
/usr/bin/ld: /usr/lib/x86_64-linux-gnu/libgnutls.a(x509_write.o): in function `gnutls_x509_crt_set_version':
(.text+0x217): undefined reference to `asn1_write_value'
/usr/bin/ld: /usr/lib/x86_64-linux-gnu/libgnutls.a(x509_write.o): in function `gnutls_x509_crt_set_crq':
(.text+0x3fb): undefined reference to `asn1_copy_node'
/usr/bin/ld: (.text+0x44f): undefined reference to `asn1_copy_node'
/usr/bin/ld: /usr/lib/x86_64-linux-gnu/libgnutls.a(x509_write.o): in function `gnutls_x509_crt_set_serial':
(.text+0x1a95): undefined reference to `asn1_write_value'
/usr/bin/ld: /usr/lib/x86_64-linux-gnu/libgnutls.a(x509_write.o): in function `gnutls_x509_crt_set_issuer_unique_id':
(.text+0x1ba2): undefined reference to `asn1_write_value'
/usr/bin/ld: /usr/lib/x86_64-linux-gnu/libgnutls.a(x509_write.o): in function `gnutls_x509_crt_set_subject_unique_id':
(.text+0x1c82): undefined reference to `asn1_write_value'
/usr/bin/ld: /usr/lib/x86_64-linux-gnu/libgnutls.a(x509_write.o): in function `gnutls_x509_crt_privkey_sign':
(.text+0x27b7): undefined reference to `asn1_find_node'
/usr/bin/ld: (.text+0x27d3): undefined reference to `asn1_read_node_value'
/usr/bin/ld: (.text+0x27ed): undefined reference to `asn1_find_node'
/usr/bin/ld: (.text+0x2805): undefined reference to `asn1_write_value'
/usr/bin/ld: (.text+0x2814): undefined reference to `asn1_write_value'
/usr/bin/ld: (.text+0x283f): undefined reference to `asn1_write_value'
/usr/bin/ld: (.text+0x28b6): undefined reference to `asn1_find_node'
/usr/bin/ld: (.text+0x28d3): undefined reference to `asn1_read_node_value'
/usr/bin/ld: (.text+0x28f8): undefined reference to `asn1_write_value'
/usr/bin/ld: (.text+0x295c): undefined reference to `asn1_find_node'
/usr/bin/ld: (.text+0x296d): undefined reference to `asn1_read_node_value'
/usr/bin/ld: (.text+0x29eb): undefined reference to `asn1_write_value'
/usr/bin/ld: /usr/lib/x86_64-linux-gnu/libgnutls.a(cert.o): in function `_gnutls_select_client_cert':
(.text+0x2531): undefined reference to `asn1_create_element'
/usr/bin/ld: (.text+0x2559): undefined reference to `asn1_der_decoding'
/usr/bin/ld: (.text+0x2587): undefined reference to `asn1_delete_structure'
/usr/bin/ld: (.text+0x2612): undefined reference to `asn1_der_decoding_startEnd'
/usr/bin/ld: (.text+0x2695): undefined reference to `asn1_delete_structure'
/usr/bin/ld: /usr/lib/x86_64-linux-gnu/libgnutls.a(lt12-cipher.o): in function `_cfb8_decrypt':
(.text+0x2f9): undefined reference to `nettle_cfb8_decrypt'
/usr/bin/ld: /usr/lib/x86_64-linux-gnu/libgnutls.a(lt12-cipher.o): in function `_cfb8_encrypt':
(.text+0x339): undefined reference to `nettle_cfb8_encrypt'
/usr/bin/ld: /usr/lib/x86_64-linux-gnu/libgnutls.a(lt12-cipher.o): in function `_ctr_acpkm_crypt':
(.text+0x4dc): undefined reference to `nettle_ctr_crypt'
/usr/bin/ld: /usr/lib/x86_64-linux-gnu/libgnutls.a(lt12-cipher.o): in function `_cfb_decrypt':
(.text+0x639): undefined reference to `nettle_cfb_decrypt'
/usr/bin/ld: /usr/lib/x86_64-linux-gnu/libgnutls.a(lt12-cipher.o): in function `_cfb_encrypt':
(.text+0x679): undefined reference to `nettle_cfb_encrypt'
/usr/bin/ld: /usr/lib/x86_64-linux-gnu/libgnutls.a(lt12-cipher.o): in function `_chacha_set_nonce':
(.text+0x6b6): undefined reference to `nettle_chacha_set_nonce'
/usr/bin/ld: /usr/lib/x86_64-linux-gnu/libgnutls.a(lt12-cipher.o): in function `_chacha_set_nonce96':
(.text+0x6e6): undefined reference to `nettle_chacha_set_nonce96'
/usr/bin/ld: /usr/lib/x86_64-linux-gnu/libgnutls.a(lt12-cipher.o): in function `_cbc_decrypt':
(.text+0x749): undefined reference to `nettle_cbc_decrypt'
/usr/bin/ld: /usr/lib/x86_64-linux-gnu/libgnutls.a(lt12-cipher.o): in function `_cbc_encrypt':
(.text+0x789): undefined reference to `nettle_cbc_encrypt'
/usr/bin/ld: /usr/lib/x86_64-linux-gnu/libgnutls.a(lt12-cipher.o): in function `_ccm_decrypt':
(.text+0x7d1): undefined reference to `nettle_ccm_decrypt_message'
/usr/bin/ld: /usr/lib/x86_64-linux-gnu/libgnutls.a(lt12-cipher.o): in function `_ccm_encrypt':
(.text+0x811): undefined reference to `nettle_ccm_encrypt_message'
/usr/bin/ld: /usr/lib/x86_64-linux-gnu/libgnutls.a(lt12-cipher.o): in function `_gcm_decrypt':
(.text+0x850): undefined reference to `nettle_gcm_decrypt'
/usr/bin/ld: /usr/lib/x86_64-linux-gnu/libgnutls.a(lt12-cipher.o): in function `_gcm_encrypt':
(.text+0x890): undefined reference to `nettle_gcm_encrypt'
/usr/bin/ld: /usr/lib/x86_64-linux-gnu/libgnutls.a(lt12-cipher.o): in function `_siv_gcm_aes256_decrypt_message':
(.text+0xf2): undefined reference to `nettle_siv_gcm_aes256_decrypt_message'
/usr/bin/ld: /usr/lib/x86_64-linux-gnu/libgnutls.a(lt12-cipher.o): in function `_siv_gcm_aes256_encrypt_message':
(.text+0x122): undefined reference to `nettle_siv_gcm_aes256_encrypt_message'
/usr/bin/ld: /usr/lib/x86_64-linux-gnu/libgnutls.a(lt12-cipher.o): in function `_siv_gcm_aes128_decrypt_message':
(.text+0x152): undefined reference to `nettle_siv_gcm_aes128_decrypt_message'
/usr/bin/ld: /usr/lib/x86_64-linux-gnu/libgnutls.a(lt12-cipher.o): in function `_siv_gcm_aes128_encrypt_message':
(.text+0x182): undefined reference to `nettle_siv_gcm_aes128_encrypt_message'
/usr/bin/ld: /usr/lib/x86_64-linux-gnu/libgnutls.a(lt12-cipher.o): in function `_siv_cmac_aes256_decrypt_message':
(.text+0x1b2): undefined reference to `nettle_siv_cmac_aes256_decrypt_message'
/usr/bin/ld: /usr/lib/x86_64-linux-gnu/libgnutls.a(lt12-cipher.o): in function `_siv_cmac_aes256_encrypt_message':
(.text+0x1e2): undefined reference to `nettle_siv_cmac_aes256_encrypt_message'
/usr/bin/ld: /usr/lib/x86_64-linux-gnu/libgnutls.a(lt12-cipher.o): in function `_siv_cmac_aes128_decrypt_message':
(.text+0x212): undefined reference to `nettle_siv_cmac_aes128_decrypt_message'
/usr/bin/ld: /usr/lib/x86_64-linux-gnu/libgnutls.a(lt12-cipher.o): in function `_siv_cmac_aes128_encrypt_message':
(.text+0x242): undefined reference to `nettle_siv_cmac_aes128_encrypt_message'
/usr/bin/ld: /usr/lib/x86_64-linux-gnu/libgnutls.a(lt12-cipher.o): in function `_xts_aes256_decrypt':
(.text+0x269): undefined reference to `nettle_xts_aes256_decrypt_message'
/usr/bin/ld: /usr/lib/x86_64-linux-gnu/libgnutls.a(lt12-cipher.o): in function `_xts_aes256_encrypt':
(.text+0x289): undefined reference to `nettle_xts_aes256_encrypt_message'
/usr/bin/ld: /usr/lib/x86_64-linux-gnu/libgnutls.a(lt12-cipher.o): in function `_xts_aes128_decrypt':
(.text+0x2a9): undefined reference to `nettle_xts_aes128_decrypt_message'
/usr/bin/ld: /usr/lib/x86_64-linux-gnu/libgnutls.a(lt12-cipher.o): in function `_xts_aes128_encrypt':
(.text+0x2c9): undefined reference to `nettle_xts_aes128_encrypt_message'
/usr/bin/ld: /usr/lib/x86_64-linux-gnu/libgnutls.a(lt12-cipher.o): in function `_chacha_poly1305_set_nonce':
(.text+0x698): undefined reference to `nettle_chacha_poly1305_set_nonce'
/usr/bin/ld: /usr/lib/x86_64-linux-gnu/libgnutls.a(lt12-cipher.o): in function `_chacha_set_nonce':
(.text+0x6c5): undefined reference to `nettle_chacha_set_counter'
/usr/bin/ld: /usr/lib/x86_64-linux-gnu/libgnutls.a(lt12-cipher.o): in function `_chacha_set_nonce96':
(.text+0x6f5): undefined reference to `nettle_chacha_set_counter32'
/usr/bin/ld: /usr/lib/x86_64-linux-gnu/libgnutls.a(lt12-cipher.o): in function `_des3_set_key':
(.text+0x705): undefined reference to `nettle_des3_set_key'
/usr/bin/ld: /usr/lib/x86_64-linux-gnu/libgnutls.a(lt12-cipher.o): in function `_des_set_key':
(.text+0x715): undefined reference to `nettle_des_set_key'
/usr/bin/ld: /usr/lib/x86_64-linux-gnu/libgnutls.a(lt12-cipher.o):(.data.rel.ro+0x8): undefined reference to `nettle_aes128_encrypt'
/usr/bin/ld: /usr/lib/x86_64-linux-gnu/libgnutls.a(lt12-cipher.o):(.data.rel.ro+0x10): undefined reference to `nettle_aes128_decrypt'
/usr/bin/ld: /usr/lib/x86_64-linux-gnu/libgnutls.a(lt12-cipher.o):(.data.rel.ro+0x48): undefined reference to `nettle_gcm_aes128_update'
/usr/bin/ld: /usr/lib/x86_64-linux-gnu/libgnutls.a(lt12-cipher.o):(.data.rel.ro+0x50): undefined reference to `nettle_gcm_aes128_digest'
/usr/bin/ld: /usr/lib/x86_64-linux-gnu/libgnutls.a(lt12-cipher.o):(.data.rel.ro+0x58): undefined reference to `nettle_gcm_aes128_set_key'
/usr/bin/ld: /usr/lib/x86_64-linux-gnu/libgnutls.a(lt12-cipher.o):(.data.rel.ro+0x60): undefined reference to `nettle_gcm_aes128_set_key'
/usr/bin/ld: /usr/lib/x86_64-linux-gnu/libgnutls.a(lt12-cipher.o):(.data.rel.ro+0x70): undefined reference to `nettle_gcm_aes128_set_iv'
/usr/bin/ld: /usr/lib/x86_64-linux-gnu/libgnutls.a(lt12-cipher.o):(.data.rel.ro+0x80): undefined reference to `nettle_aes192_encrypt'
/usr/bin/ld: /usr/lib/x86_64-linux-gnu/libgnutls.a(lt12-cipher.o):(.data.rel.ro+0x88): undefined reference to `nettle_aes192_decrypt'
/usr/bin/ld: /usr/lib/x86_64-linux-gnu/libgnutls.a(lt12-cipher.o):(.data.rel.ro+0xc0): undefined reference to `nettle_gcm_aes192_update'
/usr/bin/ld: /usr/lib/x86_64-linux-gnu/libgnutls.a(lt12-cipher.o):(.data.rel.ro+0xc8): undefined reference to `nettle_gcm_aes192_digest'
/usr/bin/ld: /usr/lib/x86_64-linux-gnu/libgnutls.a(lt12-cipher.o):(.data.rel.ro+0xd0): undefined reference to `nettle_gcm_aes192_set_key'
/usr/bin/ld: /usr/lib/x86_64-linux-gnu/libgnutls.a(lt12-cipher.o):(.data.rel.ro+0xd8): undefined reference to `nettle_gcm_aes192_set_key'
/usr/bin/ld: /usr/lib/x86_64-linux-gnu/libgnutls.a(lt12-cipher.o):(.data.rel.ro+0xe8): undefined reference to `nettle_gcm_aes192_set_iv'
/usr/bin/ld: /usr/lib/x86_64-linux-gnu/libgnutls.a(lt12-cipher.o):(.data.rel.ro+0xf8): undefined reference to `nettle_aes256_encrypt'
/usr/bin/ld: /usr/lib/x86_64-linux-gnu/libgnutls.a(lt12-cipher.o):(.data.rel.ro+0x100): undefined reference to `nettle_aes256_decrypt'
/usr/bin/ld: /usr/lib/x86_64-linux-gnu/libgnutls.a(lt12-cipher.o):(.data.rel.ro+0x138): undefined reference to `nettle_gcm_aes256_update'
/usr/bin/ld: /usr/lib/x86_64-linux-gnu/libgnutls.a(lt12-cipher.o):(.data.rel.ro+0x140): undefined reference to `nettle_gcm_aes256_digest'
/usr/bin/ld: /usr/lib/x86_64-linux-gnu/libgnutls.a(lt12-cipher.o):(.data.rel.ro+0x148): undefined reference to `nettle_gcm_aes256_set_key'
/usr/bin/ld: /usr/lib/x86_64-linux-gnu/libgnutls.a(lt12-cipher.o):(.data.rel.ro+0x150): undefined reference to `nettle_gcm_aes256_set_key'
/usr/bin/ld: /usr/lib/x86_64-linux-gnu/libgnutls.a(lt12-cipher.o):(.data.rel.ro+0x160): undefined reference to `nettle_gcm_aes256_set_iv'
/usr/bin/ld: /usr/lib/x86_64-linux-gnu/libgnutls.a(lt12-cipher.o):(.data.rel.ro+0x170): undefined reference to `nettle_aes128_encrypt'
/usr/bin/ld: /usr/lib/x86_64-linux-gnu/libgnutls.a(lt12-cipher.o):(.data.rel.ro+0x178): undefined reference to `nettle_aes128_decrypt'
/usr/bin/ld: /usr/lib/x86_64-linux-gnu/libgnutls.a(lt12-cipher.o):(.data.rel.ro+0x1c0): undefined reference to `nettle_aes128_set_encrypt_key'
/usr/bin/ld: /usr/lib/x86_64-linux-gnu/libgnutls.a(lt12-cipher.o):(.data.rel.ro+0x1c8): undefined reference to `nettle_aes128_set_encrypt_key'
/usr/bin/ld: /usr/lib/x86_64-linux-gnu/libgnutls.a(lt12-cipher.o):(.data.rel.ro+0x1e8): undefined reference to `nettle_aes128_encrypt'
/usr/bin/ld: /usr/lib/x86_64-linux-gnu/libgnutls.a(lt12-cipher.o):(.data.rel.ro+0x1f0): undefined reference to `nettle_aes128_decrypt'
/usr/bin/ld: /usr/lib/x86_64-linux-gnu/libgnutls.a(lt12-cipher.o):(.data.rel.ro+0x238): undefined reference to `nettle_aes128_set_encrypt_key'
/usr/bin/ld: /usr/lib/x86_64-linux-gnu/libgnutls.a(lt12-cipher.o):(.data.rel.ro+0x240): undefined reference to `nettle_aes128_set_encrypt_key'
/usr/bin/ld: /usr/lib/x86_64-linux-gnu/libgnutls.a(lt12-cipher.o):(.data.rel.ro+0x260): undefined reference to `nettle_aes256_encrypt'
/usr/bin/ld: /usr/lib/x86_64-linux-gnu/libgnutls.a(lt12-cipher.o):(.data.rel.ro+0x268): undefined reference to `nettle_aes256_decrypt'
/usr/bin/ld: /usr/lib/x86_64-linux-gnu/libgnutls.a(lt12-cipher.o):(.data.rel.ro+0x2b0): undefined reference to `nettle_aes256_set_encrypt_key'
/usr/bin/ld: /usr/lib/x86_64-linux-gnu/libgnutls.a(lt12-cipher.o):(.data.rel.ro+0x2b8): undefined reference to `nettle_aes256_set_encrypt_key'
/usr/bin/ld: /usr/lib/x86_64-linux-gnu/libgnutls.a(lt12-cipher.o):(.data.rel.ro+0x2d8): undefined reference to `nettle_aes256_encrypt'
/usr/bin/ld: /usr/lib/x86_64-linux-gnu/libgnutls.a(lt12-cipher.o):(.data.rel.ro+0x2e0): undefined reference to `nettle_aes256_decrypt'
/usr/bin/ld: /usr/lib/x86_64-linux-gnu/libgnutls.a(lt12-cipher.o):(.data.rel.ro+0x328): undefined reference to `nettle_aes256_set_encrypt_key'
/usr/bin/ld: /usr/lib/x86_64-linux-gnu/libgnutls.a(lt12-cipher.o):(.data.rel.ro+0x330): undefined reference to `nettle_aes256_set_encrypt_key'
/usr/bin/ld: /usr/lib/x86_64-linux-gnu/libgnutls.a(lt12-cipher.o):(.data.rel.ro+0x350): undefined reference to `nettle_camellia128_crypt'
/usr/bin/ld: /usr/lib/x86_64-linux-gnu/libgnutls.a(lt12-cipher.o):(.data.rel.ro+0x358): undefined reference to `nettle_camellia128_crypt'
/usr/bin/ld: /usr/lib/x86_64-linux-gnu/libgnutls.a(lt12-cipher.o):(.data.rel.ro+0x390): undefined reference to `nettle_gcm_camellia128_update'
/usr/bin/ld: /usr/lib/x86_64-linux-gnu/libgnutls.a(lt12-cipher.o):(.data.rel.ro+0x398): undefined reference to `nettle_gcm_camellia128_digest'
/usr/bin/ld: /usr/lib/x86_64-linux-gnu/libgnutls.a(lt12-cipher.o):(.data.rel.ro+0x3a0): undefined reference to `nettle_gcm_camellia128_set_key'
/usr/bin/ld: /usr/lib/x86_64-linux-gnu/libgnutls.a(lt12-cipher.o):(.data.rel.ro+0x3a8): undefined reference to `nettle_gcm_camellia128_set_key'
/usr/bin/ld: /usr/lib/x86_64-linux-gnu/libgnutls.a(lt12-cipher.o):(.data.rel.ro+0x3b8): undefined reference to `nettle_gcm_camellia128_set_iv'
/usr/bin/ld: /usr/lib/x86_64-linux-gnu/libgnutls.a(lt12-cipher.o):(.data.rel.ro+0x3c8): undefined reference to `nettle_camellia256_crypt'
/usr/bin/ld: /usr/lib/x86_64-linux-gnu/libgnutls.a(lt12-cipher.o):(.data.rel.ro+0x3d0): undefined reference to `nettle_camellia256_crypt'
/usr/bin/ld: /usr/lib/x86_64-linux-gnu/libgnutls.a(lt12-cipher.o):(.data.rel.ro+0x408): undefined reference to `nettle_gcm_camellia256_update'
/usr/bin/ld: /usr/lib/x86_64-linux-gnu/libgnutls.a(lt12-cipher.o):(.data.rel.ro+0x410): undefined reference to `nettle_gcm_camellia256_digest'
/usr/bin/ld: /usr/lib/x86_64-linux-gnu/libgnutls.a(lt12-cipher.o):(.data.rel.ro+0x418): undefined reference to `nettle_gcm_camellia256_set_key'
/usr/bin/ld: /usr/lib/x86_64-linux-gnu/libgnutls.a(lt12-cipher.o):(.data.rel.ro+0x420): undefined reference to `nettle_gcm_camellia256_set_key'
/usr/bin/ld: /usr/lib/x86_64-linux-gnu/libgnutls.a(lt12-cipher.o):(.data.rel.ro+0x430): undefined reference to `nettle_gcm_camellia256_set_iv'
/usr/bin/ld: /usr/lib/x86_64-linux-gnu/libgnutls.a(lt12-cipher.o):(.data.rel.ro+0x440): undefined reference to `nettle_aes128_encrypt'
/usr/bin/ld: /usr/lib/x86_64-linux-gnu/libgnutls.a(lt12-cipher.o):(.data.rel.ro+0x448): undefined reference to `nettle_aes128_decrypt'
/usr/bin/ld: /usr/lib/x86_64-linux-gnu/libgnutls.a(lt12-cipher.o):(.data.rel.ro+0x490): undefined reference to `nettle_aes128_set_encrypt_key'
/usr/bin/ld: /usr/lib/x86_64-linux-gnu/libgnutls.a(lt12-cipher.o):(.data.rel.ro+0x498): undefined reference to `nettle_aes128_set_decrypt_key'
/usr/bin/ld: /usr/lib/x86_64-linux-gnu/libgnutls.a(lt12-cipher.o):(.data.rel.ro+0x4b8): undefined reference to `nettle_aes192_encrypt'
/usr/bin/ld: /usr/lib/x86_64-linux-gnu/libgnutls.a(lt12-cipher.o):(.data.rel.ro+0x4c0): undefined reference to `nettle_aes192_decrypt'
/usr/bin/ld: /usr/lib/x86_64-linux-gnu/libgnutls.a(lt12-cipher.o):(.data.rel.ro+0x508): undefined reference to `nettle_aes192_set_encrypt_key'
/usr/bin/ld: /usr/lib/x86_64-linux-gnu/libgnutls.a(lt12-cipher.o):(.data.rel.ro+0x510): undefined reference to `nettle_aes192_set_decrypt_key'
/usr/bin/ld: /usr/lib/x86_64-linux-gnu/libgnutls.a(lt12-cipher.o):(.data.rel.ro+0x530): undefined reference to `nettle_aes256_encrypt'
/usr/bin/ld: /usr/lib/x86_64-linux-gnu/libgnutls.a(lt12-cipher.o):(.data.rel.ro+0x538): undefined reference to `nettle_aes256_decrypt'
/usr/bin/ld: /usr/lib/x86_64-linux-gnu/libgnutls.a(lt12-cipher.o):(.data.rel.ro+0x580): undefined reference to `nettle_aes256_set_encrypt_key'
/usr/bin/ld: /usr/lib/x86_64-linux-gnu/libgnutls.a(lt12-cipher.o):(.data.rel.ro+0x588): undefined reference to `nettle_aes256_set_decrypt_key'
/usr/bin/ld: /usr/lib/x86_64-linux-gnu/libgnutls.a(lt12-cipher.o):(.data.rel.ro+0x5a8): undefined reference to `nettle_camellia128_crypt'
/usr/bin/ld: /usr/lib/x86_64-linux-gnu/libgnutls.a(lt12-cipher.o):(.data.rel.ro+0x5b0): undefined reference to `nettle_camellia128_crypt'
/usr/bin/ld: /usr/lib/x86_64-linux-gnu/libgnutls.a(lt12-cipher.o):(.data.rel.ro+0x5f8): undefined reference to `nettle_camellia128_set_encrypt_key'
/usr/bin/ld: /usr/lib/x86_64-linux-gnu/libgnutls.a(lt12-cipher.o):(.data.rel.ro+0x600): undefined reference to `nettle_camellia_set_decrypt_key'
/usr/bin/ld: /usr/lib/x86_64-linux-gnu/libgnutls.a(lt12-cipher.o):(.data.rel.ro+0x620): undefined reference to `nettle_camellia256_crypt'
/usr/bin/ld: /usr/lib/x86_64-linux-gnu/libgnutls.a(lt12-cipher.o):(.data.rel.ro+0x628): undefined reference to `nettle_camellia256_crypt'
/usr/bin/ld: /usr/lib/x86_64-linux-gnu/libgnutls.a(lt12-cipher.o):(.data.rel.ro+0x670): undefined reference to `nettle_camellia192_set_encrypt_key'
/usr/bin/ld: /usr/lib/x86_64-linux-gnu/libgnutls.a(lt12-cipher.o):(.data.rel.ro+0x678): undefined reference to `nettle_camellia192_set_decrypt_key'
/usr/bin/ld: /usr/lib/x86_64-linux-gnu/libgnutls.a(lt12-cipher.o):(.data.rel.ro+0x698): undefined reference to `nettle_camellia256_crypt'
/usr/bin/ld: /usr/lib/x86_64-linux-gnu/libgnutls.a(lt12-cipher.o):(.data.rel.ro+0x6a0): undefined reference to `nettle_camellia256_crypt'
/usr/bin/ld: /usr/lib/x86_64-linux-gnu/libgnutls.a(lt12-cipher.o):(.data.rel.ro+0x6e8): undefined reference to `nettle_camellia256_set_encrypt_key'
/usr/bin/ld: /usr/lib/x86_64-linux-gnu/libgnutls.a(lt12-cipher.o):(.data.rel.ro+0x6f0): undefined reference to `nettle_camellia256_set_decrypt_key'
/usr/bin/ld: /usr/lib/x86_64-linux-gnu/libgnutls.a(lt12-cipher.o):(.data.rel.ro+0x710): undefined reference to `nettle_arctwo_encrypt'
/usr/bin/ld: /usr/lib/x86_64-linux-gnu/libgnutls.a(lt12-cipher.o):(.data.rel.ro+0x718): undefined reference to `nettle_arctwo_decrypt'
/usr/bin/ld: /usr/lib/x86_64-linux-gnu/libgnutls.a(lt12-cipher.o):(.data.rel.ro+0x760): undefined reference to `nettle_arctwo40_set_key'
/usr/bin/ld: /usr/lib/x86_64-linux-gnu/libgnutls.a(lt12-cipher.o):(.data.rel.ro+0x768): undefined reference to `nettle_arctwo40_set_key'
/usr/bin/ld: /usr/lib/x86_64-linux-gnu/libgnutls.a(lt12-cipher.o):(.data.rel.ro+0x788): undefined reference to `nettle_des_encrypt'
/usr/bin/ld: /usr/lib/x86_64-linux-gnu/libgnutls.a(lt12-cipher.o):(.data.rel.ro+0x790): undefined reference to `nettle_des_decrypt'
/usr/bin/ld: /usr/lib/x86_64-linux-gnu/libgnutls.a(lt12-cipher.o):(.data.rel.ro+0x800): undefined reference to `nettle_des3_encrypt'
/usr/bin/ld: /usr/lib/x86_64-linux-gnu/libgnutls.a(lt12-cipher.o):(.data.rel.ro+0x808): undefined reference to `nettle_des3_decrypt'
/usr/bin/ld: /usr/lib/x86_64-linux-gnu/libgnutls.a(lt12-cipher.o):(.data.rel.ro+0x878): undefined reference to `nettle_arcfour_crypt'
/usr/bin/ld: /usr/lib/x86_64-linux-gnu/libgnutls.a(lt12-cipher.o):(.data.rel.ro+0x880): undefined reference to `nettle_arcfour_crypt'
/usr/bin/ld: /usr/lib/x86_64-linux-gnu/libgnutls.a(lt12-cipher.o):(.data.rel.ro+0x8c8): undefined reference to `nettle_arcfour128_set_key'
/usr/bin/ld: /usr/lib/x86_64-linux-gnu/libgnutls.a(lt12-cipher.o):(.data.rel.ro+0x8d0): undefined reference to `nettle_arcfour128_set_key'
/usr/bin/ld: /usr/lib/x86_64-linux-gnu/libgnutls.a(lt12-cipher.o):(.data.rel.ro+0x8d8): undefined reference to `nettle_arcfour_set_key'
/usr/bin/ld: /usr/lib/x86_64-linux-gnu/libgnutls.a(lt12-cipher.o):(.data.rel.ro+0x8f0): undefined reference to `nettle_salsa20_crypt'
/usr/bin/ld: /usr/lib/x86_64-linux-gnu/libgnutls.a(lt12-cipher.o):(.data.rel.ro+0x8f8): undefined reference to `nettle_salsa20_crypt'
/usr/bin/ld: /usr/lib/x86_64-linux-gnu/libgnutls.a(lt12-cipher.o):(.data.rel.ro+0x940): undefined reference to `nettle_salsa20_256_set_key'
/usr/bin/ld: /usr/lib/x86_64-linux-gnu/libgnutls.a(lt12-cipher.o):(.data.rel.ro+0x948): undefined reference to `nettle_salsa20_256_set_key'
/usr/bin/ld: /usr/lib/x86_64-linux-gnu/libgnutls.a(lt12-cipher.o):(.data.rel.ro+0x968): undefined reference to `nettle_salsa20r12_crypt'
/usr/bin/ld: /usr/lib/x86_64-linux-gnu/libgnutls.a(lt12-cipher.o):(.data.rel.ro+0x970): undefined reference to `nettle_salsa20r12_crypt'
/usr/bin/ld: /usr/lib/x86_64-linux-gnu/libgnutls.a(lt12-cipher.o):(.data.rel.ro+0x9b8): undefined reference to `nettle_salsa20_256_set_key'
/usr/bin/ld: /usr/lib/x86_64-linux-gnu/libgnutls.a(lt12-cipher.o):(.data.rel.ro+0x9c0): undefined reference to `nettle_salsa20_256_set_key'
/usr/bin/ld: /usr/lib/x86_64-linux-gnu/libgnutls.a(lt12-cipher.o):(.data.rel.ro+0x9e0): undefined reference to `nettle_chacha_crypt32'
/usr/bin/ld: /usr/lib/x86_64-linux-gnu/libgnutls.a(lt12-cipher.o):(.data.rel.ro+0x9e8): undefined reference to `nettle_chacha_crypt32'
/usr/bin/ld: /usr/lib/x86_64-linux-gnu/libgnutls.a(lt12-cipher.o):(.data.rel.ro+0xa30): undefined reference to `nettle_chacha_set_key'
/usr/bin/ld: /usr/lib/x86_64-linux-gnu/libgnutls.a(lt12-cipher.o):(.data.rel.ro+0xa38): undefined reference to `nettle_chacha_set_key'
/usr/bin/ld: /usr/lib/x86_64-linux-gnu/libgnutls.a(lt12-cipher.o):(.data.rel.ro+0xa58): undefined reference to `nettle_chacha_crypt'
/usr/bin/ld: /usr/lib/x86_64-linux-gnu/libgnutls.a(lt12-cipher.o):(.data.rel.ro+0xa60): undefined reference to `nettle_chacha_crypt'
/usr/bin/ld: /usr/lib/x86_64-linux-gnu/libgnutls.a(lt12-cipher.o):(.data.rel.ro+0xaa8): undefined reference to `nettle_chacha_set_key'
/usr/bin/ld: /usr/lib/x86_64-linux-gnu/libgnutls.a(lt12-cipher.o):(.data.rel.ro+0xab0): undefined reference to `nettle_chacha_set_key'
/usr/bin/ld: /usr/lib/x86_64-linux-gnu/libgnutls.a(lt12-cipher.o):(.data.rel.ro+0xad0): undefined reference to `nettle_chacha_poly1305_encrypt'
/usr/bin/ld: /usr/lib/x86_64-linux-gnu/libgnutls.a(lt12-cipher.o):(.data.rel.ro+0xad8): undefined reference to `nettle_chacha_poly1305_decrypt'
/usr/bin/ld: /usr/lib/x86_64-linux-gnu/libgnutls.a(lt12-cipher.o):(.data.rel.ro+0xb10): undefined reference to `nettle_chacha_poly1305_update'
/usr/bin/ld: /usr/lib/x86_64-linux-gnu/libgnutls.a(lt12-cipher.o):(.data.rel.ro+0xb18): undefined reference to `nettle_chacha_poly1305_digest'
/usr/bin/ld: /usr/lib/x86_64-linux-gnu/libgnutls.a(lt12-cipher.o):(.data.rel.ro+0xb20): undefined reference to `nettle_chacha_poly1305_set_key'
/usr/bin/ld: /usr/lib/x86_64-linux-gnu/libgnutls.a(lt12-cipher.o):(.data.rel.ro+0xb28): undefined reference to `nettle_chacha_poly1305_set_key'
/usr/bin/ld: /usr/lib/x86_64-linux-gnu/libgnutls.a(lt12-cipher.o):(.data.rel.ro+0xf08): undefined reference to `nettle_aes128_encrypt'
/usr/bin/ld: /usr/lib/x86_64-linux-gnu/libgnutls.a(lt12-cipher.o):(.data.rel.ro+0xf10): undefined reference to `nettle_aes128_encrypt'
/usr/bin/ld: /usr/lib/x86_64-linux-gnu/libgnutls.a(lt12-cipher.o):(.data.rel.ro+0xf58): undefined reference to `nettle_aes128_set_encrypt_key'
/usr/bin/ld: /usr/lib/x86_64-linux-gnu/libgnutls.a(lt12-cipher.o):(.data.rel.ro+0xf60): undefined reference to `nettle_aes128_set_encrypt_key'
/usr/bin/ld: /usr/lib/x86_64-linux-gnu/libgnutls.a(lt12-cipher.o):(.data.rel.ro+0xf80): undefined reference to `nettle_aes192_encrypt'
/usr/bin/ld: /usr/lib/x86_64-linux-gnu/libgnutls.a(lt12-cipher.o):(.data.rel.ro+0xf88): undefined reference to `nettle_aes192_encrypt'
/usr/bin/ld: /usr/lib/x86_64-linux-gnu/libgnutls.a(lt12-cipher.o):(.data.rel.ro+0xfd0): undefined reference to `nettle_aes192_set_encrypt_key'
/usr/bin/ld: /usr/lib/x86_64-linux-gnu/libgnutls.a(lt12-cipher.o):(.data.rel.ro+0xfd8): undefined reference to `nettle_aes192_set_encrypt_key'
/usr/bin/ld: /usr/lib/x86_64-linux-gnu/libgnutls.a(lt12-cipher.o):(.data.rel.ro+0xff8): undefined reference to `nettle_aes256_encrypt'
/usr/bin/ld: /usr/lib/x86_64-linux-gnu/libgnutls.a(lt12-cipher.o):(.data.rel.ro+0x1000): undefined reference to `nettle_aes256_encrypt'
/usr/bin/ld: /usr/lib/x86_64-linux-gnu/libgnutls.a(lt12-cipher.o):(.data.rel.ro+0x1048): undefined reference to `nettle_aes256_set_encrypt_key'
/usr/bin/ld: /usr/lib/x86_64-linux-gnu/libgnutls.a(lt12-cipher.o):(.data.rel.ro+0x1050): undefined reference to `nettle_aes256_set_encrypt_key'
/usr/bin/ld: /usr/lib/x86_64-linux-gnu/libgnutls.a(lt12-cipher.o):(.data.rel.ro+0x10c0): undefined reference to `nettle_xts_aes128_set_encrypt_key'
/usr/bin/ld: /usr/lib/x86_64-linux-gnu/libgnutls.a(lt12-cipher.o):(.data.rel.ro+0x10c8): undefined reference to `nettle_xts_aes128_set_decrypt_key'
/usr/bin/ld: /usr/lib/x86_64-linux-gnu/libgnutls.a(lt12-cipher.o):(.data.rel.ro+0x1138): undefined reference to `nettle_xts_aes256_set_encrypt_key'
/usr/bin/ld: /usr/lib/x86_64-linux-gnu/libgnutls.a(lt12-cipher.o):(.data.rel.ro+0x1140): undefined reference to `nettle_xts_aes256_set_decrypt_key'
/usr/bin/ld: /usr/lib/x86_64-linux-gnu/libgnutls.a(lt12-cipher.o):(.data.rel.ro+0x11b0): undefined reference to `nettle_siv_cmac_aes128_set_key'
/usr/bin/ld: /usr/lib/x86_64-linux-gnu/libgnutls.a(lt12-cipher.o):(.data.rel.ro+0x11b8): undefined reference to `nettle_siv_cmac_aes128_set_key'
/usr/bin/ld: /usr/lib/x86_64-linux-gnu/libgnutls.a(lt12-cipher.o):(.data.rel.ro+0x1228): undefined reference to `nettle_siv_cmac_aes256_set_key'
/usr/bin/ld: /usr/lib/x86_64-linux-gnu/libgnutls.a(lt12-cipher.o):(.data.rel.ro+0x1230): undefined reference to `nettle_siv_cmac_aes256_set_key'
/usr/bin/ld: /usr/lib/x86_64-linux-gnu/libgnutls.a(lt12-cipher.o):(.data.rel.ro+0x12a0): undefined reference to `nettle_aes128_set_encrypt_key'
/usr/bin/ld: /usr/lib/x86_64-linux-gnu/libgnutls.a(lt12-cipher.o):(.data.rel.ro+0x12a8): undefined reference to `nettle_aes128_set_encrypt_key'
/usr/bin/ld: /usr/lib/x86_64-linux-gnu/libgnutls.a(lt12-cipher.o):(.data.rel.ro+0x1318): undefined reference to `nettle_aes256_set_encrypt_key'
/usr/bin/ld: /usr/lib/x86_64-linux-gnu/libgnutls.a(lt12-cipher.o):(.data.rel.ro+0x1320): undefined reference to `nettle_aes256_set_encrypt_key'
/usr/bin/ld: /usr/lib/x86_64-linux-gnu/libgnutls.a(gost28147.o): in function `_gnutls_gost28147_cnt_crypt':
(.text+0x18e2): undefined reference to `nettle_memxor3'
/usr/bin/ld: (.text+0x194f): undefined reference to `nettle_memxor3'
/usr/bin/ld: (.text+0x19a2): undefined reference to `nettle_memxor3'
/usr/bin/ld: /usr/lib/x86_64-linux-gnu/libgnutls.a(kuznyechik.o): in function `LSX':
(.text+0x71): undefined reference to `nettle_memxor'
/usr/bin/ld: (.text+0x9b): undefined reference to `nettle_memxor'
/usr/bin/ld: (.text+0xc5): undefined reference to `nettle_memxor'
/usr/bin/ld: (.text+0xef): undefined reference to `nettle_memxor'
/usr/bin/ld: (.text+0x119): undefined reference to `nettle_memxor'
/usr/bin/ld: /usr/lib/x86_64-linux-gnu/libgnutls.a(kuznyechik.o):(.text+0x143): more undefined references to `nettle_memxor' follow
/usr/bin/ld: /usr/lib/x86_64-linux-gnu/libgnutls.a(kuznyechik.o): in function `LSX':
(.text+0x2be): undefined reference to `nettle_memxor3'
/usr/bin/ld: /usr/lib/x86_64-linux-gnu/libgnutls.a(kuznyechik.o): in function `subkey':
(.text+0x34f): undefined reference to `nettle_memxor3'
/usr/bin/ld: (.text+0x379): undefined reference to `nettle_memxor3'
/usr/bin/ld: (.text+0x39f): undefined reference to `nettle_memxor'
/usr/bin/ld: (.text+0x3c5): undefined reference to `nettle_memxor'
/usr/bin/ld: (.text+0x3eb): undefined reference to `nettle_memxor'
/usr/bin/ld: (.text+0x411): undefined reference to `nettle_memxor'
/usr/bin/ld: (.text+0x437): undefined reference to `nettle_memxor'
/usr/bin/ld: /usr/lib/x86_64-linux-gnu/libgnutls.a(kuznyechik.o):(.text+0x45d): more undefined references to `nettle_memxor' follow
/usr/bin/ld: /usr/lib/x86_64-linux-gnu/libgnutls.a(kuznyechik.o): in function `XLiSi':
(.text+0x6c6): undefined reference to `nettle_memxor3'
/usr/bin/ld: /usr/lib/x86_64-linux-gnu/libgnutls.a(kuznyechik.o): in function `_gnutls_kuznyechik_set_key':
(.text+0x7b4): undefined reference to `nettle_memxor'
/usr/bin/ld: (.text+0x7d7): undefined reference to `nettle_memxor'
/usr/bin/ld: (.text+0x7fa): undefined reference to `nettle_memxor'
/usr/bin/ld: (.text+0x81d): undefined reference to `nettle_memxor'
/usr/bin/ld: (.text+0x840): undefined reference to `nettle_memxor'
/usr/bin/ld: /usr/lib/x86_64-linux-gnu/libgnutls.a(kuznyechik.o):(.text+0x863): more undefined references to `nettle_memxor' follow
/usr/bin/ld: /usr/lib/x86_64-linux-gnu/libgnutls.a(kuznyechik.o): in function `_gnutls_kuznyechik_encrypt':
(.text+0xb0d): undefined reference to `nettle_memxor3'
/usr/bin/ld: /usr/lib/x86_64-linux-gnu/libgnutls.a(kuznyechik.o): in function `_gnutls_kuznyechik_decrypt':
(.text+0xf85): undefined reference to `nettle_memxor'
/usr/bin/ld: /usr/lib/x86_64-linux-gnu/libgnutls.a(lt14-mpi.o): in function `wrap_nettle_mpi_print':
(.text+0x2b): undefined reference to `nettle_mpz_sizeinbase_256_u'
/usr/bin/ld: (.text+0x61): undefined reference to `nettle_mpz_sizeinbase_256_u'
/usr/bin/ld: (.text+0x7c): undefined reference to `nettle_mpz_get_str_256'
/usr/bin/ld: (.text+0x89): undefined reference to `nettle_mpz_sizeinbase_256_s'
/usr/bin/ld: /usr/lib/x86_64-linux-gnu/libgnutls.a(lt14-mpi.o): in function `wrap_nettle_prime_check':
(.text+0x12e): undefined reference to `__gmpz_probab_prime_p'
/usr/bin/ld: /usr/lib/x86_64-linux-gnu/libgnutls.a(lt14-mpi.o): in function `wrap_nettle_mpi_div':
(.text+0x159): undefined reference to `__gmpz_cdiv_q'
/usr/bin/ld: /usr/lib/x86_64-linux-gnu/libgnutls.a(lt14-mpi.o): in function `wrap_nettle_mpi_mul_ui':
(.text+0x179): undefined reference to `__gmpz_mul_ui'
/usr/bin/ld: /usr/lib/x86_64-linux-gnu/libgnutls.a(lt14-mpi.o): in function `wrap_nettle_mpi_sub_ui':
(.text+0x199): undefined reference to `__gmpz_sub_ui'
/usr/bin/ld: /usr/lib/x86_64-linux-gnu/libgnutls.a(lt14-mpi.o): in function `wrap_nettle_mpi_add_ui':
(.text+0x1b9): undefined reference to `__gmpz_add_ui'
/usr/bin/ld: /usr/lib/x86_64-linux-gnu/libgnutls.a(lt14-mpi.o): in function `wrap_nettle_mpi_mul':
(.text+0x1d9): undefined reference to `__gmpz_mul'
/usr/bin/ld: /usr/lib/x86_64-linux-gnu/libgnutls.a(lt14-mpi.o): in function `wrap_nettle_mpi_sub':
(.text+0x1f9): undefined reference to `__gmpz_sub'
/usr/bin/ld: /usr/lib/x86_64-linux-gnu/libgnutls.a(lt14-mpi.o): in function `wrap_nettle_mpi_add':
(.text+0x219): undefined reference to `__gmpz_add'
/usr/bin/ld: /usr/lib/x86_64-linux-gnu/libgnutls.a(lt14-mpi.o): in function `wrap_nettle_mpi_mulm':
(.text+0x242): undefined reference to `__gmpz_mul'
/usr/bin/ld: (.text+0x250): undefined reference to `__gmpz_fdiv_r'
/usr/bin/ld: /usr/lib/x86_64-linux-gnu/libgnutls.a(lt14-mpi.o): in function `wrap_nettle_mpi_subm':
(.text+0x272): undefined reference to `__gmpz_sub'
/usr/bin/ld: (.text+0x280): undefined reference to `__gmpz_fdiv_r'
/usr/bin/ld: /usr/lib/x86_64-linux-gnu/libgnutls.a(lt14-mpi.o): in function `wrap_nettle_mpi_addm':
(.text+0x2ab): undefined reference to `__gmpz_add'
/usr/bin/ld: (.text+0x2b9): undefined reference to `__gmpz_fdiv_r'
/usr/bin/ld: /usr/lib/x86_64-linux-gnu/libgnutls.a(lt14-mpi.o): in function `wrap_nettle_mpi_powm':
(.text+0x2d9): undefined reference to `__gmpz_powm'
/usr/bin/ld: /usr/lib/x86_64-linux-gnu/libgnutls.a(lt14-mpi.o): in function `wrap_nettle_mpi_get_nbits':
(.text+0x2fe): undefined reference to `__gmpz_sizeinbase'
/usr/bin/ld: /usr/lib/x86_64-linux-gnu/libgnutls.a(lt14-mpi.o): in function `wrap_nettle_mpi_set_ui':
(.text+0x319): undefined reference to `__gmpz_set_ui'
/usr/bin/ld: /usr/lib/x86_64-linux-gnu/libgnutls.a(lt14-mpi.o): in function `wrap_nettle_mpi_set':
(.text+0x339): undefined reference to `__gmpz_set'
/usr/bin/ld: /usr/lib/x86_64-linux-gnu/libgnutls.a(lt14-mpi.o): in function `wrap_nettle_mpi_release':
(.text+0x3a1): undefined reference to `__gmpz_clear'
/usr/bin/ld: /usr/lib/x86_64-linux-gnu/libgnutls.a(lt14-mpi.o): in function `wrap_nettle_mpi_scan':
(.text+0x3f4): undefined reference to `nettle_mpz_set_str_256_u'
/usr/bin/ld: (.text+0x404): undefined reference to `nettle_mpz_set_str_256_s'
/usr/bin/ld: /usr/lib/x86_64-linux-gnu/libgnutls.a(lt14-mpi.o): in function `wrap_nettle_mpi_modm':
(.text+0x460): undefined reference to `__gmpz_mod'
/usr/bin/ld: /usr/lib/x86_64-linux-gnu/libgnutls.a(lt14-mpi.o): in function `wrap_nettle_mpi_init':
(.text+0x4d8): undefined reference to `__gmpz_init'
/usr/bin/ld: /usr/lib/x86_64-linux-gnu/libgnutls.a(lt14-mpi.o): in function `wrap_nettle_mpi_copy':
(.text+0x56c): undefined reference to `__gmpz_set'
/usr/bin/ld: /usr/lib/x86_64-linux-gnu/libgnutls.a(lt14-mpi.o): in function `wrap_nettle_mpi_init_multi':
(.text+0x634): undefined reference to `__gmpz_clear'
/usr/bin/ld: (.text+0x688): undefined reference to `__gmpz_clear'
/usr/bin/ld: /usr/lib/x86_64-linux-gnu/libgnutls.a(lt14-mpi.o): in function `wrap_nettle_mpi_cmp_ui':
(.text+0x355): undefined reference to `__gmpz_cmp_ui'
/usr/bin/ld: /usr/lib/x86_64-linux-gnu/libgnutls.a(lt14-mpi.o): in function `wrap_nettle_mpi_cmp':
(.text+0x365): undefined reference to `__gmpz_cmp'
/usr/bin/ld: /usr/lib/x86_64-linux-gnu/libgnutls.a(lt15-pk.o): in function `_rsa_params_to_privkey':
(.text+0xc8): undefined reference to `nettle_mpz_sizeinbase_256_u'
/usr/bin/ld: /usr/lib/x86_64-linux-gnu/libgnutls.a(lt15-pk.o): in function `wrap_nettle_pk_generate_params':
(.text+0x18e): undefined reference to `nettle_dsa_params_init'
/usr/bin/ld: (.text+0x1e5): undefined reference to `nettle_dsa_params_clear'
/usr/bin/ld: (.text+0x339): undefined reference to `nettle_dsa_params_clear'
/usr/bin/ld: (.text+0x36c): undefined reference to `nettle_dsa_generate_params'
/usr/bin/ld: (.text+0x3ca): undefined reference to `__gmpz_set'
/usr/bin/ld: (.text+0x3da): undefined reference to `__gmpz_set'
/usr/bin/ld: (.text+0x3ea): undefined reference to `__gmpz_set'
/usr/bin/ld: (.text+0x3f2): undefined reference to `nettle_dsa_params_clear'
/usr/bin/ld: (.text+0x454): undefined reference to `nettle_dsa_params_clear'
/usr/bin/ld: (.text+0x530): undefined reference to `nettle_dsa_params_clear'
/usr/bin/ld: /usr/lib/x86_64-linux-gnu/libgnutls.a(lt15-pk.o): in function `_rsa_params_to_pubkey':
(.text+0x792): undefined reference to `nettle_rsa_public_key_prepare'
/usr/bin/ld: /usr/lib/x86_64-linux-gnu/libgnutls.a(lt15-pk.o): in function `_wrap_nettle_pk_decrypt2':
(.text+0x9a7): undefined reference to `nettle_rsa_sec_decrypt'
/usr/bin/ld: /usr/lib/x86_64-linux-gnu/libgnutls.a(lt15-pk.o): in function `_wrap_nettle_pk_decrypt':
(.text+0xc27): undefined reference to `nettle_rsa_decrypt_tr'
/usr/bin/ld: /usr/lib/x86_64-linux-gnu/libgnutls.a(lt15-pk.o): in function `_wrap_nettle_pk_encrypt':
(.text+0xe1f): undefined reference to `__gmpz_init'
/usr/bin/ld: (.text+0xe4b): undefined reference to `__gmpz_clear'
/usr/bin/ld: (.text+0xed2): undefined reference to `nettle_rsa_encrypt'
/usr/bin/ld: /usr/lib/x86_64-linux-gnu/libgnutls.a(lt15-pk.o): in function `_ecc_params_to_pubkey':
(.text+0x1014): undefined reference to `nettle_ecc_point_init'
/usr/bin/ld: (.text+0x1025): undefined reference to `nettle_ecc_point_set'
/usr/bin/ld: (.text+0x1038): undefined reference to `nettle_ecc_point_clear'
/usr/bin/ld: /usr/lib/x86_64-linux-gnu/libgnutls.a(lt15-pk.o): in function `_gost_params_to_pubkey':
(.text+0x1094): undefined reference to `nettle_ecc_point_init'
/usr/bin/ld: (.text+0x10a5): undefined reference to `nettle_ecc_point_set'
/usr/bin/ld: (.text+0x10b8): undefined reference to `nettle_ecc_point_clear'
/usr/bin/ld: /usr/lib/x86_64-linux-gnu/libgnutls.a(lt15-pk.o): in function `_ecc_params_to_privkey':
(.text+0x1114): undefined reference to `nettle_ecc_scalar_init'
/usr/bin/ld: (.text+0x1121): undefined reference to `nettle_ecc_scalar_set'
/usr/bin/ld: (.text+0x1134): undefined reference to `nettle_ecc_scalar_clear'
/usr/bin/ld: /usr/lib/x86_64-linux-gnu/libgnutls.a(lt15-pk.o): in function `_gost_params_to_privkey':
(.text+0x1194): undefined reference to `nettle_ecc_scalar_init'
/usr/bin/ld: (.text+0x11a1): undefined reference to `nettle_ecc_scalar_set'
/usr/bin/ld: (.text+0x11b4): undefined reference to `nettle_ecc_scalar_clear'
/usr/bin/ld: /usr/lib/x86_64-linux-gnu/libgnutls.a(lt15-pk.o): in function `wrap_nettle_pk_fixup':
(.text+0x12e7): undefined reference to `nettle_curve448_mul_g'
/usr/bin/ld: (.text+0x1377): undefined reference to `nettle_ed448_shake256_public_key'
/usr/bin/ld: (.text+0x144f): undefined reference to `nettle_mpz_sizeinbase_256_u'
/usr/bin/ld: (.text+0x14b9): undefined reference to `__gmpz_invert'
/usr/bin/ld: (.text+0x15e6): undefined reference to `nettle_rsa_private_key_prepare'
/usr/bin/ld: (.text+0x16b1): undefined reference to `nettle_ed25519_sha512_public_key'
/usr/bin/ld: (.text+0x16c1): undefined reference to `nettle_curve25519_mul_g'
/usr/bin/ld: (.text+0x1775): undefined reference to `__gmpz_sub_ui'
/usr/bin/ld: (.text+0x178a): undefined reference to `__gmpz_sub_ui'
/usr/bin/ld: (.text+0x17a4): undefined reference to `__gmpz_lcm'
/usr/bin/ld: (.text+0x180e): undefined reference to `__gmpz_invert'
/usr/bin/ld: (.text+0x186a): undefined reference to `nettle_get_gost_gc256b'
/usr/bin/ld: (.text+0x187e): undefined reference to `nettle_ecc_bit_size'
/usr/bin/ld: (.text+0x18c6): undefined reference to `nettle_ecc_point_init'
/usr/bin/ld: (.text+0x18d1): undefined reference to `nettle_ecc_point_mul_g'
/usr/bin/ld: (.text+0x18e0): undefined reference to `nettle_ecc_point_get'
/usr/bin/ld: (.text+0x18e8): undefined reference to `nettle_ecc_point_clear'
/usr/bin/ld: (.text+0x18f0): undefined reference to `nettle_ecc_scalar_clear'
/usr/bin/ld: (.text+0x1901): undefined reference to `nettle_get_gost_gc512a'
/usr/bin/ld: /usr/lib/x86_64-linux-gnu/libgnutls.a(lt15-pk.o): in function `_wrap_nettle_pk_curve_exists':
(.text+0x1d0a): undefined reference to `nettle_get_gost_gc256b'
/usr/bin/ld: (.text+0x1d21): undefined reference to `nettle_get_secp_192r1'
/usr/bin/ld: (.text+0x1d31): undefined reference to `nettle_get_secp_521r1'
/usr/bin/ld: (.text+0x1d41): undefined reference to `nettle_get_secp_384r1'
/usr/bin/ld: (.text+0x1d51): undefined reference to `nettle_get_secp_256r1'
/usr/bin/ld: (.text+0x1d61): undefined reference to `nettle_get_secp_224r1'
/usr/bin/ld: (.text+0x1d71): undefined reference to `nettle_get_gost_gc512a'
/usr/bin/ld: /usr/lib/x86_64-linux-gnu/libgnutls.a(lt15-pk.o): in function `wrap_nettle_pk_verify_pub_params':
(.text+0x1efa): undefined reference to `nettle_get_gost_gc256b'
/usr/bin/ld: (.text+0x1f32): undefined reference to `nettle_ecc_point_init'
/usr/bin/ld: (.text+0x1f41): undefined reference to `nettle_ecc_point_set'
/usr/bin/ld: (.text+0x1f6c): undefined reference to `nettle_ecc_point_clear'
/usr/bin/ld: (.text+0x1f79): undefined reference to `nettle_get_secp_192r1'
/usr/bin/ld: (.text+0x1fb1): undefined reference to `nettle_ecc_point_init'
/usr/bin/ld: (.text+0x1fc0): undefined reference to `nettle_ecc_point_set'
/usr/bin/ld: (.text+0x2001): undefined reference to `nettle_get_secp_521r1'
/usr/bin/ld: (.text+0x2011): undefined reference to `nettle_get_secp_256r1'
/usr/bin/ld: (.text+0x2021): undefined reference to `nettle_get_secp_224r1'
/usr/bin/ld: (.text+0x2031): undefined reference to `nettle_get_secp_384r1'
/usr/bin/ld: (.text+0x2047): undefined reference to `nettle_ecc_point_clear'
/usr/bin/ld: (.text+0x2051): undefined reference to `nettle_get_gost_gc512a'
/usr/bin/ld: /usr/lib/x86_64-linux-gnu/libgnutls.a(lt15-pk.o): in function `_wrap_nettle_pk_verify':
(.text+0x2485): undefined reference to `nettle_dsa_verify'
/usr/bin/ld: (.text+0x24d3): undefined reference to `__gmpz_sizeinbase'
/usr/bin/ld: (.text+0x254b): undefined reference to `__gmpz_sizeinbase'
/usr/bin/ld: (.text+0x25fa): undefined reference to `nettle_get_gost_gc256b'
/usr/bin/ld: (.text+0x2661): undefined reference to `nettle_get_secp_256r1'
/usr/bin/ld: (.text+0x272c): undefined reference to `nettle_ecdsa_verify'
/usr/bin/ld: (.text+0x2752): undefined reference to `nettle_ecc_point_clear'
/usr/bin/ld: (.text+0x2761): undefined reference to `nettle_get_secp_224r1'
/usr/bin/ld: (.text+0x2771): undefined reference to `nettle_get_secp_192r1'
/usr/bin/ld: (.text+0x2781): undefined reference to `nettle_get_secp_521r1'
/usr/bin/ld: (.text+0x2791): undefined reference to `nettle_get_secp_384r1'
/usr/bin/ld: (.text+0x2891): undefined reference to `nettle_get_gost_gc512a'
/usr/bin/ld: (.text+0x2932): undefined reference to `nettle_rsa_pkcs1_verify'
/usr/bin/ld: (.text+0x295c): undefined reference to `nettle_ecc_point_clear'
/usr/bin/ld: (.text+0x29f4): undefined reference to `nettle_gostdsa_verify'
/usr/bin/ld: (.text+0x2ace): undefined reference to `nettle_ed448_shake256_verify'
/usr/bin/ld: (.text+0x2be9): undefined reference to `nettle_ed25519_sha512_verify'
/usr/bin/ld: (.text+0x2c24): undefined reference to `nettle_ecc_point_clear'
/usr/bin/ld: (.text+0x2c5c): undefined reference to `nettle_rsa_pss_sha384_verify_digest'
/usr/bin/ld: (.text+0x2cd3): undefined reference to `nettle_rsa_pss_sha256_verify_digest'
/usr/bin/ld: (.text+0x2ce1): undefined reference to `nettle_rsa_pss_sha512_verify_digest'
/usr/bin/ld: /usr/lib/x86_64-linux-gnu/libgnutls.a(lt15-pk.o): in function `_wrap_nettle_pk_sign':
(.text+0x2f32): undefined reference to `nettle_ed448_shake256_sign'
/usr/bin/ld: (.text+0x2f93): undefined reference to `__gmpz_sizeinbase'
/usr/bin/ld: (.text+0x2fac): undefined reference to `__gmpz_init'
/usr/bin/ld: (.text+0x3024): undefined reference to `__gmpz_clear'
/usr/bin/ld: (.text+0x30ac): undefined reference to `nettle_dsa_signature_init'
/usr/bin/ld: (.text+0x3143): undefined reference to `nettle_dsa_sign'
/usr/bin/ld: (.text+0x3187): undefined reference to `nettle_dsa_signature_clear'
/usr/bin/ld: (.text+0x326a): undefined reference to `__gmpz_sizeinbase'
/usr/bin/ld: (.text+0x327c): undefined reference to `__gmpz_init'
/usr/bin/ld: (.text+0x32b7): undefined reference to `nettle_rsa_pkcs1_sign_tr'
/usr/bin/ld: (.text+0x32f9): undefined reference to `__gmpz_clear'
/usr/bin/ld: (.text+0x3359): undefined reference to `__gmpz_sizeinbase'
/usr/bin/ld: (.text+0x3383): undefined reference to `__gmpz_limbs_read'
/usr/bin/ld: (.text+0x3392): undefined reference to `__gmpz_limbs_read'
/usr/bin/ld: (.text+0x33e3): undefined reference to `__gmpz_sizeinbase'
/usr/bin/ld: (.text+0x348a): undefined reference to `nettle_get_gost_gc256b'
/usr/bin/ld: (.text+0x3510): undefined reference to `nettle_dsa_signature_clear'
/usr/bin/ld: (.text+0x3521): undefined reference to `nettle_get_secp_192r1'
/usr/bin/ld: (.text+0x356e): undefined reference to `nettle_dsa_signature_init'
/usr/bin/ld: (.text+0x35f4): undefined reference to `__gmpz_init'
/usr/bin/ld: (.text+0x363d): undefined reference to `nettle_ecdsa_sign'
/usr/bin/ld: (.text+0x366e): undefined reference to `nettle_dsa_signature_clear'
/usr/bin/ld: (.text+0x367a): undefined reference to `nettle_ecc_size'
/usr/bin/ld: (.text+0x3698): undefined reference to `nettle_ecc_scalar_clear'
/usr/bin/ld: (.text+0x36a4): undefined reference to `__gmpz_clear'
/usr/bin/ld: (.text+0x36c9): undefined reference to `nettle_get_secp_521r1'
/usr/bin/ld: (.text+0x3701): undefined reference to `nettle_get_secp_256r1'
/usr/bin/ld: (.text+0x3721): undefined reference to `nettle_get_secp_224r1'
/usr/bin/ld: (.text+0x3731): undefined reference to `nettle_get_secp_384r1'
/usr/bin/ld: (.text+0x3743): undefined reference to `nettle_rsa_pss_sha512_sign_digest_tr'
/usr/bin/ld: (.text+0x3824): undefined reference to `__gmpz_clear'
/usr/bin/ld: (.text+0x3918): undefined reference to `__gmpz_clear'
/usr/bin/ld: (.text+0x3959): undefined reference to `nettle_get_gost_gc512a'
/usr/bin/ld: (.text+0x39cb): undefined reference to `nettle_ecc_bit_size'
/usr/bin/ld: (.text+0x39da): undefined reference to `nettle_ecc_size'
/usr/bin/ld: (.text+0x39fb): undefined reference to `__gmpz_limbs_read'
/usr/bin/ld: (.text+0x3a46): undefined reference to `nettle_ecc_bit_size'
/usr/bin/ld: (.text+0x3a5e): undefined reference to `nettle_ecc_size'
/usr/bin/ld: (.text+0x3ae9): undefined reference to `nettle_dsa_signature_clear'
/usr/bin/ld: (.text+0x3b19): undefined reference to `__gmpz_clear'
/usr/bin/ld: (.text+0x3b53): undefined reference to `nettle_rsa_pss_sha384_sign_digest_tr'
/usr/bin/ld: (.text+0x3b73): undefined reference to `nettle_rsa_pss_sha256_sign_digest_tr'
/usr/bin/ld: (.text+0x3bfb): undefined reference to `nettle_dsa_signature_init'
/usr/bin/ld: (.text+0x3c1c): undefined reference to `nettle_gostdsa_sign'
/usr/bin/ld: (.text+0x3c24): undefined reference to `nettle_ecc_bit_size'
/usr/bin/ld: (.text+0x3c4b): undefined reference to `nettle_dsa_signature_clear'
/usr/bin/ld: (.text+0x3c57): undefined reference to `nettle_ecc_size'
/usr/bin/ld: (.text+0x3c75): undefined reference to `nettle_ecc_scalar_clear'
/usr/bin/ld: (.text+0x3cb0): undefined reference to `nettle_dsa_signature_clear'
/usr/bin/ld: (.text+0x3cbc): undefined reference to `nettle_ecc_size'
/usr/bin/ld: (.text+0x3cde): undefined reference to `nettle_ecc_scalar_clear'
/usr/bin/ld: (.text+0x3cea): undefined reference to `__gmpz_clear'
/usr/bin/ld: (.text+0x3e3a): undefined reference to `nettle_ed25519_sha512_sign'
/usr/bin/ld: (.text+0x3e72): undefined reference to `__gmpz_clear'
/usr/bin/ld: (.text+0x3eaa): undefined reference to `nettle_dsa_signature_clear'
/usr/bin/ld: /usr/lib/x86_64-linux-gnu/libgnutls.a(lt15-pk.o): in function `wrap_nettle_pk_generate_keys':
(.text+0x4278): undefined reference to `nettle_curve448_mul_g'
/usr/bin/ld: (.text+0x42d9): undefined reference to `nettle_rsa_public_key_init'
/usr/bin/ld: (.text+0x42ef): undefined reference to `nettle_rsa_private_key_init'
/usr/bin/ld: (.text+0x430a): undefined reference to `__gmpz_set_ui'
/usr/bin/ld: (.text+0x43e4): undefined reference to `nettle_rsa_private_key_clear'
/usr/bin/ld: (.text+0x43f0): undefined reference to `nettle_rsa_public_key_clear'
/usr/bin/ld: (.text+0x44f5): undefined reference to `nettle_ed448_shake256_public_key'
/usr/bin/ld: (.text+0x459c): undefined reference to `nettle_get_gost_gc256b'
/usr/bin/ld: (.text+0x45e4): undefined reference to `nettle_ecc_bit_size'
/usr/bin/ld: (.text+0x4646): undefined reference to `nettle_rsa_private_key_clear'
/usr/bin/ld: (.text+0x4652): undefined reference to `nettle_rsa_public_key_clear'
/usr/bin/ld: (.text+0x4663): undefined reference to `nettle_get_secp_192r1'
/usr/bin/ld: (.text+0x46a8): undefined reference to `__gmpz_init'
/usr/bin/ld: (.text+0x46be): undefined reference to `__gmpz_init'
/usr/bin/ld: (.text+0x46d4): undefined reference to `__gmpz_init'
/usr/bin/ld: (.text+0x46ea): undefined reference to `__gmpz_init'
/usr/bin/ld: (.text+0x4700): undefined reference to `__gmpz_init'
/usr/bin/ld: /usr/lib/x86_64-linux-gnu/libgnutls.a(lt15-pk.o):(.text+0x4716): more undefined references to `__gmpz_init' follow
/usr/bin/ld: /usr/lib/x86_64-linux-gnu/libgnutls.a(lt15-pk.o): in function `wrap_nettle_pk_generate_keys':
(.text+0x4728): undefined reference to `nettle_ecc_scalar_init'
/usr/bin/ld: (.text+0x473a): undefined reference to `nettle_ecc_point_init'
/usr/bin/ld: (.text+0x4753): undefined reference to `nettle_ecc_scalar_init'
/usr/bin/ld: (.text+0x476c): undefined reference to `nettle_ecc_scalar_init'
/usr/bin/ld: (.text+0x4785): undefined reference to `nettle_ecc_point_init'
/usr/bin/ld: (.text+0x4799): undefined reference to `nettle_ecdsa_generate_keypair'
/usr/bin/ld: (.text+0x482a): undefined reference to `nettle_ecc_point_get'
/usr/bin/ld: (.text+0x4835): undefined reference to `__gmpz_set'
/usr/bin/ld: (.text+0x4841): undefined reference to `__gmpz_set'
/usr/bin/ld: (.text+0x4854): undefined reference to `nettle_ecc_scalar_get'
/usr/bin/ld: (.text+0x485c): undefined reference to `__gmpz_clear'
/usr/bin/ld: (.text+0x4864): undefined reference to `__gmpz_clear'
/usr/bin/ld: (.text+0x4870): undefined reference to `__gmpz_clear'
/usr/bin/ld: (.text+0x487c): undefined reference to `__gmpz_clear'
/usr/bin/ld: (.text+0x4888): undefined reference to `__gmpz_clear'
/usr/bin/ld: /usr/lib/x86_64-linux-gnu/libgnutls.a(lt15-pk.o):(.text+0x4894): more undefined references to `__gmpz_clear' follow
/usr/bin/ld: /usr/lib/x86_64-linux-gnu/libgnutls.a(lt15-pk.o): in function `wrap_nettle_pk_generate_keys':
(.text+0x489c): undefined reference to `nettle_ecc_point_clear'
/usr/bin/ld: (.text+0x48a4): undefined reference to `nettle_ecc_scalar_clear'
/usr/bin/ld: (.text+0x48b0): undefined reference to `nettle_ecc_point_clear'
/usr/bin/ld: (.text+0x48bc): undefined reference to `nettle_ecc_scalar_clear'
/usr/bin/ld: (.text+0x48c8): undefined reference to `nettle_ecc_scalar_clear'
/usr/bin/ld: (.text+0x48fe): undefined reference to `nettle_get_secp_521r1'
/usr/bin/ld: (.text+0x493f): undefined reference to `nettle_get_secp_384r1'
/usr/bin/ld: (.text+0x4966): undefined reference to `nettle_get_secp_256r1'
/usr/bin/ld: (.text+0x497c): undefined reference to `nettle_get_secp_224r1'
/usr/bin/ld: (.text+0x49f3): undefined reference to `__gmpz_clear'
/usr/bin/ld: (.text+0x49ff): undefined reference to `__gmpz_clear'
/usr/bin/ld: (.text+0x4a0b): undefined reference to `__gmpz_clear'
/usr/bin/ld: (.text+0x4a17): undefined reference to `__gmpz_clear'
/usr/bin/ld: (.text+0x4a23): undefined reference to `__gmpz_clear'
/usr/bin/ld: /usr/lib/x86_64-linux-gnu/libgnutls.a(lt15-pk.o):(.text+0x4a2f): more undefined references to `__gmpz_clear' follow
/usr/bin/ld: /usr/lib/x86_64-linux-gnu/libgnutls.a(lt15-pk.o): in function `wrap_nettle_pk_generate_keys':
(.text+0x4a3b): undefined reference to `nettle_ecc_point_clear'
/usr/bin/ld: (.text+0x4a47): undefined reference to `nettle_ecc_scalar_clear'
/usr/bin/ld: (.text+0x4a53): undefined reference to `nettle_ecc_point_clear'
/usr/bin/ld: (.text+0x4a5f): undefined reference to `nettle_ecc_scalar_clear'
/usr/bin/ld: (.text+0x4a6b): undefined reference to `nettle_ecc_scalar_clear'
/usr/bin/ld: (.text+0x4ac4): undefined reference to `__gmpz_init'
/usr/bin/ld: (.text+0x4ad3): undefined reference to `__gmpz_init'
/usr/bin/ld: (.text+0x4ae9): undefined reference to `__gmpz_init'
/usr/bin/ld: (.text+0x4aff): undefined reference to `__gmpz_init'
/usr/bin/ld: (.text+0x4b15): undefined reference to `__gmpz_init'
/usr/bin/ld: /usr/lib/x86_64-linux-gnu/libgnutls.a(lt15-pk.o):(.text+0x4b2b): more undefined references to `__gmpz_init' follow
/usr/bin/ld: /usr/lib/x86_64-linux-gnu/libgnutls.a(lt15-pk.o): in function `wrap_nettle_pk_generate_keys':
(.text+0x4b65): undefined reference to `__gmpz_sizeinbase'
/usr/bin/ld: (.text+0x4b83): undefined reference to `nettle_mpz_random_size'
/usr/bin/ld: (.text+0x4ba9): undefined reference to `__gmpz_powm'
/usr/bin/ld: (.text+0x4bdf): undefined reference to `__gmpz_cmp_ui'
/usr/bin/ld: (.text+0x4c3e): undefined reference to `__gmpz_set'
/usr/bin/ld: (.text+0x4c51): undefined reference to `__gmpz_set'
/usr/bin/ld: (.text+0x4c65): undefined reference to `__gmpz_clear'
/usr/bin/ld: (.text+0x4c6d): undefined reference to `__gmpz_clear'
/usr/bin/ld: (.text+0x4c75): undefined reference to `__gmpz_clear'
/usr/bin/ld: (.text+0x4c81): undefined reference to `__gmpz_clear'
/usr/bin/ld: (.text+0x4c8d): undefined reference to `__gmpz_clear'
/usr/bin/ld: /usr/lib/x86_64-linux-gnu/libgnutls.a(lt15-pk.o):(.text+0x4c99): more undefined references to `__gmpz_clear' follow
/usr/bin/ld: /usr/lib/x86_64-linux-gnu/libgnutls.a(lt15-pk.o): in function `wrap_nettle_pk_generate_keys':
(.text+0x4cb8): undefined reference to `nettle_get_gost_gc512a'
/usr/bin/ld: (.text+0x4cf3): undefined reference to `nettle_rsa_generate_keypair'
/usr/bin/ld: (.text+0x4d81): undefined reference to `__gmpz_set'
/usr/bin/ld: (.text+0x4d91): undefined reference to `__gmpz_set'
/usr/bin/ld: (.text+0x4da1): undefined reference to `__gmpz_set'
/usr/bin/ld: (.text+0x4db1): undefined reference to `__gmpz_set'
/usr/bin/ld: (.text+0x4dbe): undefined reference to `__gmpz_set'
/usr/bin/ld: /usr/lib/x86_64-linux-gnu/libgnutls.a(lt15-pk.o):(.text+0x4dcb): more undefined references to `__gmpz_set' follow
/usr/bin/ld: /usr/lib/x86_64-linux-gnu/libgnutls.a(lt15-pk.o): in function `wrap_nettle_pk_generate_keys':
(.text+0x4df1): undefined reference to `nettle_rsa_private_key_clear'
/usr/bin/ld: (.text+0x4dfd): undefined reference to `nettle_rsa_public_key_clear'
/usr/bin/ld: (.text+0x4e70): undefined reference to `nettle_ecc_scalar_init'
/usr/bin/ld: (.text+0x4e8c): undefined reference to `nettle_ecc_point_init'
/usr/bin/ld: (.text+0x4ea0): undefined reference to `nettle_ecdsa_generate_keypair'
/usr/bin/ld: (.text+0x4f24): undefined reference to `nettle_ecc_point_get'
/usr/bin/ld: (.text+0x4f37): undefined reference to `nettle_ecc_scalar_get'
/usr/bin/ld: (.text+0x4f3f): undefined reference to `nettle_ecc_point_clear'
/usr/bin/ld: (.text+0x4f47): undefined reference to `nettle_ecc_scalar_clear'
/usr/bin/ld: (.text+0x4f8b): undefined reference to `__gmpz_set'
/usr/bin/ld: (.text+0x4f9b): undefined reference to `__gmpz_sub_ui'
/usr/bin/ld: (.text+0x4faf): undefined reference to `nettle_mpz_random'
/usr/bin/ld: (.text+0x4fbf): undefined reference to `__gmpz_add_ui'
/usr/bin/ld: (.text+0x5027): undefined reference to `__gmpz_clear'
/usr/bin/ld: (.text+0x5033): undefined reference to `__gmpz_clear'
/usr/bin/ld: (.text+0x503f): undefined reference to `__gmpz_clear'
/usr/bin/ld: (.text+0x504b): undefined reference to `__gmpz_clear'
/usr/bin/ld: (.text+0x5057): undefined reference to `__gmpz_clear'
/usr/bin/ld: /usr/lib/x86_64-linux-gnu/libgnutls.a(lt15-pk.o):(.text+0x5063): more undefined references to `__gmpz_clear' follow
/usr/bin/ld: /usr/lib/x86_64-linux-gnu/libgnutls.a(lt15-pk.o): in function `wrap_nettle_pk_generate_keys':
(.text+0x50a2): undefined reference to `nettle_rsa_private_key_clear'
/usr/bin/ld: (.text+0x50ae): undefined reference to `nettle_rsa_public_key_clear'
/usr/bin/ld: (.text+0x5121): undefined reference to `nettle_mpz_random_size'
/usr/bin/ld: (.text+0x5133): undefined reference to `__gmpz_mod'
/usr/bin/ld: (.text+0x517d): undefined reference to `nettle_curve25519_mul_g'
/usr/bin/ld: (.text+0x51a5): undefined reference to `nettle_ecc_point_clear'
/usr/bin/ld: (.text+0x51b1): undefined reference to `nettle_ecc_scalar_clear'
/usr/bin/ld: (.text+0x5257): undefined reference to `nettle_rsa_private_key_clear'
/usr/bin/ld: (.text+0x5263): undefined reference to `nettle_rsa_public_key_clear'
/usr/bin/ld: (.text+0x527c): undefined reference to `nettle_ed25519_sha512_public_key'
/usr/bin/ld: /usr/lib/x86_64-linux-gnu/libgnutls.a(lt15-pk.o): in function `_wrap_nettle_pk_derive':
(.text+0x5705): undefined reference to `nettle_curve448_mul'
/usr/bin/ld: (.text+0x5a01): undefined reference to `nettle_get_gost_gc512a'
/usr/bin/ld: (.text+0x5aab): undefined reference to `nettle_gostdsa_vko'
/usr/bin/ld: (.text+0x5ab3): undefined reference to `nettle_ecc_point_clear'
/usr/bin/ld: (.text+0x5abf): undefined reference to `nettle_ecc_size'
/usr/bin/ld: (.text+0x5add): undefined reference to `nettle_ecc_scalar_clear'
/usr/bin/ld: (.text+0x5b1a): undefined reference to `nettle_get_gost_gc256b'
/usr/bin/ld: (.text+0x5b81): undefined reference to `nettle_get_secp_521r1'
/usr/bin/ld: (.text+0x5bb1): undefined reference to `__gmpz_init'
/usr/bin/ld: (.text+0x5bc7): undefined reference to `__gmpz_init'
/usr/bin/ld: (.text+0x5bdd): undefined reference to `__gmpz_init'
/usr/bin/ld: (.text+0x5bf3): undefined reference to `__gmpz_init'
/usr/bin/ld: (.text+0x5c06): undefined reference to `__gmpz_init'
/usr/bin/ld: /usr/lib/x86_64-linux-gnu/libgnutls.a(lt15-pk.o):(.text+0x5c19): more undefined references to `__gmpz_init' follow
/usr/bin/ld: /usr/lib/x86_64-linux-gnu/libgnutls.a(lt15-pk.o): in function `_wrap_nettle_pk_derive':
(.text+0x5c32): undefined reference to `nettle_ecc_scalar_init'
/usr/bin/ld: (.text+0x5c4b): undefined reference to `nettle_ecc_scalar_init'
/usr/bin/ld: (.text+0x5c64): undefined reference to `nettle_ecc_point_init'
/usr/bin/ld: (.text+0x5cf4): undefined reference to `__gmpz_init'
/usr/bin/ld: (.text+0x5cfc): undefined reference to `__gmpz_init'
/usr/bin/ld: (.text+0x5d0b): undefined reference to `nettle_ecc_point_init'
/usr/bin/ld: (.text+0x5d1d): undefined reference to `nettle_ecc_point_mul'
/usr/bin/ld: (.text+0x5d2b): undefined reference to `nettle_ecc_point_get'
/usr/bin/ld: (.text+0x5d4f): undefined reference to `nettle_mpz_get_str_256'
/usr/bin/ld: (.text+0x5d57): undefined reference to `__gmpz_clear'
/usr/bin/ld: (.text+0x5d62): undefined reference to `__gmpz_clear'
/usr/bin/ld: (.text+0x5d6a): undefined reference to `nettle_ecc_point_clear'
/usr/bin/ld: (.text+0x5d72): undefined reference to `nettle_ecc_point_clear'
/usr/bin/ld: (.text+0x5d7e): undefined reference to `nettle_ecc_size'
/usr/bin/ld: (.text+0x5da0): undefined reference to `nettle_ecc_scalar_clear'
/usr/bin/ld: (.text+0x5dac): undefined reference to `__gmpz_clear'
/usr/bin/ld: (.text+0x5db8): undefined reference to `__gmpz_clear'
/usr/bin/ld: (.text+0x5dc4): undefined reference to `__gmpz_clear'
/usr/bin/ld: (.text+0x5dd0): undefined reference to `__gmpz_clear'
/usr/bin/ld: (.text+0x5ddc): undefined reference to `__gmpz_clear'
/usr/bin/ld: /usr/lib/x86_64-linux-gnu/libgnutls.a(lt15-pk.o):(.text+0x5de8): more undefined references to `__gmpz_clear' follow
/usr/bin/ld: /usr/lib/x86_64-linux-gnu/libgnutls.a(lt15-pk.o): in function `_wrap_nettle_pk_derive':
(.text+0x5df4): undefined reference to `nettle_ecc_point_clear'
/usr/bin/ld: (.text+0x5e00): undefined reference to `nettle_ecc_scalar_clear'
/usr/bin/ld: (.text+0x5e0c): undefined reference to `nettle_ecc_scalar_clear'
/usr/bin/ld: (.text+0x5e19): undefined reference to `nettle_get_secp_384r1'
/usr/bin/ld: (.text+0x5e39): undefined reference to `nettle_get_secp_256r1'
/usr/bin/ld: (.text+0x5e89): undefined reference to `nettle_get_secp_224r1'
/usr/bin/ld: (.text+0x5ea1): undefined reference to `nettle_get_secp_192r1'
/usr/bin/ld: (.text+0x5efc): undefined reference to `nettle_ecc_point_clear'
/usr/bin/ld: (.text+0x5f08): undefined reference to `nettle_ecc_size'
/usr/bin/ld: (.text+0x5f2a): undefined reference to `nettle_ecc_scalar_clear'
/usr/bin/ld: (.text+0x5fc6): undefined reference to `__gmpz_clear'
/usr/bin/ld: (.text+0x5fd2): undefined reference to `__gmpz_clear'
/usr/bin/ld: (.text+0x5fde): undefined reference to `__gmpz_clear'
/usr/bin/ld: (.text+0x5fea): undefined reference to `__gmpz_clear'
/usr/bin/ld: (.text+0x5ff6): undefined reference to `__gmpz_clear'
/usr/bin/ld: /usr/lib/x86_64-linux-gnu/libgnutls.a(lt15-pk.o):(.text+0x6002): more undefined references to `__gmpz_clear' follow
/usr/bin/ld: /usr/lib/x86_64-linux-gnu/libgnutls.a(lt15-pk.o): in function `_wrap_nettle_pk_derive':
(.text+0x600e): undefined reference to `nettle_ecc_point_clear'
/usr/bin/ld: (.text+0x601a): undefined reference to `nettle_ecc_scalar_clear'
/usr/bin/ld: (.text+0x6026): undefined reference to `nettle_ecc_scalar_clear'
/usr/bin/ld: (.text+0x606f): undefined reference to `nettle_ecc_point_clear'
/usr/bin/ld: (.text+0x60cb): undefined reference to `nettle_curve25519_mul'
/usr/bin/ld: (.text+0x60d8): undefined reference to `nettle_ecc_point_clear'
/usr/bin/ld: (.text+0x62fe): undefined reference to `__gmpz_clear'
/usr/bin/ld: (.text+0x630c): undefined reference to `__gmpz_clear'
/usr/bin/ld: (.text+0x6314): undefined reference to `nettle_ecc_point_clear'
/usr/bin/ld: /usr/lib/x86_64-linux-gnu/libgnutls.a(lt15-pk.o): in function `wrap_nettle_pk_verify_priv_params':
(.text+0x6770): undefined reference to `__gmpz_invert'
/usr/bin/ld: (.text+0x6861): undefined reference to `nettle_get_gost_gc512a'
/usr/bin/ld: (.text+0x68bf): undefined reference to `nettle_ecc_point_init'
/usr/bin/ld: (.text+0x68ce): undefined reference to `nettle_ecc_point_set'
/usr/bin/ld: (.text+0x6928): undefined reference to `nettle_ecc_size'
/usr/bin/ld: (.text+0x6946): undefined reference to `nettle_ecc_scalar_clear'
/usr/bin/ld: (.text+0x694e): undefined reference to `nettle_ecc_point_clear'
/usr/bin/ld: (.text+0x6956): undefined reference to `__gmpz_clear'
/usr/bin/ld: (.text+0x6962): undefined reference to `__gmpz_clear'
/usr/bin/ld: (.text+0x696a): undefined reference to `__gmpz_clear'
/usr/bin/ld: (.text+0x6976): undefined reference to `__gmpz_clear'
/usr/bin/ld: (.text+0x6981): undefined reference to `nettle_get_secp_192r1'
/usr/bin/ld: (.text+0x69df): undefined reference to `nettle_ecc_point_init'
/usr/bin/ld: (.text+0x69ee): undefined reference to `nettle_ecc_point_set'
/usr/bin/ld: (.text+0x6a41): undefined reference to `nettle_get_secp_521r1'
/usr/bin/ld: (.text+0x6a51): undefined reference to `nettle_get_secp_256r1'
/usr/bin/ld: (.text+0x6a61): undefined reference to `nettle_get_secp_224r1'
/usr/bin/ld: (.text+0x6a71): undefined reference to `nettle_get_secp_384r1'
/usr/bin/ld: (.text+0x6adf): undefined reference to `nettle_curve448_mul_g'
/usr/bin/ld: (.text+0x6b3f): undefined reference to `nettle_ed448_shake256_public_key'
/usr/bin/ld: (.text+0x6bca): undefined reference to `nettle_get_gost_gc256b'
/usr/bin/ld: (.text+0x6cd1): undefined reference to `nettle_curve25519_mul_g'
/usr/bin/ld: (.text+0x6ce9): undefined reference to `nettle_ed25519_sha512_public_key'
/usr/bin/ld: (.text+0x6d0b): undefined reference to `nettle_ecc_point_clear'
/usr/bin/ld: (.text+0x6d16): undefined reference to `nettle_ecc_point_init'
/usr/bin/ld: (.text+0x6d21): undefined reference to `nettle_ecc_point_mul_g'
/usr/bin/ld: (.text+0x6d29): undefined reference to `__gmpz_init'
/usr/bin/ld: (.text+0x6d3b): undefined reference to `__gmpz_init'
/usr/bin/ld: (.text+0x6d57): undefined reference to `nettle_ecc_point_get'
/usr/bin/ld: (.text+0x6d63): undefined reference to `nettle_ecc_size_a'
/usr/bin/ld: (.text+0x6d81): undefined reference to `nettle_ecc_point_clear'
/usr/bin/ld: (.text+0x6d89): undefined reference to `__gmpz_init'
/usr/bin/ld: (.text+0x6da2): undefined reference to `__gmpz_init'
/usr/bin/ld: (.text+0x6db0): undefined reference to `nettle_ecc_point_get'
/usr/bin/ld: (.text+0x6dbb): undefined reference to `__gmpz_cmp'
/usr/bin/ld: (.text+0x6dce): undefined reference to `__gmpz_cmp'
/usr/bin/ld: (.text+0x6e2b): undefined reference to `nettle_ecc_point_clear'
/usr/bin/ld: (.text+0x6e36): undefined reference to `nettle_ecc_point_init'
/usr/bin/ld: (.text+0x6e41): undefined reference to `nettle_ecc_point_mul_g'
/usr/bin/ld: (.text+0x6e49): undefined reference to `__gmpz_init'
/usr/bin/ld: (.text+0x6e5b): undefined reference to `__gmpz_init'
/usr/bin/ld: (.text+0x6e77): undefined reference to `nettle_ecc_point_get'
/usr/bin/ld: (.text+0x6e83): undefined reference to `nettle_ecc_size_a'
/usr/bin/ld: (.text+0x6ea1): undefined reference to `nettle_ecc_point_clear'
/usr/bin/ld: (.text+0x6ea9): undefined reference to `__gmpz_init'
/usr/bin/ld: (.text+0x6ec2): undefined reference to `__gmpz_init'
/usr/bin/ld: (.text+0x6ed0): undefined reference to `nettle_ecc_point_get'
/usr/bin/ld: (.text+0x6edb): undefined reference to `__gmpz_cmp'
/usr/bin/ld: (.text+0x6eee): undefined reference to `__gmpz_cmp'
/usr/bin/ld: (.text+0x6f3f): undefined reference to `nettle_ecc_point_clear'
/usr/bin/ld: (.text+0x6f64): undefined reference to `nettle_ecc_point_clear'
/usr/bin/ld: /usr/lib/x86_64-linux-gnu/libgnutls.a(lt16-prf.o): in function `_gnutls_prf_raw':
(.text+0xc0): undefined reference to `nettle_hmac_sha256_set_key'
/usr/bin/ld: (.text+0xd7): undefined reference to `nettle_hmac_sha256_digest'
/usr/bin/ld: (.text+0xde): undefined reference to `nettle_hmac_sha256_update'
/usr/bin/ld: (.text+0x128): undefined reference to `nettle_hmac_sha384_set_key'
/usr/bin/ld: (.text+0x13f): undefined reference to `nettle_hmac_sha384_digest'
/usr/bin/ld: (.text+0x146): undefined reference to `nettle_hmac_sha512_update'
/usr/bin/ld: (.text+0x1b8): undefined reference to `nettle_hmac_streebog256_set_key'
/usr/bin/ld: (.text+0x1cf): undefined reference to `nettle_hmac_streebog256_digest'
/usr/bin/ld: (.text+0x1d6): undefined reference to `nettle_hmac_streebog512_update'
/usr/bin/ld: (.text+0x250): undefined reference to `nettle_hmac_streebog512_set_key'
/usr/bin/ld: (.text+0x267): undefined reference to `nettle_hmac_streebog512_digest'
/usr/bin/ld: (.text+0x26e): undefined reference to `nettle_hmac_streebog512_update'
/usr/bin/ld: /usr/lib/x86_64-linux-gnu/libgnutls.a(rnd.o): in function `single_prng_init.constprop.0':
(.text+0x6e): undefined reference to `nettle_chacha_set_key'
/usr/bin/ld: (.text+0x79): undefined reference to `nettle_chacha_set_nonce'
/usr/bin/ld: (.text+0xbc): undefined reference to `nettle_chacha_crypt'
/usr/bin/ld: (.text+0xcf): undefined reference to `nettle_chacha_crypt'
/usr/bin/ld: /usr/lib/x86_64-linux-gnu/libgnutls.a(rnd.o): in function `wrap_nettle_rnd':
(.text+0x33a): undefined reference to `nettle_chacha_crypt'
/usr/bin/ld: /usr/lib/x86_64-linux-gnu/libgnutls.a(rsa-keygen-fips186.o): in function `rsa_provable_prime.constprop.0':
(.text+0x88): undefined reference to `__gmpz_init'
/usr/bin/ld: (.text+0x9e): undefined reference to `__gmpz_init'
/usr/bin/ld: (.text+0xb4): undefined reference to `__gmpz_init'
/usr/bin/ld: (.text+0xca): undefined reference to `__gmpz_init'
/usr/bin/ld: (.text+0xd2): undefined reference to `__gmpz_init'
/usr/bin/ld: /usr/lib/x86_64-linux-gnu/libgnutls.a(rsa-keygen-fips186.o):(.text+0xda): more undefined references to `__gmpz_init' follow
/usr/bin/ld: /usr/lib/x86_64-linux-gnu/libgnutls.a(rsa-keygen-fips186.o): in function `rsa_provable_prime.constprop.0':
(.text+0x171): undefined reference to `__gmpz_clear'
/usr/bin/ld: (.text+0x17d): undefined reference to `__gmpz_clear'
/usr/bin/ld: (.text+0x185): undefined reference to `__gmpz_clear'
/usr/bin/ld: (.text+0x191): undefined reference to `__gmpz_clear'
/usr/bin/ld: (.text+0x19d): undefined reference to `__gmpz_clear'
/usr/bin/ld: /usr/lib/x86_64-linux-gnu/libgnutls.a(rsa-keygen-fips186.o):(.text+0x1a9): more undefined references to `__gmpz_clear' follow
/usr/bin/ld: /usr/lib/x86_64-linux-gnu/libgnutls.a(rsa-keygen-fips186.o): in function `rsa_provable_prime.constprop.0':
(.text+0x213): undefined reference to `__gmpz_set_ui'
/usr/bin/ld: (.text+0x274): undefined reference to `nettle_mpz_set_str_256_u'
/usr/bin/ld: (.text+0x2ba): undefined reference to `nettle_mpz_get_str_256'
/usr/bin/ld: (.text+0x2cc): undefined reference to `nettle_sha384_init'
/usr/bin/ld: (.text+0x2e2): undefined reference to `nettle_sha512_update'
/usr/bin/ld: (.text+0x2f2): undefined reference to `nettle_sha384_digest'
/usr/bin/ld: (.text+0x302): undefined reference to `__gmpz_add_ui'
/usr/bin/ld: (.text+0x37e): undefined reference to `__gmpz_set_ui'
/usr/bin/ld: (.text+0x38e): undefined reference to `__gmpz_mul_2exp'
/usr/bin/ld: (.text+0x39d): undefined reference to `__gmpz_sqrt'
/usr/bin/ld: (.text+0x3b1): undefined reference to `__gmpz_set_ui'
/usr/bin/ld: (.text+0x3c9): undefined reference to `__gmpz_mul_2exp'
/usr/bin/ld: (.text+0x3db): undefined reference to `__gmpz_sub'
/usr/bin/ld: (.text+0x3f0): undefined reference to `__gmpz_mod'
/usr/bin/ld: (.text+0x402): undefined reference to `__gmpz_add'
/usr/bin/ld: (.text+0x416): undefined reference to `__gmpz_mul_2exp'
/usr/bin/ld: (.text+0x421): undefined reference to `__gmpz_set'
/usr/bin/ld: (.text+0x42f): undefined reference to `__gmpz_add'
/usr/bin/ld: (.text+0x455): undefined reference to `__gmpz_cdiv_q'
/usr/bin/ld: (.text+0x4b2): undefined reference to `__gmpz_add_ui'
/usr/bin/ld: (.text+0x4c6): undefined reference to `__gmpz_sub_ui'
/usr/bin/ld: (.text+0x4d8): undefined reference to `__gmpz_mul'
/usr/bin/ld: (.text+0x4e8): undefined reference to `__gmpz_mul_2exp'
/usr/bin/ld: (.text+0x4f8): undefined reference to `__gmpz_add_ui'
/usr/bin/ld: (.text+0x505): undefined reference to `__gmpz_set_ui'
/usr/bin/ld: (.text+0x517): undefined reference to `__gmpz_mul_2exp'
/usr/bin/ld: (.text+0x522): undefined reference to `__gmpz_cmp'
/usr/bin/ld: (.text+0x535): undefined reference to `__gmpz_set'
/usr/bin/ld: (.text+0x545): undefined reference to `__gmpz_mul_2exp'
/usr/bin/ld: (.text+0x557): undefined reference to `__gmpz_add'
/usr/bin/ld: (.text+0x56b): undefined reference to `__gmpz_mul_2exp'
/usr/bin/ld: (.text+0x57d): undefined reference to `__gmpz_cdiv_q'
/usr/bin/ld: (.text+0x594): undefined reference to `__gmpz_sub_ui'
/usr/bin/ld: (.text+0x5a6): undefined reference to `__gmpz_gcd'
/usr/bin/ld: (.text+0x5b3): undefined reference to `__gmpz_cmp_ui'
/usr/bin/ld: (.text+0x5c9): undefined reference to `__gmpz_set_ui'
/usr/bin/ld: (.text+0x5e9): undefined reference to `__gmpz_sub_ui'
/usr/bin/ld: (.text+0x5fb): undefined reference to `__gmpz_mod'
/usr/bin/ld: (.text+0x60f): undefined reference to `__gmpz_add_ui'
/usr/bin/ld: (.text+0x623): undefined reference to `__gmpz_sub_ui'
/usr/bin/ld: (.text+0x633): undefined reference to `__gmpz_mul_2exp'
/usr/bin/ld: (.text+0x648): undefined reference to `__gmpz_powm'
/usr/bin/ld: (.text+0x658): undefined reference to `__gmpz_sub_ui'
/usr/bin/ld: (.text+0x66a): undefined reference to `__gmpz_gcd'
/usr/bin/ld: (.text+0x67b): undefined reference to `__gmpz_cmp_ui'
/usr/bin/ld: (.text+0x698): undefined reference to `__gmpz_powm'
/usr/bin/ld: (.text+0x6a5): undefined reference to `__gmpz_cmp_ui'
/usr/bin/ld: (.text+0x6e4): undefined reference to `nettle_mpz_get_str_256'
/usr/bin/ld: (.text+0x74a): undefined reference to `nettle_mpz_get_str_256'
/usr/bin/ld: (.text+0x75c): undefined reference to `nettle_sha384_init'
/usr/bin/ld: (.text+0x772): undefined reference to `nettle_sha512_update'
/usr/bin/ld: (.text+0x782): undefined reference to `nettle_sha384_digest'
/usr/bin/ld: (.text+0x792): undefined reference to `__gmpz_add_ui'
/usr/bin/ld: (.text+0x80a): undefined reference to `nettle_mpz_set_str_256_u'
/usr/bin/ld: (.text+0x83c): undefined reference to `nettle_mpz_set_str_256_u'
/usr/bin/ld: /usr/lib/x86_64-linux-gnu/libgnutls.a(rsa-keygen-fips186.o): in function `_rsa_generate_fips186_4_keypair':
(.text+0x95f): undefined reference to `__gmpz_tstbit'
/usr/bin/ld: (.text+0x974): undefined reference to `__gmpz_cmp_ui'
/usr/bin/ld: (.text+0x999): undefined reference to `__gmpz_init'
/usr/bin/ld: (.text+0x9af): undefined reference to `__gmpz_init'
/usr/bin/ld: (.text+0x9c5): undefined reference to `__gmpz_init'
/usr/bin/ld: (.text+0x9cd): undefined reference to `__gmpz_init'
/usr/bin/ld: (.text+0x9e3): undefined reference to `__gmpz_init'
/usr/bin/ld: (.text+0x9f0): undefined reference to `__gmpz_set_ui'
/usr/bin/ld: (.text+0xa00): undefined reference to `__gmpz_mul_2exp'
/usr/bin/ld: (.text+0xa0b): undefined reference to `__gmpz_cmp'
/usr/bin/ld: (.text+0xa21): undefined reference to `__gmpz_clear'
/usr/bin/ld: (.text+0xa2d): undefined reference to `__gmpz_clear'
/usr/bin/ld: (.text+0xa39): undefined reference to `__gmpz_clear'
/usr/bin/ld: (.text+0xa41): undefined reference to `__gmpz_clear'
/usr/bin/ld: (.text+0xa4d): undefined reference to `__gmpz_clear'
/usr/bin/ld: (.text+0xb32): undefined reference to `__gmpz_set_ui'
/usr/bin/ld: (.text+0xb41): undefined reference to `__gmpz_mul_2exp'
/usr/bin/ld: (.text+0xb86): undefined reference to `__gmpz_sub'
/usr/bin/ld: (.text+0xb95): undefined reference to `__gmpz_cmp'
/usr/bin/ld: (.text+0xc12): undefined reference to `__gmpz_cmp'
/usr/bin/ld: (.text+0xc2c): undefined reference to `__gmpz_sub'
/usr/bin/ld: (.text+0xc85): undefined reference to `__gmpz_mul'
/usr/bin/ld: (.text+0xc92): undefined reference to `__gmpz_sizeinbase'
/usr/bin/ld: (.text+0xcbb): undefined reference to `__gmpz_invert'
/usr/bin/ld: (.text+0xcdb): undefined reference to `__gmpz_sub_ui'
/usr/bin/ld: (.text+0xcf2): undefined reference to `__gmpz_sub_ui'
/usr/bin/ld: (.text+0xd13): undefined reference to `__gmpz_lcm'
/usr/bin/ld: (.text+0xd25): undefined reference to `__gmpz_invert'
/usr/bin/ld: (.text+0xd3a): undefined reference to `__gmpz_sizeinbase'
/usr/bin/ld: (.text+0xd5f): undefined reference to `__gmpz_fdiv_r'
/usr/bin/ld: (.text+0xd72): undefined reference to `__gmpz_fdiv_r'
/usr/bin/ld: /usr/lib/x86_64-linux-gnu/libgnutls.a(tls1-prf.o): in function `nettle_tls10_prf.part.0':
(.text+0x1bd): undefined reference to `nettle_hmac_md5_set_key'
/usr/bin/ld: (.text+0x1ce): undefined reference to `nettle_hmac_md5_digest'
/usr/bin/ld: (.text+0x1d6): undefined reference to `nettle_hmac_md5_update'
/usr/bin/ld: (.text+0x21d): undefined reference to `nettle_hmac_sha1_set_key'
/usr/bin/ld: (.text+0x22f): undefined reference to `nettle_hmac_sha1_digest'
/usr/bin/ld: (.text+0x23b): undefined reference to `nettle_hmac_sha1_update'
/usr/bin/ld: (.text+0x262): undefined reference to `nettle_memxor'
/usr/bin/ld: /usr/lib/x86_64-linux-gnu/libgnutls.a(str-iconv.o): in function `_gnutls_ucs2_to_utf8':
(.text+0xe3): undefined reference to `u16_to_u8'
/usr/bin/ld: /usr/lib/x86_64-linux-gnu/libgnutls.a(str-iconv.o): in function `_gnutls_utf8_to_ucs2':
(.text+0x2ca): undefined reference to `u8_to_u16'
/usr/bin/ld: (.text+0x2ea): undefined reference to `uninorm_nfc'
/usr/bin/ld: (.text+0x2ef): undefined reference to `u16_normalize'
/usr/bin/ld: /usr/lib/x86_64-linux-gnu/libgnutls.a(str-unicode.o): in function `gnutls_utf8_password_normalize':
(.text+0xa5): undefined reference to `u8_check'
/usr/bin/ld: (.text+0x111): undefined reference to `u8_to_u32'
/usr/bin/ld: (.text+0x130): undefined reference to `UC_CATEGORY_Lu'
/usr/bin/ld: (.text+0x13e): undefined reference to `UC_CATEGORY_Ll'
/usr/bin/ld: (.text+0x145): undefined reference to `UC_CATEGORY_Ll'
/usr/bin/ld: (.text+0x14c): undefined reference to `UC_CATEGORY_Lu'
/usr/bin/ld: (.text+0x155): undefined reference to `uc_general_category_or'
/usr/bin/ld: (.text+0x15c): undefined reference to `UC_CATEGORY_Lo'
/usr/bin/ld: (.text+0x166): undefined reference to `UC_CATEGORY_Lo'
/usr/bin/ld: (.text+0x16e): undefined reference to `uc_general_category_or'
/usr/bin/ld: (.text+0x175): undefined reference to `UC_CATEGORY_Nd'
/usr/bin/ld: (.text+0x17f): undefined reference to `UC_CATEGORY_Nd'
/usr/bin/ld: (.text+0x187): undefined reference to `uc_general_category_or'
/usr/bin/ld: (.text+0x18e): undefined reference to `UC_CATEGORY_Lm'
/usr/bin/ld: (.text+0x198): undefined reference to `UC_CATEGORY_Lm'
/usr/bin/ld: (.text+0x1a0): undefined reference to `uc_general_category_or'
/usr/bin/ld: (.text+0x1a7): undefined reference to `UC_CATEGORY_Mn'
/usr/bin/ld: (.text+0x1b1): undefined reference to `UC_CATEGORY_Mn'
/usr/bin/ld: (.text+0x1b9): undefined reference to `uc_general_category_or'
/usr/bin/ld: (.text+0x1c0): undefined reference to `UC_CATEGORY_Mc'
/usr/bin/ld: (.text+0x1ca): undefined reference to `UC_CATEGORY_Mc'
/usr/bin/ld: (.text+0x1d2): undefined reference to `uc_general_category_or'
/usr/bin/ld: (.text+0x1d9): undefined reference to `UC_CATEGORY_Lt'
/usr/bin/ld: (.text+0x1e3): undefined reference to `UC_CATEGORY_Lt'
/usr/bin/ld: (.text+0x1eb): undefined reference to `uc_general_category_or'
/usr/bin/ld: (.text+0x1f2): undefined reference to `UC_CATEGORY_Nl'
/usr/bin/ld: (.text+0x1fc): undefined reference to `UC_CATEGORY_Nl'
/usr/bin/ld: (.text+0x204): undefined reference to `uc_general_category_or'
/usr/bin/ld: (.text+0x20b): undefined reference to `UC_CATEGORY_No'
/usr/bin/ld: (.text+0x215): undefined reference to `UC_CATEGORY_No'
/usr/bin/ld: (.text+0x21d): undefined reference to `uc_general_category_or'
/usr/bin/ld: (.text+0x224): undefined reference to `UC_CATEGORY_Me'
/usr/bin/ld: (.text+0x22e): undefined reference to `UC_CATEGORY_Me'
/usr/bin/ld: (.text+0x236): undefined reference to `uc_general_category_or'
/usr/bin/ld: (.text+0x23d): undefined reference to `UC_CATEGORY_Sm'
/usr/bin/ld: (.text+0x247): undefined reference to `UC_CATEGORY_Sm'
/usr/bin/ld: (.text+0x24f): undefined reference to `uc_general_category_or'
/usr/bin/ld: (.text+0x256): undefined reference to `UC_CATEGORY_Sc'
/usr/bin/ld: (.text+0x260): undefined reference to `UC_CATEGORY_Sc'
/usr/bin/ld: (.text+0x268): undefined reference to `uc_general_category_or'
/usr/bin/ld: (.text+0x26f): undefined reference to `UC_CATEGORY_So'
/usr/bin/ld: (.text+0x279): undefined reference to `UC_CATEGORY_So'
/usr/bin/ld: (.text+0x281): undefined reference to `uc_general_category_or'
/usr/bin/ld: (.text+0x288): undefined reference to `UC_CATEGORY_Sk'
/usr/bin/ld: (.text+0x292): undefined reference to `UC_CATEGORY_Sk'
/usr/bin/ld: (.text+0x29a): undefined reference to `uc_general_category_or'
/usr/bin/ld: (.text+0x2a1): undefined reference to `UC_CATEGORY_Pc'
/usr/bin/ld: (.text+0x2ab): undefined reference to `UC_CATEGORY_Pc'
/usr/bin/ld: (.text+0x2b3): undefined reference to `uc_general_category_or'
/usr/bin/ld: (.text+0x2ba): undefined reference to `UC_CATEGORY_Pd'
/usr/bin/ld: (.text+0x2c4): undefined reference to `UC_CATEGORY_Pd'
/usr/bin/ld: (.text+0x2cc): undefined reference to `uc_general_category_or'
/usr/bin/ld: (.text+0x2d3): undefined reference to `UC_CATEGORY_Ps'
/usr/bin/ld: (.text+0x2dd): undefined reference to `UC_CATEGORY_Ps'
/usr/bin/ld: (.text+0x2e5): undefined reference to `uc_general_category_or'
/usr/bin/ld: (.text+0x2ec): undefined reference to `UC_CATEGORY_Pe'
/usr/bin/ld: (.text+0x2f6): undefined reference to `UC_CATEGORY_Pe'
/usr/bin/ld: (.text+0x2fe): undefined reference to `uc_general_category_or'
/usr/bin/ld: (.text+0x305): undefined reference to `UC_CATEGORY_Pi'
/usr/bin/ld: (.text+0x30f): undefined reference to `UC_CATEGORY_Pi'
/usr/bin/ld: (.text+0x317): undefined reference to `uc_general_category_or'
/usr/bin/ld: (.text+0x31e): undefined reference to `UC_CATEGORY_Pf'
/usr/bin/ld: (.text+0x328): undefined reference to `UC_CATEGORY_Pf'
/usr/bin/ld: (.text+0x330): undefined reference to `uc_general_category_or'
/usr/bin/ld: (.text+0x337): undefined reference to `UC_CATEGORY_Po'
/usr/bin/ld: (.text+0x341): undefined reference to `UC_CATEGORY_Po'
/usr/bin/ld: (.text+0x349): undefined reference to `uc_general_category_or'
/usr/bin/ld: (.text+0x350): undefined reference to `UC_CATEGORY_Zs'
/usr/bin/ld: (.text+0x35a): undefined reference to `UC_CATEGORY_Zs'
/usr/bin/ld: (.text+0x362): undefined reference to `uc_general_category_or'
/usr/bin/ld: (.text+0x369): undefined reference to `UC_CATEGORY_Cc'
/usr/bin/ld: (.text+0x373): undefined reference to `UC_CATEGORY_Cc'
/usr/bin/ld: (.text+0x37b): undefined reference to `uc_general_category_and_not'
/usr/bin/ld: (.text+0x3d7): undefined reference to `uc_is_property_default_ignorable_code_point'
/usr/bin/ld: (.text+0x3e7): undefined reference to `uc_is_property_not_a_character'
/usr/bin/ld: (.text+0x44b): undefined reference to `uc_is_property_join_control'
/usr/bin/ld: (.text+0x45a): undefined reference to `UC_CATEGORY_Zs'
/usr/bin/ld: (.text+0x461): undefined reference to `UC_CATEGORY_Zs'
/usr/bin/ld: (.text+0x469): undefined reference to `uc_is_general_category'
/usr/bin/ld: (.text+0x491): undefined reference to `uc_is_general_category'
/usr/bin/ld: (.text+0x4c5): undefined reference to `uninorm_nfc'
/usr/bin/ld: (.text+0x4ca): undefined reference to `u32_normalize'
/usr/bin/ld: (.text+0x4f4): undefined reference to `u32_to_u8'
/usr/bin/ld: (.text+0x656): undefined reference to `uc_is_property_join_control'
/usr/bin/ld: (.text+0x6c3): undefined reference to `uninorm_nfkc'
/usr/bin/ld: (.text+0x6d0): undefined reference to `u32_normalize'
/usr/bin/ld: /usr/lib/x86_64-linux-gnu/libgnutls.a(attributes.o): in function `_x509_parse_attribute':
(.text+0xc7): undefined reference to `asn1_read_value'
/usr/bin/ld: (.text+0x12a): undefined reference to `asn1_read_value'
/usr/bin/ld: /usr/lib/x86_64-linux-gnu/libgnutls.a(attributes.o): in function `_x509_set_attribute':
(.text+0x4ec): undefined reference to `asn1_read_value'
/usr/bin/ld: (.text+0x541): undefined reference to `asn1_read_value'
/usr/bin/ld: (.text+0x69a): undefined reference to `asn1_write_value'
/usr/bin/ld: (.text+0x742): undefined reference to `asn1_write_value'
/usr/bin/ld: (.text+0x7c0): undefined reference to `asn1_write_value'
/usr/bin/ld: /usr/lib/x86_64-linux-gnu/libgnutls.a(krb5.o): in function `_gnutls_krb5_principal_to_der':
(.text+0x18e): undefined reference to `asn1_create_element'
/usr/bin/ld: (.text+0x1b7): undefined reference to `asn1_write_value'
/usr/bin/ld: (.text+0x1d9): undefined reference to `asn1_write_value'
/usr/bin/ld: (.text+0x22e): undefined reference to `asn1_write_value'
/usr/bin/ld: (.text+0x255): undefined reference to `asn1_write_value'
/usr/bin/ld: (.text+0x28d): undefined reference to `asn1_delete_structure'
/usr/bin/ld: /usr/lib/x86_64-linux-gnu/libgnutls.a(krb5.o): in function `_gnutls_krb5_der_to_principal':
(.text+0x673): undefined reference to `asn1_create_element'
/usr/bin/ld: (.text+0x6bc): undefined reference to `asn1_der_decoding'
/usr/bin/ld: (.text+0x6e6): undefined reference to `asn1_delete_structure'
/usr/bin/ld: (.text+0x78a): undefined reference to `asn1_read_value'
/usr/bin/ld: (.text+0x97a): undefined reference to `asn1_delete_structure'
/usr/bin/ld: /usr/lib/x86_64-linux-gnu/libgnutls.a(vko_gost.o): in function `proc_vko_gost_client_kx':
(.text+0x17d): undefined reference to `asn1_get_length_der'
/usr/bin/ld: (.text+0x1d2): undefined reference to `asn1_get_length_der'
/usr/bin/ld: /usr/lib/x86_64-linux-gnu/libgnutls.a(vko_gost.o): in function `gen_vko_gost_client_kx':
(.text+0x68f): undefined reference to `asn1_length_der'
/usr/bin/ld: /usr/lib/x86_64-linux-gnu/libgnutls.a(aes-ccm-x86-aesni.o): in function `aes_ccm_aead_decrypt':
(.text+0x91): undefined reference to `nettle_ccm_decrypt_message'
/usr/bin/ld: /usr/lib/x86_64-linux-gnu/libgnutls.a(aes-ccm-x86-aesni.o): in function `aes_ccm_aead_encrypt':
(.text+0x22f): undefined reference to `nettle_ccm_encrypt_message'
/usr/bin/ld: /usr/lib/x86_64-linux-gnu/libgnutls.a(aes-gcm-padlock.o): in function `aes_gcm_auth':
(.text+0x79): undefined reference to `nettle_gcm_update'
/usr/bin/ld: /usr/lib/x86_64-linux-gnu/libgnutls.a(aes-gcm-padlock.o): in function `aes_gcm_encrypt':
(.text+0x126): undefined reference to `nettle_gcm_encrypt'
/usr/bin/ld: /usr/lib/x86_64-linux-gnu/libgnutls.a(aes-gcm-padlock.o): in function `aes_gcm_cipher_setkey':
(.text+0x241): undefined reference to `nettle_gcm_set_key'
/usr/bin/ld: /usr/lib/x86_64-linux-gnu/libgnutls.a(aes-gcm-padlock.o): in function `aes_gcm_decrypt':
(.text+0x337): undefined reference to `nettle_gcm_decrypt'
/usr/bin/ld: /usr/lib/x86_64-linux-gnu/libgnutls.a(aes-gcm-padlock.o): in function `aes_gcm_setiv':
(.text+0x3b9): undefined reference to `nettle_gcm_set_iv'
/usr/bin/ld: /usr/lib/x86_64-linux-gnu/libgnutls.a(aes-gcm-padlock.o): in function `aes_gcm_aead_encrypt':
(.text+0x465): undefined reference to `nettle_gcm_set_iv'
/usr/bin/ld: (.text+0x481): undefined reference to `nettle_gcm_update'
/usr/bin/ld: (.text+0x4c1): undefined reference to `nettle_gcm_digest'
/usr/bin/ld: /usr/lib/x86_64-linux-gnu/libgnutls.a(aes-gcm-padlock.o): in function `aes_gcm_aead_decrypt':
(.text+0x627): undefined reference to `nettle_gcm_set_iv'
/usr/bin/ld: (.text+0x651): undefined reference to `nettle_gcm_update'
/usr/bin/ld: (.text+0x685): undefined reference to `nettle_gcm_decrypt'
/usr/bin/ld: (.text+0x6a4): undefined reference to `nettle_gcm_digest'
/usr/bin/ld: /usr/lib/x86_64-linux-gnu/libgnutls.a(aes-gcm-padlock.o): in function `aes_gcm_tag':
(.text+0x26): undefined reference to `nettle_gcm_digest'
/usr/bin/ld: /usr/lib/x86_64-linux-gnu/libgnutls.a(aes-gcm-x86-aesni.o): in function `aes_gcm_auth':
(.text+0x79): undefined reference to `nettle_gcm_update'
/usr/bin/ld: /usr/lib/x86_64-linux-gnu/libgnutls.a(aes-gcm-x86-aesni.o): in function `aes_gcm_encrypt':
(.text+0x126): undefined reference to `nettle_gcm_encrypt'
/usr/bin/ld: /usr/lib/x86_64-linux-gnu/libgnutls.a(aes-gcm-x86-aesni.o): in function `aes_gcm_cipher_setkey':
(.text+0x245): undefined reference to `nettle_gcm_set_key'
/usr/bin/ld: /usr/lib/x86_64-linux-gnu/libgnutls.a(aes-gcm-x86-aesni.o): in function `aes_gcm_decrypt':
(.text+0x367): undefined reference to `nettle_gcm_decrypt'
/usr/bin/ld: /usr/lib/x86_64-linux-gnu/libgnutls.a(aes-gcm-x86-aesni.o): in function `aes_gcm_setiv':
(.text+0x3e9): undefined reference to `nettle_gcm_set_iv'
/usr/bin/ld: /usr/lib/x86_64-linux-gnu/libgnutls.a(aes-gcm-x86-aesni.o): in function `aes_gcm_aead_encrypt':
(.text+0x495): undefined reference to `nettle_gcm_set_iv'
/usr/bin/ld: (.text+0x4b1): undefined reference to `nettle_gcm_update'
/usr/bin/ld: (.text+0x4f1): undefined reference to `nettle_gcm_digest'
/usr/bin/ld: /usr/lib/x86_64-linux-gnu/libgnutls.a(aes-gcm-x86-aesni.o): in function `aes_gcm_aead_decrypt':
(.text+0x657): undefined reference to `nettle_gcm_set_iv'
/usr/bin/ld: (.text+0x681): undefined reference to `nettle_gcm_update'
/usr/bin/ld: (.text+0x6b5): undefined reference to `nettle_gcm_decrypt'
/usr/bin/ld: (.text+0x6d4): undefined reference to `nettle_gcm_digest'
/usr/bin/ld: /usr/lib/x86_64-linux-gnu/libgnutls.a(aes-gcm-x86-aesni.o): in function `aes_gcm_tag':
(.text+0x26): undefined reference to `nettle_gcm_digest'
/usr/bin/ld: /usr/lib/x86_64-linux-gnu/libgnutls.a(aes-gcm-x86-pclmul-avx.o): in function `gcm_ghash':
(.text+0x72): undefined reference to `nettle_memxor'
/usr/bin/ld: /usr/lib/x86_64-linux-gnu/libgnutls.a(aes-gcm-x86-pclmul-avx.o): in function `aes_gcm_auth':
(.text+0x984): undefined reference to `nettle_memxor'
/usr/bin/ld: /usr/lib/x86_64-linux-gnu/libgnutls.a(aes-gcm-x86-pclmul.o): in function `gcm_ghash':
(.text+0x72): undefined reference to `nettle_memxor'
/usr/bin/ld: /usr/lib/x86_64-linux-gnu/libgnutls.a(aes-gcm-x86-pclmul.o): in function `aes_gcm_auth':
(.text+0x984): undefined reference to `nettle_memxor'
/usr/bin/ld: /usr/lib/x86_64-linux-gnu/libgnutls.a(aes-gcm-x86-ssse3.o): in function `aes_gcm_auth':
(.text+0x49): undefined reference to `nettle_gcm_update'
/usr/bin/ld: /usr/lib/x86_64-linux-gnu/libgnutls.a(aes-gcm-x86-ssse3.o): in function `aes_gcm_encrypt':
(.text+0xf6): undefined reference to `nettle_gcm_encrypt'
/usr/bin/ld: /usr/lib/x86_64-linux-gnu/libgnutls.a(aes-gcm-x86-ssse3.o): in function `aes_gcm_cipher_setkey':
(.text+0x215): undefined reference to `nettle_gcm_set_key'
/usr/bin/ld: /usr/lib/x86_64-linux-gnu/libgnutls.a(aes-gcm-x86-ssse3.o): in function `aes_gcm_decrypt':
(.text+0x3c7): undefined reference to `nettle_gcm_decrypt'
/usr/bin/ld: /usr/lib/x86_64-linux-gnu/libgnutls.a(aes-gcm-x86-ssse3.o): in function `aes_gcm_setiv':
(.text+0x449): undefined reference to `nettle_gcm_set_iv'
/usr/bin/ld: /usr/lib/x86_64-linux-gnu/libgnutls.a(aes-gcm-x86-ssse3.o): in function `aes_gcm_aead_encrypt':
(.text+0x4f5): undefined reference to `nettle_gcm_set_iv'
/usr/bin/ld: (.text+0x511): undefined reference to `nettle_gcm_update'
/usr/bin/ld: (.text+0x551): undefined reference to `nettle_gcm_digest'
/usr/bin/ld: /usr/lib/x86_64-linux-gnu/libgnutls.a(aes-gcm-x86-ssse3.o): in function `aes_gcm_aead_decrypt':
(.text+0x6b7): undefined reference to `nettle_gcm_set_iv'
/usr/bin/ld: (.text+0x6e1): undefined reference to `nettle_gcm_update'
/usr/bin/ld: (.text+0x715): undefined reference to `nettle_gcm_decrypt'
/usr/bin/ld: (.text+0x734): undefined reference to `nettle_gcm_digest'
/usr/bin/ld: /usr/lib/x86_64-linux-gnu/libgnutls.a(aes-gcm-x86-ssse3.o): in function `aes_gcm_tag':
(.text+0x26): undefined reference to `nettle_gcm_digest'
/usr/bin/ld: /usr/lib/x86_64-linux-gnu/libgnutls.a(aes-padlock.o): in function `padlock_aes_cipher_setkey':
(.text+0xf8): undefined reference to `nettle_aes256_set_decrypt_key'
/usr/bin/ld: (.text+0x1f0): undefined reference to `nettle_aes192_set_decrypt_key'
/usr/bin/ld: (.text+0x2e1): undefined reference to `nettle_aes192_set_encrypt_key'
/usr/bin/ld: (.text+0x2f1): undefined reference to `nettle_aes256_set_encrypt_key'
/usr/bin/ld: /usr/lib/x86_64-linux-gnu/libgnutls.a(hmac-padlock.o): in function `wrap_padlock_hmac_fast':
(.text+0x70d): undefined reference to `nettle_memxor'
/usr/bin/ld: (.text+0x788): undefined reference to `nettle_memxor'
/usr/bin/ld: /usr/lib/x86_64-linux-gnu/libgnutls.a(hmac-padlock.o): in function `padlock_hmac_sha512_set_key':
(.text+0x380): undefined reference to `nettle_hmac_set_key'
/usr/bin/ld: /usr/lib/x86_64-linux-gnu/libgnutls.a(hmac-padlock.o): in function `padlock_hmac_sha384_set_key':
(.text+0x3b0): undefined reference to `nettle_hmac_set_key'
/usr/bin/ld: /usr/lib/x86_64-linux-gnu/libgnutls.a(hmac-padlock.o): in function `padlock_hmac_sha256_set_key':
(.text+0x3dd): undefined reference to `nettle_hmac_set_key'
/usr/bin/ld: /usr/lib/x86_64-linux-gnu/libgnutls.a(hmac-padlock.o): in function `padlock_hmac_sha224_set_key':
(.text+0x40d): undefined reference to `nettle_hmac_set_key'
/usr/bin/ld: /usr/lib/x86_64-linux-gnu/libgnutls.a(hmac-padlock.o): in function `padlock_hmac_sha1_set_key':
(.text+0x43d): undefined reference to `nettle_hmac_set_key'
/usr/bin/ld: /usr/lib/x86_64-linux-gnu/libgnutls.a(hmac-padlock.o): in function `padlock_hmac_sha512_digest':
(.text+0x470): undefined reference to `nettle_hmac_digest'
/usr/bin/ld: /usr/lib/x86_64-linux-gnu/libgnutls.a(hmac-padlock.o): in function `padlock_hmac_sha384_digest':
(.text+0x4a0): undefined reference to `nettle_hmac_digest'
/usr/bin/ld: /usr/lib/x86_64-linux-gnu/libgnutls.a(hmac-padlock.o): in function `padlock_hmac_sha256_digest':
(.text+0x4cd): undefined reference to `nettle_hmac_digest'
/usr/bin/ld: /usr/lib/x86_64-linux-gnu/libgnutls.a(hmac-padlock.o): in function `padlock_hmac_sha224_digest':
(.text+0x4fd): undefined reference to `nettle_hmac_digest'
/usr/bin/ld: /usr/lib/x86_64-linux-gnu/libgnutls.a(hmac-padlock.o): in function `padlock_hmac_sha1_digest':
(.text+0x52d): undefined reference to `nettle_hmac_digest'
/usr/bin/ld: /usr/lib/x86_64-linux-gnu/libgnutls.a(hmac-x86-ssse3.o): in function `x86_hmac_sha512_set_key':
(.text+0x480): undefined reference to `nettle_hmac_set_key'
/usr/bin/ld: /usr/lib/x86_64-linux-gnu/libgnutls.a(hmac-x86-ssse3.o): in function `x86_hmac_sha384_set_key':
(.text+0x4b0): undefined reference to `nettle_hmac_set_key'
/usr/bin/ld: /usr/lib/x86_64-linux-gnu/libgnutls.a(hmac-x86-ssse3.o): in function `x86_hmac_sha256_set_key':
(.text+0x4dd): undefined reference to `nettle_hmac_set_key'
/usr/bin/ld: /usr/lib/x86_64-linux-gnu/libgnutls.a(hmac-x86-ssse3.o): in function `x86_hmac_sha224_set_key':
(.text+0x50d): undefined reference to `nettle_hmac_set_key'
/usr/bin/ld: /usr/lib/x86_64-linux-gnu/libgnutls.a(hmac-x86-ssse3.o): in function `x86_hmac_sha1_set_key':
(.text+0x53d): undefined reference to `nettle_hmac_set_key'
/usr/bin/ld: /usr/lib/x86_64-linux-gnu/libgnutls.a(hmac-x86-ssse3.o): in function `x86_hmac_sha512_digest':
(.text+0x570): undefined reference to `nettle_hmac_digest'
/usr/bin/ld: /usr/lib/x86_64-linux-gnu/libgnutls.a(hmac-x86-ssse3.o): in function `x86_hmac_sha384_digest':
(.text+0x5a0): undefined reference to `nettle_hmac_digest'
/usr/bin/ld: /usr/lib/x86_64-linux-gnu/libgnutls.a(hmac-x86-ssse3.o): in function `x86_hmac_sha256_digest':
(.text+0x5cd): undefined reference to `nettle_hmac_digest'
/usr/bin/ld: /usr/lib/x86_64-linux-gnu/libgnutls.a(hmac-x86-ssse3.o): in function `x86_hmac_sha224_digest':
(.text+0x5fd): undefined reference to `nettle_hmac_digest'
/usr/bin/ld: /usr/lib/x86_64-linux-gnu/libgnutls.a(hmac-x86-ssse3.o): in function `x86_hmac_sha1_digest':
(.text+0x62d): undefined reference to `nettle_hmac_digest'
/usr/bin/ld: /usr/lib/x86_64-linux-gnu/libgnutls.a(sha-padlock.o): in function `_ctx_init':
(.text+0x5d0): undefined reference to `nettle_sha224_init'
/usr/bin/ld: (.text+0x5d7): undefined reference to `nettle_sha224_init'
/usr/bin/ld: (.text+0x634): undefined reference to `nettle_sha1_init'
/usr/bin/ld: (.text+0x661): undefined reference to `nettle_sha1_init'
/usr/bin/ld: (.text+0x688): undefined reference to `nettle_sha256_init'
/usr/bin/ld: (.text+0x694): undefined reference to `nettle_sha256_init'
/usr/bin/ld: (.text+0x6c8): undefined reference to `nettle_sha384_init'
/usr/bin/ld: (.text+0x6d4): undefined reference to `nettle_sha384_init'
/usr/bin/ld: (.text+0x708): undefined reference to `nettle_sha512_init'
/usr/bin/ld: (.text+0x714): undefined reference to `nettle_sha512_init'
/usr/bin/ld: /usr/lib/x86_64-linux-gnu/libgnutls.a(sha-padlock.o):(.data.rel.ro+0x98): undefined reference to `nettle_sha512_init'
/usr/bin/ld: /usr/lib/x86_64-linux-gnu/libgnutls.a(sha-padlock.o):(.data.rel.ro+0xd8): undefined reference to `nettle_sha384_init'
/usr/bin/ld: /usr/lib/x86_64-linux-gnu/libgnutls.a(sha-padlock.o):(.data.rel.ro+0x118): undefined reference to `nettle_sha256_init'
/usr/bin/ld: /usr/lib/x86_64-linux-gnu/libgnutls.a(sha-padlock.o):(.data.rel.ro+0x158): undefined reference to `nettle_sha224_init'
/usr/bin/ld: /usr/lib/x86_64-linux-gnu/libgnutls.a(sha-padlock.o):(.data.rel.ro+0x198): undefined reference to `nettle_sha1_init'
/usr/bin/ld: /usr/lib/x86_64-linux-gnu/libgnutls.a(sha-x86-ssse3.o): in function `_ctx_init':
(.text+0x6c): undefined reference to `nettle_sha224_init'
/usr/bin/ld: (.text+0x73): undefined reference to `nettle_sha224_init'
/usr/bin/ld: (.text+0x9b): undefined reference to `nettle_sha224_digest'
/usr/bin/ld: (.text+0xd4): undefined reference to `nettle_sha1_init'
/usr/bin/ld: (.text+0xdb): undefined reference to `nettle_sha1_init'
/usr/bin/ld: (.text+0xfc): undefined reference to `nettle_sha1_digest'
/usr/bin/ld: (.text+0x114): undefined reference to `nettle_sha256_init'
/usr/bin/ld: (.text+0x11b): undefined reference to `nettle_sha256_init'
/usr/bin/ld: (.text+0x13c): undefined reference to `nettle_sha256_digest'
/usr/bin/ld: (.text+0x15c): undefined reference to `nettle_sha384_init'
/usr/bin/ld: (.text+0x163): undefined reference to `nettle_sha384_init'
/usr/bin/ld: (.text+0x184): undefined reference to `nettle_sha384_digest'
/usr/bin/ld: (.text+0x1a4): undefined reference to `nettle_sha512_init'
/usr/bin/ld: (.text+0x1ab): undefined reference to `nettle_sha512_init'
/usr/bin/ld: (.text+0x1cc): undefined reference to `nettle_sha512_digest'
/usr/bin/ld: /usr/lib/x86_64-linux-gnu/libgnutls.a(sha-x86-ssse3.o): in function `x86_sha1_update':
(.text+0x54a): undefined reference to `nettle_sha1_update'
/usr/bin/ld: (.text+0x562): undefined reference to `nettle_sha1_update'
/usr/bin/ld: /usr/lib/x86_64-linux-gnu/libgnutls.a(sha-x86-ssse3.o): in function `x86_sha256_update':
(.text+0x6ea): undefined reference to `nettle_sha256_update'
/usr/bin/ld: (.text+0x702): undefined reference to `nettle_sha256_update'
/usr/bin/ld: /usr/lib/x86_64-linux-gnu/libgnutls.a(sha-x86-ssse3.o): in function `x86_sha512_update':
(.text+0x8da): undefined reference to `nettle_sha512_update'
/usr/bin/ld: (.text+0x8f2): undefined reference to `nettle_sha512_update'
/usr/bin/ld: /usr/lib/x86_64-linux-gnu/libgnutls.a(sha-x86-ssse3.o):(.data.rel.ro+0x18): undefined reference to `nettle_sha512_init'
/usr/bin/ld: /usr/lib/x86_64-linux-gnu/libgnutls.a(sha-x86-ssse3.o):(.data.rel.ro+0x28): undefined reference to `nettle_sha512_digest'
/usr/bin/ld: /usr/lib/x86_64-linux-gnu/libgnutls.a(sha-x86-ssse3.o):(.data.rel.ro+0x58): undefined reference to `nettle_sha384_init'
/usr/bin/ld: /usr/lib/x86_64-linux-gnu/libgnutls.a(sha-x86-ssse3.o):(.data.rel.ro+0x68): undefined reference to `nettle_sha384_digest'
/usr/bin/ld: /usr/lib/x86_64-linux-gnu/libgnutls.a(sha-x86-ssse3.o):(.data.rel.ro+0x98): undefined reference to `nettle_sha256_init'
/usr/bin/ld: /usr/lib/x86_64-linux-gnu/libgnutls.a(sha-x86-ssse3.o):(.data.rel.ro+0xa8): undefined reference to `nettle_sha256_digest'
/usr/bin/ld: /usr/lib/x86_64-linux-gnu/libgnutls.a(sha-x86-ssse3.o):(.data.rel.ro+0xd8): undefined reference to `nettle_sha224_init'
/usr/bin/ld: /usr/lib/x86_64-linux-gnu/libgnutls.a(sha-x86-ssse3.o):(.data.rel.ro+0xe8): undefined reference to `nettle_sha224_digest'
/usr/bin/ld: /usr/lib/x86_64-linux-gnu/libgnutls.a(sha-x86-ssse3.o):(.data.rel.ro+0x118): undefined reference to `nettle_sha1_init'
/usr/bin/ld: /usr/lib/x86_64-linux-gnu/libgnutls.a(sha-x86-ssse3.o):(.data.rel.ro+0x128): undefined reference to `nettle_sha1_digest'
/usr/bin/ld: /usr/lib/x86_64-linux-gnu/libgnutls.a(bignum-le.o): in function `_gnutls_mpz_get_str_256_u_le':
(.text+0x5a): undefined reference to `nettle_mpz_sizeinbase_256_u'
/usr/bin/ld: (.text+0x81): undefined reference to `__gmpz_export'
/usr/bin/ld: /usr/lib/x86_64-linux-gnu/libgnutls.a(bignum-le.o): in function `_gnutls_mpz_set_str_256_u_le':
(.text+0x11e): undefined reference to `__gmpz_import'
/usr/bin/ld: /usr/lib/x86_64-linux-gnu/libgnutls.a(bignum-le.o): in function `_gnutls_mpz_init_set_str_256_u_le':
(.text+0x14b): undefined reference to `__gmpz_init'
/usr/bin/ld: (.text+0x16c): undefined reference to `__gmpz_import'
/usr/bin/ld: /usr/lib/x86_64-linux-gnu/libgnutls.a(cmac-kuznyechik.o): in function `_gnutls_cmac_kuznyechik_set_key':
(.text+0x28): undefined reference to `nettle_cmac128_set_key'
/usr/bin/ld: (.text+0x35): undefined reference to `nettle_cmac128_init'
/usr/bin/ld: /usr/lib/x86_64-linux-gnu/libgnutls.a(cmac-kuznyechik.o): in function `_gnutls_cmac_kuznyechik_update':
(.text+0x5a): undefined reference to `nettle_cmac128_update'
/usr/bin/ld: /usr/lib/x86_64-linux-gnu/libgnutls.a(cmac-kuznyechik.o): in function `_gnutls_cmac_kuznyechik_digest':
(.text+0x80): undefined reference to `nettle_cmac128_digest'
/usr/bin/ld: /usr/lib/x86_64-linux-gnu/libgnutls.a(cmac-magma.o): in function `_gnutls_cmac_magma_set_key':
(.text+0x28): undefined reference to `nettle_cmac64_set_key'
/usr/bin/ld: (.text+0x35): undefined reference to `nettle_cmac64_init'
/usr/bin/ld: /usr/lib/x86_64-linux-gnu/libgnutls.a(cmac-magma.o): in function `_gnutls_cmac_magma_update':
(.text+0x5a): undefined reference to `nettle_cmac64_update'
/usr/bin/ld: /usr/lib/x86_64-linux-gnu/libgnutls.a(cmac-magma.o): in function `_gnutls_cmac_magma_digest':
(.text+0x80): undefined reference to `nettle_cmac64_digest'
/usr/bin/ld: /usr/lib/x86_64-linux-gnu/libgnutls.a(dsa-compute-k.o): in function `_gnutls_dsa_compute_k':
(.text+0x111): undefined reference to `__gmpn_rshift'
/usr/bin/ld: (.text+0x133): undefined reference to `__gmpn_sub_n'
/usr/bin/ld: (.text+0x14e): undefined reference to `__gmpn_cnd_add_n'
/usr/bin/ld: (.text+0x472): undefined reference to `__gmpn_zero'
/usr/bin/ld: (.text+0x49d): undefined reference to `__gmpn_copyi'
/usr/bin/ld: (.text+0x56d): undefined reference to `__gmpn_rshift'
/usr/bin/ld: (.text+0x5db): undefined reference to `__gmpn_sub_n'
/usr/bin/ld: /usr/lib/x86_64-linux-gnu/libgnutls.a(dsa-compute-k.o): in function `_gnutls_dsa_compute_k_finish':
(.text+0x6f1): undefined reference to `__gmpn_sec_sub_1'
/usr/bin/ld: /usr/lib/x86_64-linux-gnu/libgnutls.a(dsa-keygen-fips186.o): in function `_dsa_generate_dss_pq':
(.text+0xe9): undefined reference to `__gmpz_init'
/usr/bin/ld: (.text+0xff): undefined reference to `__gmpz_init'
/usr/bin/ld: (.text+0x115): undefined reference to `__gmpz_init'
/usr/bin/ld: (.text+0x12b): undefined reference to `__gmpz_init'
/usr/bin/ld: (.text+0x141): undefined reference to `__gmpz_init'
/usr/bin/ld: /usr/lib/x86_64-linux-gnu/libgnutls.a(dsa-keygen-fips186.o):(.text+0x149): more undefined references to `__gmpz_init' follow
/usr/bin/ld: /usr/lib/x86_64-linux-gnu/libgnutls.a(dsa-keygen-fips186.o): in function `_dsa_generate_dss_pq':
(.text+0x170): undefined reference to `__gmpz_set_ui'
/usr/bin/ld: (.text+0x183): undefined reference to `__gmpz_mul_2exp'
/usr/bin/ld: (.text+0x191): undefined reference to `nettle_mpz_set_str_256_u'
/usr/bin/ld: (.text+0x1a0): undefined reference to `__gmpz_cmp'
/usr/bin/ld: (.text+0x30a): undefined reference to `__gmpz_set_ui'
/usr/bin/ld: (.text+0x328): undefined reference to `__gmpz_mul_2exp'
/usr/bin/ld: (.text+0x33d): undefined reference to `__gmpz_fdiv_r_2exp'
/usr/bin/ld: (.text+0x34b): undefined reference to `__gmpz_add'
/usr/bin/ld: (.text+0x366): undefined reference to `__gmpz_mul_2exp'
/usr/bin/ld: (.text+0x378): undefined reference to `__gmpz_mul'
/usr/bin/ld: (.text+0x398): undefined reference to `__gmpz_cdiv_q'
/usr/bin/ld: (.text+0x3fb): undefined reference to `__gmpz_set_ui'
/usr/bin/ld: (.text+0x413): undefined reference to `nettle_mpz_sizeinbase_256_u'
/usr/bin/ld: (.text+0x42c): undefined reference to `nettle_mpz_get_str_256'
/usr/bin/ld: (.text+0x43c): undefined reference to `__gmpz_sub_ui'
/usr/bin/ld: (.text+0x44e): undefined reference to `__gmpz_mod'
/usr/bin/ld: (.text+0x462): undefined reference to `__gmpz_add_ui'
/usr/bin/ld: (.text+0x476): undefined reference to `__gmpz_mul_2exp'
/usr/bin/ld: (.text+0x488): undefined reference to `__gmpz_mul'
/usr/bin/ld: (.text+0x4a1): undefined reference to `__gmpz_powm'
/usr/bin/ld: (.text+0x4b5): undefined reference to `__gmpz_sub_ui'
/usr/bin/ld: (.text+0x4c3): undefined reference to `__gmpz_gcd'
/usr/bin/ld: (.text+0x4d0): undefined reference to `__gmpz_cmp_ui'
/usr/bin/ld: (.text+0x51a): undefined reference to `__gmpz_add_ui'
/usr/bin/ld: (.text+0x530): undefined reference to `__gmpz_mul'
/usr/bin/ld: (.text+0x540): undefined reference to `__gmpz_add_ui'
/usr/bin/ld: (.text+0x54d): undefined reference to `__gmpz_sizeinbase'
/usr/bin/ld: (.text+0x567): undefined reference to `__gmpz_set_ui'
/usr/bin/ld: (.text+0x579): undefined reference to `__gmpz_mul_2exp'
/usr/bin/ld: (.text+0x58f): undefined reference to `__gmpz_cdiv_q'
/usr/bin/ld: (.text+0x5a5): undefined reference to `__gmpz_mul'
/usr/bin/ld: (.text+0x5b5): undefined reference to `__gmpz_add_ui'
/usr/bin/ld: (.text+0x5d6): undefined reference to `__gmpz_clear'
/usr/bin/ld: (.text+0x5e2): undefined reference to `__gmpz_clear'
/usr/bin/ld: (.text+0x5ee): undefined reference to `__gmpz_clear'
/usr/bin/ld: (.text+0x5fa): undefined reference to `__gmpz_clear'
/usr/bin/ld: (.text+0x606): undefined reference to `__gmpz_clear'
/usr/bin/ld: /usr/lib/x86_64-linux-gnu/libgnutls.a(dsa-keygen-fips186.o):(.text+0x60e): more undefined references to `__gmpz_clear' follow
/usr/bin/ld: /usr/lib/x86_64-linux-gnu/libgnutls.a(dsa-keygen-fips186.o): in function `_dsa_generate_dss_pq':
(.text+0x6a0): undefined reference to `nettle_mpz_set_str_256_u'
/usr/bin/ld: (.text+0x6cf): undefined reference to `nettle_mpz_sizeinbase_256_u'
/usr/bin/ld: (.text+0x6e8): undefined reference to `nettle_mpz_get_str_256'
/usr/bin/ld: (.text+0x70c): undefined reference to `nettle_sha384_init'
/usr/bin/ld: (.text+0x725): undefined reference to `nettle_sha512_update'
/usr/bin/ld: (.text+0x739): undefined reference to `nettle_sha384_digest'
/usr/bin/ld: (.text+0x749): undefined reference to `__gmpz_add_ui'
/usr/bin/ld: (.text+0x779): undefined reference to `nettle_mpz_set_str_256_u'
/usr/bin/ld: (.text+0x79d): undefined reference to `__gmpz_powm'
/usr/bin/ld: (.text+0x7aa): undefined reference to `__gmpz_cmp_ui'
/usr/bin/ld: (.text+0x811): undefined reference to `nettle_mpz_sizeinbase_256_u'
/usr/bin/ld: (.text+0x82a): undefined reference to `nettle_mpz_get_str_256'
/usr/bin/ld: (.text+0x84a): undefined reference to `nettle_sha384_init'
/usr/bin/ld: (.text+0x85f): undefined reference to `nettle_sha512_update'
/usr/bin/ld: (.text+0x86f): undefined reference to `nettle_sha384_digest'
/usr/bin/ld: (.text+0x87f): undefined reference to `__gmpz_add_ui'
/usr/bin/ld: (.text+0x8bd): undefined reference to `nettle_mpz_set_str_256_u'
/usr/bin/ld: /usr/lib/x86_64-linux-gnu/libgnutls.a(dsa-keygen-fips186.o): in function `_dsa_generate_dss_g':
(.text+0x987): undefined reference to `__gmpz_init'
/usr/bin/ld: (.text+0x98f): undefined reference to `__gmpz_init'
/usr/bin/ld: (.text+0x9fe): undefined reference to `__gmpz_sub_ui'
/usr/bin/ld: (.text+0xa0d): undefined reference to `__gmpz_fdiv_q'
/usr/bin/ld: (.text+0xa9d): undefined reference to `nettle_sha384_init'
/usr/bin/ld: (.text+0xab3): undefined reference to `nettle_sha512_update'
/usr/bin/ld: (.text+0xac7): undefined reference to `nettle_sha384_digest'
/usr/bin/ld: (.text+0xadb): undefined reference to `nettle_mpz_set_str_256_u'
/usr/bin/ld: (.text+0xaf4): undefined reference to `__gmpz_powm'
/usr/bin/ld: (.text+0xb01): undefined reference to `__gmpz_cmp_ui'
/usr/bin/ld: (.text+0xb45): undefined reference to `__gmpz_clear'
/usr/bin/ld: (.text+0xb4d): undefined reference to `__gmpz_clear'
/usr/bin/ld: /usr/lib/x86_64-linux-gnu/libgnutls.a(dsa-keygen-fips186.o): in function `_dsa_generate_dss_xy':
(.text+0xbdc): undefined reference to `__gmpz_init'
/usr/bin/ld: (.text+0xbe8): undefined reference to `__gmpz_set'
/usr/bin/ld: (.text+0xbf8): undefined reference to `__gmpz_sub_ui'
/usr/bin/ld: (.text+0xc09): undefined reference to `nettle_mpz_random'
/usr/bin/ld: (.text+0xc19): undefined reference to `__gmpz_add_ui'
/usr/bin/ld: (.text+0xc2c): undefined reference to `__gmpz_powm'
/usr/bin/ld: (.text+0xc34): undefined reference to `__gmpz_clear'
/usr/bin/ld: /usr/lib/x86_64-linux-gnu/libgnutls.a(dsa-validate.o): in function `_dsa_validate_dss_g':
(.text+0x41): undefined reference to `__gmpz_sizeinbase'
/usr/bin/ld: (.text+0x51): undefined reference to `__gmpz_sizeinbase'
/usr/bin/ld: (.text+0x9c): undefined reference to `__gmpz_init'
/usr/bin/ld: (.text+0xa4): undefined reference to `nettle_dsa_params_init'
/usr/bin/ld: (.text+0xaf): undefined reference to `__gmpz_set'
/usr/bin/ld: (.text+0xbb): undefined reference to `__gmpz_set'
/usr/bin/ld: (.text+0xcf): undefined reference to `__gmpz_set'
/usr/bin/ld: (.text+0xdf): undefined reference to `__gmpz_sub_ui'
/usr/bin/ld: (.text+0xf7): undefined reference to `__gmpz_cmp_ui'
/usr/bin/ld: (.text+0x10a): undefined reference to `__gmpz_cmp'
/usr/bin/ld: (.text+0x126): undefined reference to `__gmpz_powm'
/usr/bin/ld: (.text+0x133): undefined reference to `__gmpz_cmp_ui'
/usr/bin/ld: (.text+0x14c): undefined reference to `nettle_dsa_params_clear'
/usr/bin/ld: (.text+0x154): undefined reference to `__gmpz_clear'
/usr/bin/ld: (.text+0x191): undefined reference to `__gmpz_cmp'
/usr/bin/ld: /usr/lib/x86_64-linux-gnu/libgnutls.a(dsa-validate.o): in function `_dsa_validate_dss_pq':
(.text+0x1e3): undefined reference to `__gmpz_sizeinbase'
/usr/bin/ld: (.text+0x1ff): undefined reference to `__gmpz_sizeinbase'
/usr/bin/ld: (.text+0x24b): undefined reference to `__gmpz_init'
/usr/bin/ld: (.text+0x261): undefined reference to `__gmpz_init'
/usr/bin/ld: (.text+0x277): undefined reference to `nettle_dsa_params_init'
/usr/bin/ld: (.text+0x294): undefined reference to `nettle_mpz_set_str_256_u'
/usr/bin/ld: (.text+0x2a1): undefined reference to `__gmpz_set_ui'
/usr/bin/ld: (.text+0x2ba): undefined reference to `__gmpz_mul_2exp'
/usr/bin/ld: (.text+0x2c9): undefined reference to `__gmpz_cmp'
/usr/bin/ld: (.text+0x2de): undefined reference to `__gmpz_set_ui'
/usr/bin/ld: (.text+0x2ec): undefined reference to `__gmpz_mul_2exp'
/usr/bin/ld: (.text+0x2fb): undefined reference to `__gmpz_cmp'
/usr/bin/ld: (.text+0x30c): undefined reference to `__gmpz_set_ui'
/usr/bin/ld: (.text+0x31a): undefined reference to `__gmpz_mul_2exp'
/usr/bin/ld: (.text+0x325): undefined reference to `__gmpz_cmp'
/usr/bin/ld: (.text+0x334): undefined reference to `__gmpz_set'
/usr/bin/ld: (.text+0x344): undefined reference to `__gmpz_sub_ui'
/usr/bin/ld: (.text+0x356): undefined reference to `__gmpz_mod'
/usr/bin/ld: (.text+0x378): undefined reference to `nettle_dsa_params_clear'
/usr/bin/ld: (.text+0x380): undefined reference to `__gmpz_clear'
/usr/bin/ld: (.text+0x38c): undefined reference to `__gmpz_clear'
/usr/bin/ld: (.text+0x449): undefined reference to `__gmpz_cmp'
/usr/bin/ld: (.text+0x460): undefined reference to `__gmpz_cmp'
/usr/bin/ld: (.text+0x479): undefined reference to `__gmpz_sizeinbase'
/usr/bin/ld: /usr/lib/x86_64-linux-gnu/libgnutls.a(ecdsa-compute-k.o): in function `_gnutls_ecc_curve_to_dsa_q':
(.text+0x35): undefined reference to `__gmpz_init_set_str'
/usr/bin/ld: (.text+0x4d): undefined reference to `__gmpz_init_set_str'
/usr/bin/ld: (.text+0x65): undefined reference to `__gmpz_init_set_str'
/usr/bin/ld: (.text+0x7d): undefined reference to `__gmpz_init_set_str'
/usr/bin/ld: (.text+0x95): undefined reference to `__gmpz_init_set_str'
/usr/bin/ld: /usr/lib/x86_64-linux-gnu/libgnutls.a(mpn-base256.o): in function `mpn_set_base256':
(.text+0x9a): undefined reference to `__gmpn_zero'
/usr/bin/ld: (.text+0xb7): undefined reference to `__gmpn_zero'
/usr/bin/ld: /usr/lib/x86_64-linux-gnu/libgnutls.a(provable-prime.o): in function `mpz_seed_sizeinbase_256_u':
(.text+0x10): undefined reference to `nettle_mpz_sizeinbase_256_u'
/usr/bin/ld: /usr/lib/x86_64-linux-gnu/libgnutls.a(provable-prime.o): in function `st_provable_prime.localalias':
(.text+0xa3): undefined reference to `__gmpz_init'
/usr/bin/ld: (.text+0xb9): undefined reference to `__gmpz_init'
/usr/bin/ld: (.text+0xc1): undefined reference to `__gmpz_init'
/usr/bin/ld: (.text+0xd7): undefined reference to `__gmpz_init'
/usr/bin/ld: (.text+0xed): undefined reference to `__gmpz_init'
/usr/bin/ld: /usr/lib/x86_64-linux-gnu/libgnutls.a(provable-prime.o):(.text+0x103): more undefined references to `__gmpz_init' follow
/usr/bin/ld: /usr/lib/x86_64-linux-gnu/libgnutls.a(provable-prime.o): in function `st_provable_prime.localalias':
(.text+0x1b9): undefined reference to `nettle_mpz_set_str_256_u'
/usr/bin/ld: (.text+0x1fa): undefined reference to `__gmpz_set_ui'
/usr/bin/ld: (.text+0x299): undefined reference to `nettle_mpz_get_str_256'
/usr/bin/ld: (.text+0x2ab): undefined reference to `nettle_sha384_init'
/usr/bin/ld: (.text+0x2c1): undefined reference to `nettle_sha512_update'
/usr/bin/ld: (.text+0x2d1): undefined reference to `nettle_sha384_digest'
/usr/bin/ld: (.text+0x2e1): undefined reference to `__gmpz_add_ui'
/usr/bin/ld: (.text+0x335): undefined reference to `__gmpz_clear'
/usr/bin/ld: (.text+0x341): undefined reference to `__gmpz_clear'
/usr/bin/ld: (.text+0x349): undefined reference to `__gmpz_clear'
/usr/bin/ld: (.text+0x351): undefined reference to `__gmpz_clear'
/usr/bin/ld: (.text+0x35d): undefined reference to `__gmpz_clear'
/usr/bin/ld: /usr/lib/x86_64-linux-gnu/libgnutls.a(provable-prime.o):(.text+0x369): more undefined references to `__gmpz_clear' follow
/usr/bin/ld: /usr/lib/x86_64-linux-gnu/libgnutls.a(provable-prime.o): in function `st_provable_prime.localalias':
(.text+0x3f8): undefined reference to `__gmpz_init'
/usr/bin/ld: (.text+0x406): undefined reference to `nettle_mpz_set_str_256_u'
/usr/bin/ld: (.text+0x472): undefined reference to `nettle_mpz_get_str_256'
/usr/bin/ld: (.text+0x47a): undefined reference to `nettle_sha384_init'
/usr/bin/ld: (.text+0x488): undefined reference to `nettle_sha512_update'
/usr/bin/ld: (.text+0x49f): undefined reference to `nettle_sha384_digest'
/usr/bin/ld: (.text+0x4af): undefined reference to `__gmpz_add_ui'
/usr/bin/ld: (.text+0x4e6): undefined reference to `nettle_mpz_get_str_256'
/usr/bin/ld: (.text+0x4ee): undefined reference to `nettle_sha384_init'
/usr/bin/ld: (.text+0x500): undefined reference to `nettle_sha512_update'
/usr/bin/ld: (.text+0x51e): undefined reference to `nettle_sha384_digest'
/usr/bin/ld: (.text+0x532): undefined reference to `nettle_memxor'
/usr/bin/ld: (.text+0x561): undefined reference to `__gmpz_add_ui'
/usr/bin/ld: (.text+0x5b4): undefined reference to `__gmpz_set_ui'
/usr/bin/ld: (.text+0x5f0): undefined reference to `nettle_mpz_get_str_256'
/usr/bin/ld: (.text+0x618): undefined reference to `__gmpz_clear'
/usr/bin/ld: (.text+0x663): undefined reference to `__gmpz_clear'
/usr/bin/ld: (.text+0x698): undefined reference to `__gmpz_set_ui'
/usr/bin/ld: (.text+0x6b0): undefined reference to `__gmpz_mul_2exp'
/usr/bin/ld: (.text+0x6c5): undefined reference to `__gmpz_fdiv_r_2exp'
/usr/bin/ld: (.text+0x6d3): undefined reference to `__gmpz_add'
/usr/bin/ld: (.text+0x6ee): undefined reference to `__gmpz_mul_2exp'
/usr/bin/ld: (.text+0x704): undefined reference to `__gmpz_cdiv_q'
/usr/bin/ld: (.text+0x76c): undefined reference to `__gmpz_mul'
/usr/bin/ld: (.text+0x77c): undefined reference to `__gmpz_add_ui'
/usr/bin/ld: (.text+0x789): undefined reference to `__gmpz_set_ui'
/usr/bin/ld: (.text+0x79b): undefined reference to `__gmpz_mul_2exp'
/usr/bin/ld: (.text+0x7a6): undefined reference to `__gmpz_cmp'
/usr/bin/ld: (.text+0x7ba): undefined reference to `__gmpz_fdiv_q_2exp'
/usr/bin/ld: (.text+0x7c8): undefined reference to `__gmpz_cdiv_q'
/usr/bin/ld: (.text+0x7d6): undefined reference to `__gmpz_mul'
/usr/bin/ld: (.text+0x7e6): undefined reference to `__gmpz_add_ui'
/usr/bin/ld: (.text+0x7fc): undefined reference to `__gmpz_set_ui'
/usr/bin/ld: (.text+0x823): undefined reference to `__gmpz_sub_ui'
/usr/bin/ld: (.text+0x831): undefined reference to `__gmpz_mod'
/usr/bin/ld: (.text+0x841): undefined reference to `__gmpz_add_ui'
/usr/bin/ld: (.text+0x855): undefined reference to `__gmpz_mul_2exp'
/usr/bin/ld: (.text+0x86d): undefined reference to `__gmpz_powm'
/usr/bin/ld: (.text+0x87d): undefined reference to `__gmpz_sub_ui'
/usr/bin/ld: (.text+0x88b): undefined reference to `__gmpz_gcd'
/usr/bin/ld: (.text+0x898): undefined reference to `__gmpz_cmp_ui'
/usr/bin/ld: (.text+0x8e8): undefined reference to `__gmpz_add_ui'
/usr/bin/ld: (.text+0x941): undefined reference to `nettle_mpz_get_str_256'
/usr/bin/ld: (.text+0x953): undefined reference to `nettle_sha384_init'
/usr/bin/ld: (.text+0x969): undefined reference to `nettle_sha512_update'
/usr/bin/ld: (.text+0x979): undefined reference to `nettle_sha384_digest'
/usr/bin/ld: (.text+0x989): undefined reference to `__gmpz_add_ui'
/usr/bin/ld: (.text+0x9ed): undefined reference to `__gmpz_powm'
/usr/bin/ld: (.text+0x9fa): undefined reference to `__gmpz_cmp_ui'
/usr/bin/ld: (.text+0xa1b): undefined reference to `__gmpz_set'
/usr/bin/ld: (.text+0xa58): undefined reference to `nettle_mpz_get_str_256'
/usr/bin/ld: (.text+0xa9f): undefined reference to `nettle_mpz_set_str_256_u'
/usr/bin/ld: (.text+0xacc): undefined reference to `nettle_mpz_set_str_256_u'
/usr/bin/ld: /usr/lib/x86_64-linux-gnu/libgnutls.a(vko.o): in function `_gnutls_gost_keytrans_encrypt':
(.text+0x28c): undefined reference to `asn1_create_element'
/usr/bin/ld: (.text+0x3b7): undefined reference to `asn1_write_value'
/usr/bin/ld: (.text+0x407): undefined reference to `asn1_delete_structure'
/usr/bin/ld: /usr/lib/x86_64-linux-gnu/libgnutls.a(vko.o): in function `_gnutls_gost_keytrans_decrypt':
(.text+0x620): undefined reference to `asn1_create_element'
/usr/bin/ld: (.text+0x6a4): undefined reference to `asn1_der_decoding2'
/usr/bin/ld: (.text+0x6db): undefined reference to `asn1_delete_structure'
/usr/bin/ld: (.text+0x77f): undefined reference to `asn1_read_value'
/usr/bin/ld: (.text+0x7f0): undefined reference to `asn1_delete_structure'
/usr/bin/ld: /usr/lib/x86_64-linux-gnu/libgnutls.a(gost-wrap.o): in function `_gnutls_gost28147_kdf_cryptopro':
(.text+0x13b): undefined reference to `nettle_cfb_encrypt'
/usr/bin/ld: /usr/lib/x86_64-linux-gnu/libgnutls.a(gost-wrap.o): in function `_gnutls_gost28147_key_unwrap_cryptopro':
(.text+0x390): undefined reference to `nettle_memeql_sec'
/mnt/d/Dev/Friendly-LwM2M-Client/2305-Wakaama/data/json.c: In function ‘json_parse’:
/mnt/d/Dev/Friendly-LwM2M-Client/2305-Wakaama/data/json.c:631:36: warning: ‘size’ may be used uninitialized [-Wmaybe-uninitialized]
  631 |                     for (i = 0 ; i < size && resP == NULL; i++)
      |                                    ^
/mnt/d/Dev/Friendly-LwM2M-Client/2305-Wakaama/data/json.c:556:13: note: ‘size’ was declared here
  556 |         int size;
      |             ^
In function ‘senml_json_parse’,
    inlined from ‘lwm2m_data_parse’ at /mnt/d/Dev/Friendly-LwM2M-Client/2305-Wakaama/data/data.c:856:16:
/mnt/d/Dev/Friendly-LwM2M-Client/2305-Wakaama/data/senml_json.c:713:32: warning: ‘size’ may be used uninitialized [-Wmaybe-uninitialized]
  713 |                 for (i = 0 ; i < size && resP == NULL; i++)
      |                                ^
/mnt/d/Dev/Friendly-LwM2M-Client/2305-Wakaama/data/senml_json.c: In function ‘lwm2m_data_parse’:
/mnt/d/Dev/Friendly-LwM2M-Client/2305-Wakaama/data/senml_json.c:673:9: note: ‘size’ was declared here
  673 |     int size;
      |         ^
/usr/bin/ld: warning: creating DT_TEXTREL in a PIE
collect2: error: ld returned 1 exit status
make[2]: *** [CMakeFiles/test_firmware_update_object.dir/build.make:137: test_firmware_update_object] Error 1
make[1]: *** [CMakeFiles/Makefile2:1354: CMakeFiles/test_firmware_update_object.dir/all] Error 2
make[1]: *** Waiting for unfinished jobs....
In function ‘observe_handleRequest’,
    inlined from ‘prv_handle_observe_operation’ at /mnt/d/Dev/Friendly-LwM2M-Client/2305-Wakaama/core/management.c:298:14,
    inlined from ‘dm_handleRequest’ at /mnt/d/Dev/Friendly-LwM2M-Client/2305-Wakaama/core/management.c:435:18,
    inlined from ‘handle_request.constprop’ at /mnt/d/Dev/Friendly-LwM2M-Client/2305-Wakaama/core/packet.c:168:22:
/mnt/d/Dev/Friendly-LwM2M-Client/2305-Wakaama/core/observe.c:181:5: warning: ‘count’ may be used uninitialized [-Wmaybe-uninitialized]
  181 |     switch (count)
      |     ^
/mnt/d/Dev/Friendly-LwM2M-Client/2305-Wakaama/core/observe.c: In function ‘handle_request.constprop’:
/mnt/d/Dev/Friendly-LwM2M-Client/2305-Wakaama/core/observe.c:172:14: note: ‘count’ was declared here
  172 |     uint32_t count;
      |              ^
/usr/bin/ld: /usr/lib/x86_64-linux-gnu/libgnutls.a(str-unicode.o): warning: relocation against `UC_CATEGORY_Pc' in read-only section `.text'
/usr/bin/ld: /usr/lib/x86_64-linux-gnu/libpsl.a(libpsl_la-psl.o): in function `psl_str_to_utf8lower':
(.text+0x1444): undefined reference to `u8_strlen'
/usr/bin/ld: (.text+0x1458): undefined reference to `uninorm_nfkc'
/usr/bin/ld: (.text+0x1464): undefined reference to `u8_tolower'
/usr/bin/ld: (.text+0x14aa): undefined reference to `uninorm_nfkc'
/usr/bin/ld: (.text+0x14b8): undefined reference to `u8_tolower'
/usr/bin/ld: /usr/lib/x86_64-linux-gnu/libgnutls.a(init.o): in function `gnutls_crypto_init':
(.text+0x161): undefined reference to `__gmp_get_memory_functions'
/usr/bin/ld: (.text+0x16c): undefined reference to `__gmp_set_memory_functions'
/usr/bin/ld: (.text+0x17d): undefined reference to `__gmp_get_memory_functions'
/usr/bin/ld: (.text+0x1a3): undefined reference to `__gmp_set_memory_functions'
/usr/bin/ld: (.text+0x1d1): undefined reference to `__gmp_set_memory_functions'
/usr/bin/ld: /usr/lib/x86_64-linux-gnu/libgnutls.a(init.o): in function `gnutls_crypto_deinit':
(.text+0x1fa): undefined reference to `__gmp_set_memory_functions'
/usr/bin/ld: /usr/lib/x86_64-linux-gnu/libgnutls.a(lt13-mac.o): in function `_mac_ctx_init':
(.text+0x3fa): undefined reference to `nettle_aes256_encrypt'
/usr/bin/ld: (.text+0x44a): undefined reference to `nettle_aes192_encrypt'
/usr/bin/ld: (.text+0x49a): undefined reference to `nettle_aes128_encrypt'
/usr/bin/ld: (.text+0x4e4): undefined reference to `nettle_cmac_aes256_update'
/usr/bin/ld: (.text+0x500): undefined reference to `nettle_cmac_aes256_digest'
/usr/bin/ld: (.text+0x524): undefined reference to `nettle_cmac_aes128_update'
/usr/bin/ld: (.text+0x540): undefined reference to `nettle_cmac_aes128_digest'
/usr/bin/ld: (.text+0x564): undefined reference to `nettle_umac128_update'
/usr/bin/ld: (.text+0x584): undefined reference to `nettle_umac128_digest'
/usr/bin/ld: (.text+0x597): undefined reference to `nettle_umac128_set_nonce'
/usr/bin/ld: (.text+0x5b4): undefined reference to `nettle_umac96_update'
/usr/bin/ld: (.text+0x5d4): undefined reference to `nettle_umac96_digest'
/usr/bin/ld: (.text+0x5e7): undefined reference to `nettle_umac96_set_nonce'
/usr/bin/ld: (.text+0x644): undefined reference to `nettle_hmac_sha1_update'
/usr/bin/ld: (.text+0x64b): undefined reference to `nettle_hmac_sha1_set_key'
/usr/bin/ld: (.text+0x652): undefined reference to `nettle_hmac_sha1_digest'
/usr/bin/ld: (.text+0x684): undefined reference to `nettle_hmac_sha256_update'
/usr/bin/ld: (.text+0x68b): undefined reference to `nettle_hmac_sha256_set_key'
/usr/bin/ld: (.text+0x692): undefined reference to `nettle_hmac_sha256_digest'
/usr/bin/ld: (.text+0x6c4): undefined reference to `nettle_hmac_md5_update'
/usr/bin/ld: (.text+0x6cb): undefined reference to `nettle_hmac_md5_set_key'
/usr/bin/ld: (.text+0x6d2): undefined reference to `nettle_hmac_md5_digest'
/usr/bin/ld: (.text+0x704): undefined reference to `nettle_hmac_streebog512_update'
/usr/bin/ld: (.text+0x70b): undefined reference to `nettle_hmac_streebog256_set_key'
/usr/bin/ld: (.text+0x712): undefined reference to `nettle_hmac_streebog256_digest'
/usr/bin/ld: (.text+0x744): undefined reference to `nettle_hmac_streebog512_update'
/usr/bin/ld: (.text+0x74b): undefined reference to `nettle_hmac_streebog512_set_key'
/usr/bin/ld: (.text+0x752): undefined reference to `nettle_hmac_streebog512_digest'
/usr/bin/ld: (.text+0x784): undefined reference to `nettle_hmac_sha512_update'
/usr/bin/ld: (.text+0x78b): undefined reference to `nettle_hmac_sha384_set_key'
/usr/bin/ld: (.text+0x792): undefined reference to `nettle_hmac_sha384_digest'
/usr/bin/ld: (.text+0x7c4): undefined reference to `nettle_hmac_sha512_update'
/usr/bin/ld: (.text+0x7cb): undefined reference to `nettle_hmac_sha512_set_key'
/usr/bin/ld: (.text+0x7d2): undefined reference to `nettle_hmac_sha512_digest'
/usr/bin/ld: (.text+0x804): undefined reference to `nettle_hmac_sha256_update'
/usr/bin/ld: (.text+0x80b): undefined reference to `nettle_hmac_sha224_set_key'
/usr/bin/ld: (.text+0x812): undefined reference to `nettle_hmac_sha224_digest'
/usr/bin/ld: (.text+0x844): undefined reference to `nettle_hmac_gosthash94cp_update'
/usr/bin/ld: (.text+0x84b): undefined reference to `nettle_hmac_gosthash94cp_set_key'
/usr/bin/ld: (.text+0x852): undefined reference to `nettle_hmac_gosthash94cp_digest'
/usr/bin/ld: /usr/lib/x86_64-linux-gnu/libgnutls.a(lt13-mac.o): in function `_wrap_gmac_aes256_set_key':
(.text+0xb46): undefined reference to `nettle_aes256_set_encrypt_key'
/usr/bin/ld: (.text+0xb59): undefined reference to `nettle_gcm_set_key'
/usr/bin/ld: /usr/lib/x86_64-linux-gnu/libgnutls.a(lt13-mac.o): in function `_wrap_gmac_aes192_set_key':
(.text+0xb96): undefined reference to `nettle_aes192_set_encrypt_key'
/usr/bin/ld: (.text+0xba9): undefined reference to `nettle_gcm_set_key'
/usr/bin/ld: /usr/lib/x86_64-linux-gnu/libgnutls.a(lt13-mac.o): in function `_wrap_gmac_update':
(.text+0xcc1): undefined reference to `nettle_gcm_update'
/usr/bin/ld: (.text+0xcfe): undefined reference to `nettle_gcm_update'
/usr/bin/ld: /usr/lib/x86_64-linux-gnu/libgnutls.a(lt13-mac.o): in function `_wrap_gmac_digest':
(.text+0xd90): undefined reference to `nettle_gcm_digest'
/usr/bin/ld: (.text+0xdbb): undefined reference to `nettle_gcm_update'
/usr/bin/ld: /usr/lib/x86_64-linux-gnu/libgnutls.a(lt13-mac.o): in function `_wrap_gmac_aes128_set_key':
(.text+0xe16): undefined reference to `nettle_aes128_set_encrypt_key'
/usr/bin/ld: (.text+0xe29): undefined reference to `nettle_gcm_set_key'
/usr/bin/ld: /usr/lib/x86_64-linux-gnu/libgnutls.a(lt13-mac.o): in function `_md5_sha1_update':
(.text+0xf3b): undefined reference to `nettle_md5_update'
/usr/bin/ld: /usr/lib/x86_64-linux-gnu/libgnutls.a(lt13-mac.o): in function `_ctx_init':
(.text+0xf94): undefined reference to `nettle_streebog512_init'
/usr/bin/ld: (.text+0xfa3): undefined reference to `nettle_streebog512_update'
/usr/bin/ld: (.text+0xfb5): undefined reference to `nettle_streebog512_digest'
/usr/bin/ld: (.text+0xfd4): undefined reference to `nettle_md5_init'
/usr/bin/ld: (.text+0xfe3): undefined reference to `nettle_md5_update'
/usr/bin/ld: (.text+0xff5): undefined reference to `nettle_md5_digest'
/usr/bin/ld: (.text+0x100c): undefined reference to `nettle_sha1_init'
/usr/bin/ld: (.text+0x101b): undefined reference to `nettle_sha1_update'
/usr/bin/ld: (.text+0x102d): undefined reference to `nettle_sha1_digest'
/usr/bin/ld: (.text+0x1044): undefined reference to `nettle_md2_init'
/usr/bin/ld: (.text+0x1053): undefined reference to `nettle_md2_update'
/usr/bin/ld: (.text+0x1065): undefined reference to `nettle_md2_digest'
/usr/bin/ld: (.text+0x107c): undefined reference to `nettle_sha256_init'
/usr/bin/ld: (.text+0x108b): undefined reference to `nettle_sha256_update'
/usr/bin/ld: (.text+0x109d): undefined reference to `nettle_sha256_digest'
/usr/bin/ld: (.text+0x10b4): undefined reference to `nettle_sha384_init'
/usr/bin/ld: (.text+0x10c3): undefined reference to `nettle_sha512_update'
/usr/bin/ld: (.text+0x10d5): undefined reference to `nettle_sha384_digest'
/usr/bin/ld: (.text+0x10ec): undefined reference to `nettle_sha512_init'
/usr/bin/ld: (.text+0x10fb): undefined reference to `nettle_sha512_update'
/usr/bin/ld: (.text+0x110d): undefined reference to `nettle_sha512_digest'
/usr/bin/ld: (.text+0x1124): undefined reference to `nettle_sha224_init'
/usr/bin/ld: (.text+0x1133): undefined reference to `nettle_sha256_update'
/usr/bin/ld: (.text+0x1145): undefined reference to `nettle_sha224_digest'
/usr/bin/ld: (.text+0x115c): undefined reference to `nettle_sha3_224_init'
/usr/bin/ld: (.text+0x116b): undefined reference to `nettle_sha3_224_update'
/usr/bin/ld: (.text+0x117d): undefined reference to `nettle_sha3_224_digest'
/usr/bin/ld: (.text+0x1194): undefined reference to `nettle_sha3_256_init'
/usr/bin/ld: (.text+0x11a3): undefined reference to `nettle_sha3_256_update'
/usr/bin/ld: (.text+0x11b5): undefined reference to `nettle_sha3_256_digest'
/usr/bin/ld: (.text+0x11cc): undefined reference to `nettle_sha3_384_init'
/usr/bin/ld: (.text+0x11db): undefined reference to `nettle_sha3_384_update'
/usr/bin/ld: (.text+0x11ed): undefined reference to `nettle_sha3_384_digest'
/usr/bin/ld: (.text+0x1204): undefined reference to `nettle_sha3_512_init'
/usr/bin/ld: (.text+0x1213): undefined reference to `nettle_sha3_512_update'
/usr/bin/ld: (.text+0x1225): undefined reference to `nettle_sha3_512_digest'
/usr/bin/ld: (.text+0x123c): undefined reference to `nettle_md5_init'
/usr/bin/ld: (.text+0x1245): undefined reference to `nettle_sha1_init'
/usr/bin/ld: (.text+0x128c): undefined reference to `nettle_gosthash94_init'
/usr/bin/ld: (.text+0x129b): undefined reference to `nettle_gosthash94cp_update'
/usr/bin/ld: (.text+0x12ad): undefined reference to `nettle_gosthash94cp_digest'
/usr/bin/ld: (.text+0x12c4): undefined reference to `nettle_streebog256_init'
/usr/bin/ld: (.text+0x12d3): undefined reference to `nettle_streebog512_update'
/usr/bin/ld: (.text+0x12e5): undefined reference to `nettle_streebog256_digest'
/usr/bin/ld: /usr/lib/x86_64-linux-gnu/libgnutls.a(lt13-mac.o): in function `wrap_nettle_pbkdf2':
(.text+0x15b6): undefined reference to `nettle_pbkdf2'
/usr/bin/ld: /usr/lib/x86_64-linux-gnu/libgnutls.a(lt13-mac.o): in function `wrap_nettle_hkdf_expand':
(.text+0x16f0): undefined reference to `nettle_hkdf_expand'
/usr/bin/ld: /usr/lib/x86_64-linux-gnu/libgnutls.a(lt13-mac.o): in function `wrap_nettle_hkdf_extract':
(.text+0x1845): undefined reference to `nettle_hkdf_extract'
/usr/bin/ld: /usr/lib/x86_64-linux-gnu/libgnutls.a(lt13-mac.o): in function `_md5_sha1_digest':
(.text+0x19d7): undefined reference to `nettle_md5_digest'
/usr/bin/ld: /usr/lib/x86_64-linux-gnu/libgnutls.a(lt13-mac.o): in function `_wrap_gmac_set_nonce':
(.text+0xde9): undefined reference to `nettle_gcm_set_iv'
/usr/bin/ld: /usr/lib/x86_64-linux-gnu/libgnutls.a(lt13-mac.o): in function `_wrap_cmac256_set_key':
(.text+0xe52): undefined reference to `nettle_cmac_aes256_set_key'
/usr/bin/ld: /usr/lib/x86_64-linux-gnu/libgnutls.a(lt13-mac.o): in function `_wrap_cmac128_set_key':
(.text+0xe72): undefined reference to `nettle_cmac_aes128_set_key'
/usr/bin/ld: /usr/lib/x86_64-linux-gnu/libgnutls.a(lt13-mac.o): in function `_wrap_umac128_set_key':
(.text+0xe92): undefined reference to `nettle_umac128_set_key'
/usr/bin/ld: /usr/lib/x86_64-linux-gnu/libgnutls.a(lt13-mac.o): in function `_wrap_umac96_set_key':
(.text+0xeb2): undefined reference to `nettle_umac96_set_key'
/usr/bin/ld: /usr/lib/x86_64-linux-gnu/libgnutls.a(lt13-mac.o): in function `_md5_sha1_update':
(.text+0xf54): undefined reference to `nettle_sha1_update'
/usr/bin/ld: /usr/lib/x86_64-linux-gnu/libgnutls.a(lt13-mac.o): in function `_md5_sha1_digest':
(.text+0x1a08): undefined reference to `nettle_sha1_digest'
/usr/bin/ld: /usr/lib/x86_64-linux-gnu/libgnutls.a(gostdsa-mask.o): in function `_gnutls_gostdsa_unmask_key':
(.text+0x2f): undefined reference to `nettle_ecc_bit_size'
/usr/bin/ld: (.text+0x3f): undefined reference to `__gmpz_sizeinbase'
/usr/bin/ld: (.text+0x7f): undefined reference to `__gmpz_init'
/usr/bin/ld: (.text+0x87): undefined reference to `__gmpz_init'
/usr/bin/ld: (.text+0x9a): undefined reference to `__gmpz_init'
/usr/bin/ld: (.text+0x9f): undefined reference to `nettle_get_gost_gc256b'
/usr/bin/ld: (.text+0xb1): undefined reference to `nettle_get_gost_gc512a'
/usr/bin/ld: (.text+0xdd): undefined reference to `__gmpz_init_set_str'
/usr/bin/ld: (.text+0xf8): undefined reference to `__gmpz_tdiv_r_2exp'
/usr/bin/ld: (.text+0x10a): undefined reference to `__gmpz_tdiv_q_2exp'
/usr/bin/ld: (.text+0x12d): undefined reference to `__gmpz_tdiv_r_2exp'
/usr/bin/ld: (.text+0x13f): undefined reference to `__gmpz_tdiv_q_2exp'
/usr/bin/ld: (.text+0x151): undefined reference to `__gmpz_mul'
/usr/bin/ld: (.text+0x163): undefined reference to `__gmpz_mod'
/usr/bin/ld: (.text+0x176): undefined reference to `__gmpz_mul'
/usr/bin/ld: (.text+0x18b): undefined reference to `__gmpz_mod'
/usr/bin/ld: (.text+0x193): undefined reference to `__gmpz_clear'
/usr/bin/ld: (.text+0x19f): undefined reference to `__gmpz_clear'
/usr/bin/ld: (.text+0x1a7): undefined reference to `__gmpz_clear'
/usr/bin/ld: (.text+0x1af): undefined reference to `__gmpz_clear'
/usr/bin/ld: (.text+0x1db): undefined reference to `__gmpz_init_set_str'
/usr/bin/ld: /usr/lib/x86_64-linux-gnu/libgnutls.a(global.o): in function `_gnutls_global_init':
(.text+0x1d9): undefined reference to `asn1_check_version'
/usr/bin/ld: (.text+0x202): undefined reference to `asn1_array2tree'
/usr/bin/ld: (.text+0x28b): undefined reference to `asn1_check_version'
/usr/bin/ld: (.text+0x301): undefined reference to `asn1_array2tree'
/usr/bin/ld: (.text+0x467): undefined reference to `asn1_check_version'
/usr/bin/ld: /usr/lib/x86_64-linux-gnu/libgnutls.a(global.o): in function `_gnutls_global_deinit':
(.text+0x574): undefined reference to `asn1_delete_structure'
/usr/bin/ld: (.text+0x580): undefined reference to `asn1_delete_structure'
/usr/bin/ld: /usr/lib/x86_64-linux-gnu/librtmp.a(rtmp.o): in function `isValidPublicKey':
(.text+0x383): undefined reference to `__gmpz_init2'
/usr/bin/ld: (.text+0x399): undefined reference to `__gmpz_set_ui'
/usr/bin/ld: (.text+0x3a4): undefined reference to `__gmpz_cmp'
/usr/bin/ld: (.text+0x3b3): undefined reference to `__gmpz_set'
/usr/bin/ld: (.text+0x3c3): undefined reference to `__gmpz_sub_ui'
/usr/bin/ld: (.text+0x3ce): undefined reference to `__gmpz_cmp'
/usr/bin/ld: (.text+0x3ec): undefined reference to `__gmpz_powm'
/usr/bin/ld: (.text+0x3f9): undefined reference to `__gmpz_cmp_ui'
/usr/bin/ld: (.text+0x40b): undefined reference to `__gmpz_clear'
/usr/bin/ld: /usr/lib/x86_64-linux-gnu/librtmp.a(rtmp.o): in function `DHGenerateKey':
(.text+0x4e9): undefined reference to `__gmpz_sizeinbase'
/usr/bin/ld: (.text+0x54d): undefined reference to `__gmpz_init2'
/usr/bin/ld: (.text+0x568): undefined reference to `__gmp_randinit_mt'
/usr/bin/ld: (.text+0x573): undefined reference to `__gmp_randseed_ui'
/usr/bin/ld: (.text+0x584): undefined reference to `__gmpz_urandomb'
/usr/bin/ld: (.text+0x58c): undefined reference to `__gmp_randclear'
/usr/bin/ld: (.text+0x5b5): undefined reference to `__gmpz_init2'
/usr/bin/ld: (.text+0x5d2): undefined reference to `__gmpz_powm'
/usr/bin/ld: (.text+0x5ec): undefined reference to `__gmpz_init2'
/usr/bin/ld: (.text+0x5fc): undefined reference to `__gmpz_set_str'
/usr/bin/ld: (.text+0x61f): undefined reference to `__gmpz_clear'
/usr/bin/ld: (.text+0x63d): undefined reference to `__gmpz_clear'
/usr/bin/ld: (.text+0x64f): undefined reference to `__gmpz_clear'
/usr/bin/ld: (.text+0x668): undefined reference to `__gmpz_clear'
/usr/bin/ld: (.text+0x685): undefined reference to `__gmpz_clear'
/usr/bin/ld: /usr/lib/x86_64-linux-gnu/librtmp.a(rtmp.o): in function `InitRC4Encryption.constprop.0':
(.text+0xa04): undefined reference to `nettle_hmac_sha256_set_key'
/usr/bin/ld: (.text+0xa14): undefined reference to `nettle_hmac_sha256_update'
/usr/bin/ld: (.text+0xa28): undefined reference to `nettle_hmac_sha256_digest'
/usr/bin/ld: (.text+0xa5d): undefined reference to `nettle_arcfour_set_key'
/usr/bin/ld: (.text+0xa6d): undefined reference to `nettle_hmac_sha256_set_key'
/usr/bin/ld: (.text+0xa81): undefined reference to `nettle_hmac_sha256_update'
/usr/bin/ld: (.text+0xa91): undefined reference to `nettle_hmac_sha256_digest'
/usr/bin/ld: (.text+0xac7): undefined reference to `nettle_arcfour_set_key'
/usr/bin/ld: /usr/lib/x86_64-linux-gnu/librtmp.a(rtmp.o): in function `DHGetPublicKey.constprop.0':
(.text+0xb25): undefined reference to `__gmpz_sizeinbase'
/usr/bin/ld: (.text+0xb7e): undefined reference to `nettle_mpz_get_str_256'
/usr/bin/ld: /usr/lib/x86_64-linux-gnu/librtmp.a(rtmp.o): in function `DHInit.constprop.0':
(.text+0xbdb): undefined reference to `__gmpz_init2'
/usr/bin/ld: (.text+0xbfc): undefined reference to `__gmpz_init2'
/usr/bin/ld: (.text+0xc10): undefined reference to `__gmpz_set_str'
/usr/bin/ld: (.text+0xc22): undefined reference to `__gmpz_set_ui'
/usr/bin/ld: (.text+0xc44): undefined reference to `__gmpz_clear'
/usr/bin/ld: (.text+0xc55): undefined reference to `__gmpz_clear'
/usr/bin/ld: (.text+0xc67): undefined reference to `__gmpz_clear'
/usr/bin/ld: (.text+0xc79): undefined reference to `__gmpz_clear'
/usr/bin/ld: /usr/lib/x86_64-linux-gnu/librtmp.a(rtmp.o): in function `DHComputeSharedSecretKey.constprop.0':
(.text+0xcd9): undefined reference to `__gmpz_init2'
/usr/bin/ld: (.text+0xce9): undefined reference to `nettle_mpz_set_str_256_u'
/usr/bin/ld: (.text+0xd0c): undefined reference to `__gmpz_init2'
/usr/bin/ld: (.text+0xd20): undefined reference to `__gmpz_set_str'
/usr/bin/ld: (.text+0xd49): undefined reference to `__gmpz_clear'
/usr/bin/ld: (.text+0xd59): undefined reference to `__gmpz_clear'
/usr/bin/ld: (.text+0xd8a): undefined reference to `__gmpz_sizeinbase'
/usr/bin/ld: (.text+0xdc0): undefined reference to `__gmpz_init2'
/usr/bin/ld: (.text+0xdd9): undefined reference to `__gmpz_powm'
/usr/bin/ld: (.text+0xde9): undefined reference to `nettle_mpz_get_str_256'
/usr/bin/ld: (.text+0xdf1): undefined reference to `__gmpz_clear'
/usr/bin/ld: /usr/lib/x86_64-linux-gnu/librtmp.a(rtmp.o): in function `CalculateDigest':
(.text+0x123e): undefined reference to `nettle_hmac_sha256_set_key'
/usr/bin/ld: (.text+0x124e): undefined reference to `nettle_hmac_sha256_update'
/usr/bin/ld: (.text+0x1262): undefined reference to `nettle_hmac_sha256_digest'
/usr/bin/ld: /usr/lib/x86_64-linux-gnu/librtmp.a(rtmp.o): in function `CloseInternal':
(.text+0x2ef0): undefined reference to `__gmpz_clear'
/usr/bin/ld: (.text+0x2f0f): undefined reference to `__gmpz_clear'
/usr/bin/ld: (.text+0x2f2f): undefined reference to `__gmpz_clear'
/usr/bin/ld: (.text+0x2f4f): undefined reference to `__gmpz_clear'
/usr/bin/ld: /usr/lib/x86_64-linux-gnu/librtmp.a(rtmp.o): in function `WriteN':
(.text+0x3109): undefined reference to `nettle_arcfour_crypt'
/usr/bin/ld: /usr/lib/x86_64-linux-gnu/librtmp.a(rtmp.o): in function `ReadN':
(.text+0x4b4a): undefined reference to `nettle_arcfour_crypt'
/usr/bin/ld: /usr/lib/x86_64-linux-gnu/librtmp.a(rtmp.o): in function `SHandShake':
(.text+0x5a06): undefined reference to `nettle_hmac_sha256_set_key'
/usr/bin/ld: (.text+0x5a1d): undefined reference to `nettle_hmac_sha256_update'
/usr/bin/ld: (.text+0x5a31): undefined reference to `nettle_hmac_sha256_digest'
/usr/bin/ld: (.text+0x5a45): undefined reference to `nettle_hmac_sha256_set_key'
/usr/bin/ld: (.text+0x5a55): undefined reference to `nettle_hmac_sha256_update'
/usr/bin/ld: (.text+0x5a73): undefined reference to `nettle_hmac_sha256_digest'
/usr/bin/ld: (.text+0x5c4b): undefined reference to `nettle_hmac_sha256_set_key'
/usr/bin/ld: (.text+0x5c5f): undefined reference to `nettle_hmac_sha256_update'
/usr/bin/ld: (.text+0x5c73): undefined reference to `nettle_hmac_sha256_digest'
/usr/bin/ld: (.text+0x5e2d): undefined reference to `nettle_hmac_sha256_set_key'
/usr/bin/ld: (.text+0x5e4b): undefined reference to `nettle_hmac_sha256_update'
/usr/bin/ld: (.text+0x5e5b): undefined reference to `nettle_hmac_sha256_digest'
/usr/bin/ld: (.text+0x5e6b): undefined reference to `nettle_hmac_sha256_set_key'
/usr/bin/ld: (.text+0x5e7b): undefined reference to `nettle_hmac_sha256_update'
/usr/bin/ld: (.text+0x5e99): undefined reference to `nettle_hmac_sha256_digest'
/usr/bin/ld: (.text+0x5fe6): undefined reference to `nettle_arcfour_crypt'
/usr/bin/ld: (.text+0x600a): undefined reference to `nettle_arcfour_crypt'
/usr/bin/ld: /usr/lib/x86_64-linux-gnu/librtmp.a(rtmp.o): in function `HandShake.constprop.0':
(.text+0x6722): undefined reference to `nettle_hmac_sha256_set_key'
/usr/bin/ld: (.text+0x673e): undefined reference to `nettle_hmac_sha256_update'
/usr/bin/ld: (.text+0x674e): undefined reference to `nettle_hmac_sha256_digest'
/usr/bin/ld: (.text+0x675e): undefined reference to `nettle_hmac_sha256_set_key'
/usr/bin/ld: (.text+0x6772): undefined reference to `nettle_hmac_sha256_update'
/usr/bin/ld: (.text+0x6782): undefined reference to `nettle_hmac_sha256_digest'
/usr/bin/ld: (.text+0x6989): undefined reference to `nettle_hmac_sha256_set_key'
/usr/bin/ld: (.text+0x69a7): undefined reference to `nettle_hmac_sha256_update'
/usr/bin/ld: (.text+0x69b7): undefined reference to `nettle_hmac_sha256_digest'
/usr/bin/ld: (.text+0x69c7): undefined reference to `nettle_hmac_sha256_set_key'
/usr/bin/ld: (.text+0x69db): undefined reference to `nettle_hmac_sha256_update'
/usr/bin/ld: (.text+0x69f9): undefined reference to `nettle_hmac_sha256_digest'
/usr/bin/ld: (.text+0x6ac2): undefined reference to `nettle_hmac_sha256_set_key'
/usr/bin/ld: (.text+0x6ad6): undefined reference to `nettle_hmac_sha256_update'
/usr/bin/ld: (.text+0x6aea): undefined reference to `nettle_hmac_sha256_digest'
/usr/bin/ld: (.text+0x6d5b): undefined reference to `nettle_arcfour_crypt'
/usr/bin/ld: (.text+0x6d7f): undefined reference to `nettle_arcfour_crypt'
/usr/bin/ld: /usr/lib/x86_64-linux-gnu/librtmp.a(rtmp.o): in function `HandleInvoke':
(.text+0x8f15): undefined reference to `nettle_md5_init'
/usr/bin/ld: (.text+0x8f2e): undefined reference to `nettle_md5_update'
/usr/bin/ld: (.text+0x8f47): undefined reference to `nettle_md5_update'
/usr/bin/ld: (.text+0x8f6b): undefined reference to `nettle_md5_update'
/usr/bin/ld: (.text+0x8f7f): undefined reference to `nettle_md5_digest'
/usr/bin/ld: (.text+0x8fd5): undefined reference to `nettle_base64_encode_raw'
/usr/bin/ld: (.text+0x9029): undefined reference to `nettle_base64_encode_raw'
/usr/bin/ld: (.text+0x905b): undefined reference to `nettle_md5_init'
/usr/bin/ld: (.text+0x906f): undefined reference to `nettle_md5_update'
/usr/bin/ld: (.text+0x90a5): undefined reference to `nettle_md5_update'
/usr/bin/ld: (.text+0x90b9): undefined reference to `nettle_md5_digest'
/usr/bin/ld: (.text+0x9118): undefined reference to `nettle_base64_encode_raw'
/usr/bin/ld: (.text+0x91f3): undefined reference to `nettle_md5_update'
/usr/bin/ld: (.text+0x920b): undefined reference to `nettle_md5_update'
/usr/bin/ld: (.text+0x921f): undefined reference to `nettle_md5_digest'
/usr/bin/ld: (.text+0x9436): undefined reference to `nettle_md5_init'
/usr/bin/ld: (.text+0x9459): undefined reference to `nettle_md5_update'
/usr/bin/ld: (.text+0x9469): undefined reference to `nettle_md5_update'
/usr/bin/ld: (.text+0x9487): undefined reference to `nettle_md5_update'
/usr/bin/ld: (.text+0x9497): undefined reference to `nettle_md5_update'
/usr/bin/ld: (.text+0x94bb): undefined reference to `nettle_md5_update'
/usr/bin/ld: (.text+0x94cf): undefined reference to `nettle_md5_digest'
/usr/bin/ld: (.text+0x95d1): undefined reference to `nettle_md5_init'
/usr/bin/ld: (.text+0x95f3): undefined reference to `nettle_md5_update'
/usr/bin/ld: (.text+0x960b): undefined reference to `nettle_md5_update'
/usr/bin/ld: (.text+0x9621): undefined reference to `nettle_md5_update'
/usr/bin/ld: (.text+0x9657): undefined reference to `nettle_md5_update'
/usr/bin/ld: (.text+0x96f9): undefined reference to `nettle_md5_digest'
/usr/bin/ld: (.text+0x97d1): undefined reference to `nettle_md5_init'
/usr/bin/ld: (.text+0x97e9): undefined reference to `nettle_md5_update'
/usr/bin/ld: (.text+0x97fd): undefined reference to `nettle_md5_update'
/usr/bin/ld: (.text+0x9828): undefined reference to `nettle_md5_update'
/usr/bin/ld: (.text+0x983c): undefined reference to `nettle_md5_update'
/usr/bin/ld: (.text+0x9854): undefined reference to `nettle_md5_update'
/usr/bin/ld: /usr/lib/x86_64-linux-gnu/librtmp.a(rtmp.o):(.text+0x9868): more undefined references to `nettle_md5_update' follow
/usr/bin/ld: /usr/lib/x86_64-linux-gnu/librtmp.a(rtmp.o): in function `HandleInvoke':
(.text+0x98ed): undefined reference to `nettle_md5_digest'
/usr/bin/ld: (.text+0x9a5c): undefined reference to `nettle_md5_update'
/usr/bin/ld: /usr/lib/x86_64-linux-gnu/librtmp.a(hashswf.o): in function `swfcrunch':
(.text+0x7f): undefined reference to `nettle_hmac_sha256_update'
/usr/bin/ld: (.text+0xe0): undefined reference to `nettle_hmac_sha256_update'
/usr/bin/ld: (.text+0x137): undefined reference to `nettle_hmac_sha256_update'
/usr/bin/ld: /usr/lib/x86_64-linux-gnu/librtmp.a(hashswf.o): in function `RTMP_HashSWF':
(.text+0xbdd): undefined reference to `nettle_hmac_sha256_set_key'
/usr/bin/ld: (.text+0xf87): undefined reference to `nettle_hmac_sha256_digest'
/usr/bin/ld: (.text+0x1444): undefined reference to `nettle_hmac_sha256_set_key'
/usr/bin/ld: /usr/lib/x86_64-linux-gnu/libidn2.a(lookup.o): in function `idn2_lookup_u8':
(.text+0x88): undefined reference to `u8_strlen'
/usr/bin/ld: (.text+0x99): undefined reference to `u8_to_u32'
/usr/bin/ld: (.text+0x496): undefined reference to `uninorm_nfc'
/usr/bin/ld: (.text+0x4a1): undefined reference to `u32_normalize'
/usr/bin/ld: (.text+0x830): undefined reference to `u32_to_u8'
/usr/bin/ld: (.text+0x8c1): undefined reference to `u32_cmp'
/usr/bin/ld: (.text+0xa5a): undefined reference to `u32_to_u8'
/usr/bin/ld: (.text+0xb2e): undefined reference to `u32_to_u8'
/usr/bin/ld: /usr/lib/x86_64-linux-gnu/libidn2.a(lookup.o): in function `idn2_to_ascii_4i2.part.0':
(.text+0xce7): undefined reference to `u32_cpy'
/usr/bin/ld: (.text+0xd01): undefined reference to `u32_to_u8'
/usr/bin/ld: /usr/lib/x86_64-linux-gnu/libidn2.a(lookup.o): in function `idn2_lookup_ul':
(.text+0xdbd): undefined reference to `u8_strconv_from_encoding'
/usr/bin/ld: /usr/lib/x86_64-linux-gnu/libidn2.a(lookup.o): in function `idn2_to_ascii_4z':
(.text+0xfb3): undefined reference to `u32_strlen'
/usr/bin/ld: (.text+0xfc5): undefined reference to `u32_to_u8'
/usr/bin/ld: /usr/lib/x86_64-linux-gnu/libidn2.a(decode.o): in function `idn2_to_unicode_8z4z':
(.text+0xb6): undefined reference to `u8_to_u32'
/usr/bin/ld: (.text+0xfa): undefined reference to `u32_cpy'
/usr/bin/ld: (.text+0x136): undefined reference to `u32_cpy_alloc'
/usr/bin/ld: (.text+0x1dd): undefined reference to `u32_cpy'
/usr/bin/ld: /usr/lib/x86_64-linux-gnu/libidn2.a(decode.o): in function `idn2_to_unicode_4z4z.part.0':
(.text+0x286): undefined reference to `u32_strlen'
/usr/bin/ld: (.text+0x298): undefined reference to `u32_to_u8'
/usr/bin/ld: /usr/lib/x86_64-linux-gnu/libidn2.a(decode.o): in function `idn2_to_unicode_44i':
(.text+0x3a6): undefined reference to `u32_cpy'
/usr/bin/ld: (.text+0x3da): undefined reference to `u32_strlen'
/usr/bin/ld: (.text+0x43a): undefined reference to `u32_cpy'
/usr/bin/ld: /usr/lib/x86_64-linux-gnu/libidn2.a(decode.o): in function `idn2_to_unicode_8z8z':
(.text+0x4b0): undefined reference to `u32_strlen'
/usr/bin/ld: (.text+0x4c2): undefined reference to `u32_to_u8'
/usr/bin/ld: /usr/lib/x86_64-linux-gnu/libidn2.a(decode.o): in function `idn2_to_unicode_8zlz':
(.text+0x58c): undefined reference to `u8_strconv_to_encoding'
/usr/bin/ld: /usr/lib/x86_64-linux-gnu/libidn2.a(decode.o): in function `idn2_to_unicode_lzlz':
(.text+0x61d): undefined reference to `u8_strconv_from_encoding'
/usr/bin/ld: /usr/lib/x86_64-linux-gnu/libidn2.a(idna.o): in function `_idn2_u8_to_u32_nfc':
(.text+0x36): undefined reference to `u8_to_u32'
/usr/bin/ld: (.text+0xa6): undefined reference to `uc_combining_class'
/usr/bin/ld: (.text+0xbf): undefined reference to `uninorm_nfc'
/usr/bin/ld: (.text+0xcb): undefined reference to `u32_normalize'
/usr/bin/ld: /usr/lib/x86_64-linux-gnu/libidn2.a(idna.o): in function `_idn2_label_test':
(.text+0x459): undefined reference to `UC_CATEGORY_M'
/usr/bin/ld: (.text+0x460): undefined reference to `UC_CATEGORY_M'
/usr/bin/ld: (.text+0x465): undefined reference to `uc_is_general_category'
/usr/bin/ld: (.text+0x489): undefined reference to `uninorm_nfc'
/usr/bin/ld: (.text+0x48e): undefined reference to `u32_normalize'
/usr/bin/ld: /usr/lib/x86_64-linux-gnu/libidn2.a(bidi.o): in function `_idn2_bidi':
(.text+0x38): undefined reference to `uc_bidi_category'
/usr/bin/ld: (.text+0x6d): undefined reference to `uc_bidi_category'
/usr/bin/ld: (.text+0xaf): undefined reference to `uc_bidi_category'
/usr/bin/ld: (.text+0x12a): undefined reference to `uc_bidi_category'
/usr/bin/ld: /usr/lib/x86_64-linux-gnu/libidn2.a(context.o): in function `_idn2_contextj_rule':
(.text+0x67): undefined reference to `uc_combining_class'
/usr/bin/ld: (.text+0xa3): undefined reference to `uc_combining_class'
/usr/bin/ld: (.text+0xce): undefined reference to `uc_joining_type'
/usr/bin/ld: (.text+0x10b): undefined reference to `uc_joining_type'
/usr/bin/ld: /usr/lib/x86_64-linux-gnu/libidn2.a(context.o): in function `_idn2_contexto_rule':
(.text+0x1af): undefined reference to `uc_script'
/usr/bin/ld: (.text+0x216): undefined reference to `uc_script'
/usr/bin/ld: (.text+0x343): undefined reference to `uc_script'
/usr/bin/ld: /usr/lib/x86_64-linux-gnu/libldap.a(cyrus.o): in function `sb_sasl_cyrus_decode':
(.text+0x71): undefined reference to `sasl_decode'
/usr/bin/ld: (.text+0xa2): undefined reference to `sasl_errstring'
/usr/bin/ld: /usr/lib/x86_64-linux-gnu/libldap.a(cyrus.o): in function `sb_sasl_cyrus_encode':
(.text+0x118): undefined reference to `sasl_encode'
/usr/bin/ld: (.text+0x149): undefined reference to `sasl_errstring'
/usr/bin/ld: /usr/lib/x86_64-linux-gnu/libldap.a(cyrus.o): in function `sb_sasl_cyrus_init':
(.text+0x1b7): undefined reference to `sasl_getprop'
/usr/bin/ld: /usr/lib/x86_64-linux-gnu/libldap.a(cyrus.o): in function `ldap_int_sasl_init':
(.text+0x325): undefined reference to `sasl_set_mutex'
/usr/bin/ld: (.text+0x32c): undefined reference to `sasl_client_init'
/usr/bin/ld: /usr/lib/x86_64-linux-gnu/libldap.a(cyrus.o): in function `ldap_int_sasl_open':
(.text+0x401): undefined reference to `sasl_client_new'
/usr/bin/ld: /usr/lib/x86_64-linux-gnu/libldap.a(cyrus.o): in function `ldap_int_sasl_close':
(.text+0x4f4): undefined reference to `sasl_dispose'
/usr/bin/ld: (.text+0x50f): undefined reference to `sasl_dispose'
/usr/bin/ld: /usr/lib/x86_64-linux-gnu/libldap.a(cyrus.o): in function `ldap_int_sasl_bind':
(.text+0x97b): undefined reference to `sasl_client_step'
/usr/bin/ld: (.text+0x9fb): undefined reference to `sasl_getprop'
/usr/bin/ld: (.text+0xa4b): undefined reference to `sasl_getprop'
/usr/bin/ld: (.text+0xbb1): undefined reference to `sasl_dispose'
/usr/bin/ld: (.text+0xcd0): undefined reference to `sasl_setprop'
/usr/bin/ld: (.text+0xcef): undefined reference to `sasl_setprop'
/usr/bin/ld: (.text+0xd44): undefined reference to `sasl_setprop'
/usr/bin/ld: (.text+0xd9f): undefined reference to `sasl_client_start'
/usr/bin/ld: (.text+0xe2a): undefined reference to `sasl_errdetail'
/usr/bin/ld: (.text+0xf23): undefined reference to `sasl_getprop'
/usr/bin/ld: (.text+0xf73): undefined reference to `sasl_dispose'
/usr/bin/ld: (.text+0x10c7): undefined reference to `sasl_setprop'
/usr/bin/ld: (.text+0x1209): undefined reference to `sasl_setprop'
/usr/bin/ld: (.text+0x1225): undefined reference to `sasl_setprop'
/usr/bin/ld: /usr/lib/x86_64-linux-gnu/libldap.a(cyrus.o): in function `ldap_int_sasl_external':
(.text+0x12aa): undefined reference to `sasl_setprop'
/usr/bin/ld: (.text+0x12be): undefined reference to `sasl_setprop'
/usr/bin/ld: /usr/lib/x86_64-linux-gnu/libldap.a(cyrus.o): in function `ldap_int_sasl_get_option':
(.text+0x191f): undefined reference to `sasl_getprop'
/usr/bin/ld: (.text+0x19c4): undefined reference to `sasl_getprop'
/usr/bin/ld: (.text+0x19fe): undefined reference to `sasl_getprop'
/usr/bin/ld: (.text+0x1a21): undefined reference to `sasl_global_listmech'
/usr/bin/ld: /usr/lib/x86_64-linux-gnu/libldap.a(cyrus.o): in function `ldap_int_sasl_set_option':
(.text+0x1ab5): undefined reference to `sasl_setprop'
/usr/bin/ld: (.text+0x1b83): undefined reference to `sasl_setprop'
/usr/bin/ld: /usr/lib/x86_64-linux-gnu/libgnutls.a(cipher.o): in function `_gnutls_encrypt':
(.text+0x222): undefined reference to `nettle_memxor'
/usr/bin/ld: (.text+0x4c9): undefined reference to `nettle_memxor'
/usr/bin/ld: /usr/lib/x86_64-linux-gnu/libgnutls.a(cipher.o): in function `_gnutls_decrypt':
(.text+0x107c): undefined reference to `nettle_memxor'
/usr/bin/ld: (.text+0x1560): undefined reference to `nettle_memxor'
/usr/bin/ld: /usr/lib/x86_64-linux-gnu/libgnutls.a(dh.o): in function `gnutls_dh_params_import_pkcs3':
(.text+0xc73): undefined reference to `asn1_create_element'
/usr/bin/ld: (.text+0xcdd): undefined reference to `asn1_der_decoding'
/usr/bin/ld: (.text+0xcfb): undefined reference to `asn1_delete_structure'
/usr/bin/ld: (.text+0xd9f): undefined reference to `asn1_delete_structure'
/usr/bin/ld: (.text+0xddf): undefined reference to `asn1_create_element'
/usr/bin/ld: (.text+0xdfa): undefined reference to `asn1_der_decoding'
/usr/bin/ld: (.text+0xed4): undefined reference to `asn1_delete_structure'
/usr/bin/ld: (.text+0xef4): undefined reference to `asn1_delete_structure'
/usr/bin/ld: (.text+0xf9a): undefined reference to `asn1_delete_structure'
/usr/bin/ld: (.text+0xfc1): undefined reference to `asn1_delete_structure'
/usr/bin/ld: /usr/lib/x86_64-linux-gnu/libgnutls.a(dh.o): in function `gnutls_dh_params_export2_pkcs3':
(.text+0x111f): undefined reference to `asn1_create_element'
/usr/bin/ld: (.text+0x11a2): undefined reference to `asn1_write_value'
/usr/bin/ld: (.text+0x11e7): undefined reference to `asn1_write_value'
/usr/bin/ld: (.text+0x1224): undefined reference to `asn1_delete_structure'
/usr/bin/ld: (.text+0x125c): undefined reference to `asn1_write_value'
/usr/bin/ld: (.text+0x12be): undefined reference to `asn1_delete_structure'
/usr/bin/ld: (.text+0x12fe): undefined reference to `asn1_delete_structure'
/usr/bin/ld: (.text+0x133c): undefined reference to `asn1_delete_structure'
/usr/bin/ld: (.text+0x1442): undefined reference to `asn1_delete_structure'
/usr/bin/ld: /usr/lib/x86_64-linux-gnu/libgnutls.a(x509_b64.o): in function `_gnutls_fbase64_encode':
(.text+0x1a2): undefined reference to `nettle_base64_encode_raw'
/usr/bin/ld: /usr/lib/x86_64-linux-gnu/libgnutls.a(x509_b64.o): in function `_gnutls_base64_decode':
(.text+0x8fb): undefined reference to `nettle_base64_decode_init'
/usr/bin/ld: (.text+0x938): undefined reference to `nettle_base64_decode_update'
/usr/bin/ld: (.text+0xa07): undefined reference to `nettle_base64_decode_final'
/usr/bin/ld: /usr/lib/x86_64-linux-gnu/libgnutls.a(mpi.o): in function `__gnutls_x509_write_int':
(.text+0xb7): undefined reference to `asn1_write_value'
/usr/bin/ld: /usr/lib/x86_64-linux-gnu/libgnutls.a(mpi.o): in function `__gnutls_x509_read_int':
(.text+0x72e): undefined reference to `asn1_read_value'
/usr/bin/ld: (.text+0x7a3): undefined reference to `asn1_read_value'
/usr/bin/ld: /usr/lib/x86_64-linux-gnu/libgnutls.a(pk.o): in function `_gnutls_encode_ber_rs_raw':
(.text+0x43): undefined reference to `asn1_create_element'
/usr/bin/ld: (.text+0x7b): undefined reference to `asn1_write_value'
/usr/bin/ld: (.text+0xcb): undefined reference to `asn1_write_value'
/usr/bin/ld: (.text+0x115): undefined reference to `asn1_delete_structure'
/usr/bin/ld: (.text+0x1a3): undefined reference to `asn1_write_value'
/usr/bin/ld: (.text+0x1d2): undefined reference to `asn1_write_value'
/usr/bin/ld: /usr/lib/x86_64-linux-gnu/libgnutls.a(pk.o): in function `_gnutls_encode_ber_rs':
(.text+0x403): undefined reference to `asn1_create_element'
/usr/bin/ld: (.text+0x4ba): undefined reference to `asn1_delete_structure'
/usr/bin/ld: (.text+0x4f6): undefined reference to `asn1_delete_structure'
/usr/bin/ld: /usr/lib/x86_64-linux-gnu/libgnutls.a(pk.o): in function `_gnutls_decode_ber_rs':
(.text+0x5e3): undefined reference to `asn1_create_element'
/usr/bin/ld: (.text+0x64f): undefined reference to `asn1_der_decoding'
/usr/bin/ld: (.text+0x66d): undefined reference to `asn1_delete_structure'
/usr/bin/ld: (.text+0x6b8): undefined reference to `asn1_delete_structure'
/usr/bin/ld: (.text+0x6d9): undefined reference to `asn1_delete_structure'
/usr/bin/ld: /usr/lib/x86_64-linux-gnu/libgnutls.a(pk.o): in function `_gnutls_decode_ber_rs_raw':
(.text+0x813): undefined reference to `asn1_create_element'
/usr/bin/ld: (.text+0x87f): undefined reference to `asn1_der_decoding'
/usr/bin/ld: (.text+0x89d): undefined reference to `asn1_delete_structure'
/usr/bin/ld: (.text+0x8e8): undefined reference to `asn1_delete_structure'
/usr/bin/ld: (.text+0x909): undefined reference to `asn1_delete_structure'
/usr/bin/ld: /usr/lib/x86_64-linux-gnu/libgnutls.a(pk.o): in function `encode_ber_digest_info':
(.text+0x14ac): undefined reference to `asn1_create_element'
/usr/bin/ld: (.text+0x1514): undefined reference to `asn1_write_value'
/usr/bin/ld: (.text+0x1538): undefined reference to `asn1_delete_structure'
/usr/bin/ld: (.text+0x1568): undefined reference to `asn1_write_value'
/usr/bin/ld: (.text+0x15a5): undefined reference to `asn1_write_value'
/usr/bin/ld: (.text+0x1612): undefined reference to `asn1_der_coding'
/usr/bin/ld: (.text+0x1649): undefined reference to `asn1_der_coding'
/usr/bin/ld: (.text+0x16f0): undefined reference to `asn1_delete_structure'
/usr/bin/ld: (.text+0x17eb): undefined reference to `asn1_delete_structure'
/usr/bin/ld: /usr/lib/x86_64-linux-gnu/libgnutls.a(pk.o): in function `gnutls_decode_ber_digest_info':
(.text+0x18f7): undefined reference to `asn1_create_element'
/usr/bin/ld: (.text+0x195d): undefined reference to `asn1_der_decoding'
/usr/bin/ld: (.text+0x197d): undefined reference to `asn1_delete_structure'
/usr/bin/ld: (.text+0x19cc): undefined reference to `asn1_read_value'
/usr/bin/ld: (.text+0x1a12): undefined reference to `asn1_read_value'
/usr/bin/ld: (.text+0x1a5f): undefined reference to `asn1_read_value'
/usr/bin/ld: (.text+0x1a8b): undefined reference to `asn1_delete_structure'
/usr/bin/ld: (.text+0x1ad8): undefined reference to `asn1_delete_structure'
/usr/bin/ld: (.text+0x1b4c): undefined reference to `asn1_delete_structure'
/usr/bin/ld: (.text+0x1bf6): undefined reference to `asn1_delete_structure'
/usr/bin/ld: (.text+0x1c12): undefined reference to `asn1_delete_structure'
/usr/bin/ld: /usr/lib/x86_64-linux-gnu/libgnutls.a(str.o): in function `_gnutls_buffer_base64print':
(.text+0x1f1b): undefined reference to `nettle_base64_encode_raw'
/usr/bin/ld: /usr/lib/x86_64-linux-gnu/libgnutls.a(str-idna.o): in function `gnutls_idna_map':
(.text+0x24a): undefined reference to `idn2_strerror'
/usr/bin/ld: /usr/lib/x86_64-linux-gnu/libgnutls.a(str-idna.o): in function `gnutls_idna_reverse_map':
(.text+0x419): undefined reference to `idn2_strerror'
/usr/bin/ld: /usr/lib/x86_64-linux-gnu/libgnutls.a(pubkey.o): in function `_gnutls_pubkey_parse_ecc_eddsa_params':
(.text+0x911): undefined reference to `asn1_create_element'
/usr/bin/ld: (.text+0x97f): undefined reference to `asn1_der_decoding'
/usr/bin/ld: (.text+0x9ae): undefined reference to `asn1_delete_structure'
/usr/bin/ld: (.text+0x9ed): undefined reference to `asn1_read_value'
/usr/bin/ld: (.text+0xb0b): undefined reference to `asn1_read_value'
/usr/bin/ld: (.text+0xbd1): undefined reference to `asn1_read_value'
/usr/bin/ld: /usr/lib/x86_64-linux-gnu/libgnutls.a(pubkey.o): in function `gnutls_pubkey_export':
(.text+0xd17): undefined reference to `asn1_create_element'
/usr/bin/ld: (.text+0xdb7): undefined reference to `asn1_delete_structure'
/usr/bin/ld: /usr/lib/x86_64-linux-gnu/libgnutls.a(pubkey.o): in function `gnutls_pubkey_export2':
(.text+0xf04): undefined reference to `asn1_create_element'
/usr/bin/ld: (.text+0xfa4): undefined reference to `asn1_delete_structure'
/usr/bin/ld: /usr/lib/x86_64-linux-gnu/libgnutls.a(pubkey.o): in function `gnutls_pubkey_import':
(.text+0x1d2f): undefined reference to `asn1_create_element'
/usr/bin/ld: (.text+0x1d5b): undefined reference to `asn1_delete_structure'
/usr/bin/ld: (.text+0x1db2): undefined reference to `asn1_der_decoding2'
/usr/bin/ld: /usr/lib/x86_64-linux-gnu/libgnutls.a(pubkey.o): in function `gnutls_pubkey_import_pkcs11':
(.text+0x2c09): undefined reference to `asn1_create_element'
/usr/bin/ld: (.text+0x2dad): undefined reference to `asn1_der_decoding'
/usr/bin/ld: (.text+0x2de2): undefined reference to `asn1_delete_structure'
/usr/bin/ld: (.text+0x2e54): undefined reference to `asn1_delete_structure'
/usr/bin/ld: (.text+0x2ecd): undefined reference to `asn1_read_value'
/usr/bin/ld: (.text+0x2f48): undefined reference to `asn1_delete_structure'
/usr/bin/ld: (.text+0x3043): undefined reference to `asn1_read_value'
/usr/bin/ld: (.text+0x30b9): undefined reference to `asn1_read_value'
/usr/bin/ld: (.text+0x31e0): undefined reference to `asn1_delete_structure'
/usr/bin/ld: (.text+0x31ed): undefined reference to `asn1_delete_structure'
/usr/bin/ld: (.text+0x328c): undefined reference to `asn1_delete_structure'
/usr/bin/ld: /usr/lib/x86_64-linux-gnu/libgnutls.a(pkcs11.o): in function `_gnutls_pkcs11_reinit':
(.text+0x53): undefined reference to `p11_kit_module_initialize'
/usr/bin/ld: (.text+0x84): undefined reference to `p11_kit_strerror'
/usr/bin/ld: /usr/lib/x86_64-linux-gnu/libgnutls.a(pkcs11.o): in function `add_obj_attrs':
(.text+0xfa): undefined reference to `p11_kit_uri_get_attribute'
/usr/bin/ld: (.text+0x129): undefined reference to `p11_kit_uri_get_attribute'
/usr/bin/ld: (.text+0x165): undefined reference to `p11_kit_uri_get_attribute'
/usr/bin/ld: /usr/lib/x86_64-linux-gnu/libgnutls.a(pkcs11.o): in function `find_flags_cb':
(.text+0x286): undefined reference to `p11_kit_uri_match_token_info'
/usr/bin/ld: (.text+0x295): undefined reference to `p11_kit_uri_match_module_info'
/usr/bin/ld: (.text+0x2a2): undefined reference to `p11_kit_module_get_flags'
/usr/bin/ld: /usr/lib/x86_64-linux-gnu/libgnutls.a(pkcs11.o): in function `find_token_num_cb':
(.text+0x355): undefined reference to `p11_kit_uri_get_token_info'
/usr/bin/ld: (.text+0x3ef): undefined reference to `p11_kit_uri_get_module_info'
/usr/bin/ld: /usr/lib/x86_64-linux-gnu/libgnutls.a(pkcs11.o): in function `pkcs11_obj_import':
(.text+0x528): undefined reference to `p11_kit_uri_set_attribute'
/usr/bin/ld: (.text+0x551): undefined reference to `p11_kit_uri_get_token_info'
/usr/bin/ld: (.text+0x5eb): undefined reference to `p11_kit_uri_get_module_info'
/usr/bin/ld: (.text+0x75b): undefined reference to `p11_kit_uri_set_attribute'
/usr/bin/ld: (.text+0x79b): undefined reference to `p11_kit_uri_set_attribute'
/usr/bin/ld: /usr/lib/x86_64-linux-gnu/libgnutls.a(pkcs11.o): in function `find_token_modname_cb':
(.text+0x857): undefined reference to `p11_kit_uri_match_token_info'
/usr/bin/ld: (.text+0x866): undefined reference to `p11_kit_uri_match_module_info'
/usr/bin/ld: (.text+0x879): undefined reference to `p11_kit_config_option'
/usr/bin/ld: /usr/lib/x86_64-linux-gnu/libgnutls.a(pkcs11.o): in function `pkcs11_add_module':
(.text+0xa39): undefined reference to `p11_kit_module_get_flags'
/usr/bin/ld: /usr/lib/x86_64-linux-gnu/libgnutls.a(pkcs11.o): in function `auto_load':
(.text+0xb61): undefined reference to `p11_kit_modules_load_and_initialize'
/usr/bin/ld: (.text+0xb96): undefined reference to `p11_kit_module_get_name'
/usr/bin/ld: (.text+0xc99): undefined reference to `p11_kit_message'
/usr/bin/ld: /usr/lib/x86_64-linux-gnu/libgnutls.a(pkcs11.o): in function `retrieve_pin_from_callback':
(.text+0xe32): undefined reference to `p11_kit_space_strdup'
/usr/bin/ld: (.text+0xe43): undefined reference to `p11_kit_uri_new'
/usr/bin/ld: (.text+0xe57): undefined reference to `p11_kit_uri_get_token_info'
/usr/bin/ld: (.text+0xf09): undefined reference to `p11_kit_uri_format'
/usr/bin/ld: (.text+0xf19): undefined reference to `p11_kit_uri_free'
/usr/bin/ld: (.text+0xfa9): undefined reference to `p11_kit_pin_new_for_string'
/usr/bin/ld: (.text+0x10b1): undefined reference to `p11_kit_uri_free'
/usr/bin/ld: /usr/lib/x86_64-linux-gnu/libgnutls.a(pkcs11.o): in function `find_obj_session_cb':
(.text+0x13ad): undefined reference to `p11_kit_uri_match_token_info'
/usr/bin/ld: (.text+0x13c5): undefined reference to `p11_kit_uri_match_module_info'
/usr/bin/ld: /usr/lib/x86_64-linux-gnu/libgnutls.a(pkcs11.o): in function `gnutls_pkcs11_add_provider':
(.text+0x23ac): undefined reference to `p11_kit_module_load'
/usr/bin/ld: (.text+0x2411): undefined reference to `p11_kit_module_release'
/usr/bin/ld: (.text+0x2454): undefined reference to `p11_kit_module_release'
/usr/bin/ld: (.text+0x2494): undefined reference to `p11_kit_module_initialize'
/usr/bin/ld: (.text+0x24a4): undefined reference to `p11_kit_module_finalize'
/usr/bin/ld: /usr/lib/x86_64-linux-gnu/libgnutls.a(pkcs11.o): in function `pkcs11_get_info':
(.text+0x27a1): undefined reference to `p11_kit_uri_get_module_info'
/usr/bin/ld: (.text+0x2839): undefined reference to `p11_kit_uri_get_token_info'
/usr/bin/ld: (.text+0x2861): undefined reference to `p11_kit_uri_get_module_info'
/usr/bin/ld: (.text+0x287a): undefined reference to `p11_kit_space_strlen'
/usr/bin/ld: (.text+0x2891): undefined reference to `p11_kit_uri_get_module_info'
/usr/bin/ld: (.text+0x28a1): undefined reference to `p11_kit_uri_get_token_info'
/usr/bin/ld: (.text+0x28b1): undefined reference to `p11_kit_uri_get_token_info'
/usr/bin/ld: (.text+0x28c1): undefined reference to `p11_kit_uri_get_token_info'
/usr/bin/ld: (.text+0x28d6): undefined reference to `p11_kit_uri_get_attribute'
/usr/bin/ld: (.text+0x2906): undefined reference to `p11_kit_uri_get_attribute'
/usr/bin/ld: (.text+0x2956): undefined reference to `p11_kit_uri_get_attribute'
/usr/bin/ld: /usr/lib/x86_64-linux-gnu/libgnutls.a(pkcs11.o): in function `gnutls_pkcs11_init':
(.text+0x2a39): undefined reference to `p11_kit_pin_file_callback'
/usr/bin/ld: (.text+0x2a57): undefined reference to `p11_kit_pin_register_callback'
/usr/bin/ld: /usr/lib/x86_64-linux-gnu/libgnutls.a(pkcs11.o): in function `gnutls_pkcs11_deinit':
(.text+0x2ec1): undefined reference to `p11_kit_module_release'
/usr/bin/ld: (.text+0x2ee3): undefined reference to `p11_kit_module_finalize'
/usr/bin/ld: (.text+0x2f18): undefined reference to `p11_kit_pin_file_callback'
/usr/bin/ld: /usr/lib/x86_64-linux-gnu/libgnutls.a(pkcs11.o): in function `pkcs11_url_to_info':
(.text+0x2fa8): undefined reference to `p11_kit_uri_parse'
/usr/bin/ld: (.text+0x3028): undefined reference to `p11_kit_uri_set_attribute'
/usr/bin/ld: (.text+0x3035): undefined reference to `p11_kit_uri_new'
/usr/bin/ld: (.text+0x3052): undefined reference to `p11_kit_uri_parse'
/usr/bin/ld: (.text+0x3065): undefined reference to `p11_kit_uri_free'
/usr/bin/ld: /usr/lib/x86_64-linux-gnu/libgnutls.a(pkcs11.o): in function `pkcs11_info_to_url':
(.text+0x3143): undefined reference to `p11_kit_uri_format'
/usr/bin/ld: /usr/lib/x86_64-linux-gnu/libgnutls.a(pkcs11.o): in function `gnutls_pkcs11_obj_init':
(.text+0x31db): undefined reference to `p11_kit_uri_new'
/usr/bin/ld: /usr/lib/x86_64-linux-gnu/libgnutls.a(pkcs11.o): in function `gnutls_pkcs11_obj_deinit':
(.text+0x32da): undefined reference to `p11_kit_uri_free'
/usr/bin/ld: /usr/lib/x86_64-linux-gnu/libgnutls.a(pkcs11.o): in function `pkcs11_find_slot':
(.text+0x36d8): undefined reference to `p11_kit_uri_match_module_info'
/usr/bin/ld: (.text+0x375d): undefined reference to `p11_kit_uri_match_token_info'
/usr/bin/ld: /usr/lib/x86_64-linux-gnu/libgnutls.a(pkcs11.o): in function `find_single_obj_cb':
(.text+0x4aa6): undefined reference to `p11_kit_uri_match_token_info'
/usr/bin/ld: (.text+0x4ac1): undefined reference to `p11_kit_uri_match_module_info'
/usr/bin/ld: /usr/lib/x86_64-linux-gnu/libgnutls.a(pkcs11.o): in function `find_multi_objs_cb':
(.text+0x4e76): undefined reference to `p11_kit_uri_match_token_info'
/usr/bin/ld: (.text+0x4e8e): undefined reference to `p11_kit_uri_match_module_info'
/usr/bin/ld: (.text+0x50c7): undefined reference to `p11_kit_uri_get_attribute'
/usr/bin/ld: (.text+0x53ba): undefined reference to `p11_kit_uri_get_attribute'
/usr/bin/ld: (.text+0x5412): undefined reference to `p11_kit_uri_get_attribute'
/usr/bin/ld: (.text+0x5467): undefined reference to `p11_kit_iter_new'
/usr/bin/ld: (.text+0x548f): undefined reference to `p11_kit_iter_add_filter'
/usr/bin/ld: (.text+0x54a9): undefined reference to `p11_kit_iter_begin_with'
/usr/bin/ld: (.text+0x5508): undefined reference to `p11_kit_iter_get_object'
/usr/bin/ld: (.text+0x5561): undefined reference to `p11_kit_iter_next'
/usr/bin/ld: (.text+0x55e1): undefined reference to `p11_kit_iter_get_attributes'
/usr/bin/ld: (.text+0x5627): undefined reference to `p11_kit_iter_get_attributes'
/usr/bin/ld: (.text+0x56db): undefined reference to `p11_kit_iter_get_object'
/usr/bin/ld: (.text+0x577e): undefined reference to `p11_kit_iter_free'
/usr/bin/ld: (.text+0x5944): undefined reference to `p11_kit_iter_free'
/usr/bin/ld: /usr/lib/x86_64-linux-gnu/libgnutls.a(pkcs11.o): in function `gnutls_pkcs11_obj_export_url':
(.text+0x5d3c): undefined reference to `p11_kit_uri_format'
/usr/bin/ld: /usr/lib/x86_64-linux-gnu/libgnutls.a(pkcs11.o): in function `pkcs11_retrieve_pin':
(.text+0x5e43): undefined reference to `p11_kit_uri_get_pin_value'
/usr/bin/ld: (.text+0x5e6f): undefined reference to `p11_kit_pin_new_for_string'
/usr/bin/ld: (.text+0x5eec): undefined reference to `p11_kit_uri_get_pin_source'
/usr/bin/ld: (.text+0x5f19): undefined reference to `p11_kit_space_strdup'
/usr/bin/ld: (.text+0x5f2b): undefined reference to `p11_kit_uri_new'
/usr/bin/ld: (.text+0x5f40): undefined reference to `p11_kit_uri_get_token_info'
/usr/bin/ld: (.text+0x6025): undefined reference to `p11_kit_pin_request'
/usr/bin/ld: (.text+0x6031): undefined reference to `p11_kit_uri_free'
/usr/bin/ld: /usr/lib/x86_64-linux-gnu/libgnutls.a(pkcs11.o): in function `pkcs11_login':
(.text+0x6470): undefined reference to `p11_kit_pin_get_length'
/usr/bin/ld: (.text+0x6481): undefined reference to `p11_kit_pin_get_value'
/usr/bin/ld: (.text+0x64a6): undefined reference to `p11_kit_pin_unref'
/usr/bin/ld: (.text+0x683d): undefined reference to `p11_kit_strerror'
/usr/bin/ld: /usr/lib/x86_64-linux-gnu/libgnutls.a(pkcs11.o): in function `_pkcs11_traverse_tokens':
(.text+0x71e6): undefined reference to `p11_kit_uri_match_module_info'
/usr/bin/ld: (.text+0x72f1): undefined reference to `p11_kit_uri_match_token_info'
/usr/bin/ld: /usr/lib/x86_64-linux-gnu/libgnutls.a(pkcs11.o): in function `_gnutls_pkcs11_token_get_url':
(.text+0x79d9): undefined reference to `p11_kit_uri_new'
/usr/bin/ld: (.text+0x7a13): undefined reference to `p11_kit_uri_free'
/usr/bin/ld: (.text+0x7a45): undefined reference to `p11_kit_uri_free'
/usr/bin/ld: /usr/lib/x86_64-linux-gnu/libgnutls.a(pkcs11.o): in function `gnutls_pkcs11_token_get_info':
(.text+0x7bc4): undefined reference to `p11_kit_uri_get_token_info'
/usr/bin/ld: (.text+0x7bd5): undefined reference to `p11_kit_space_strlen'
/usr/bin/ld: (.text+0x7c25): undefined reference to `p11_kit_uri_free'
/usr/bin/ld: (.text+0x7c34): undefined reference to `p11_kit_uri_get_token_info'
/usr/bin/ld: (.text+0x7c45): undefined reference to `p11_kit_space_strlen'
/usr/bin/ld: (.text+0x7c6c): undefined reference to `p11_kit_uri_get_token_info'
/usr/bin/ld: (.text+0x7c84): undefined reference to `p11_kit_uri_get_token_info'
/usr/bin/ld: /usr/lib/x86_64-linux-gnu/libgnutls.a(pkcs11.o): in function `gnutls_pkcs11_token_get_ptr':
(.text+0x7e8e): undefined reference to `p11_kit_uri_free'
/usr/bin/ld: /usr/lib/x86_64-linux-gnu/libgnutls.a(pkcs11.o): in function `pkcs11_call_token_func':
(.text+0x7f6f): undefined reference to `p11_kit_uri_get_token_info'
/usr/bin/ld: (.text+0x7f7c): undefined reference to `p11_kit_space_strdup'
/usr/bin/ld: /usr/lib/x86_64-linux-gnu/libgnutls.a(pkcs11.o): in function `gnutls_pkcs11_obj_list_import_url4':
(.text+0x809c): undefined reference to `p11_kit_uri_free'
/usr/bin/ld: /usr/lib/x86_64-linux-gnu/libgnutls.a(pkcs11.o): in function `gnutls_pkcs11_token_get_flags':
(.text+0x85c8): undefined reference to `p11_kit_uri_free'
/usr/bin/ld: /usr/lib/x86_64-linux-gnu/libgnutls.a(pkcs11.o): in function `gnutls_pkcs11_token_get_mechanism':
(.text+0x879a): undefined reference to `p11_kit_uri_free'
/usr/bin/ld: /usr/lib/x86_64-linux-gnu/libgnutls.a(pkcs11.o): in function `gnutls_pkcs11_token_check_mechanism':
(.text+0x89cf): undefined reference to `p11_kit_uri_free'
/usr/bin/ld: /usr/lib/x86_64-linux-gnu/libgnutls.a(pkcs11.o): in function `gnutls_pkcs11_get_raw_issuer':
(.text+0x8e0d): undefined reference to `p11_kit_uri_free'
/usr/bin/ld: /usr/lib/x86_64-linux-gnu/libgnutls.a(pkcs11.o):(.text+0x910c): more undefined references to `p11_kit_uri_free' follow
/usr/bin/ld: /usr/lib/x86_64-linux-gnu/libgnutls.a(pkcs11.o): in function `gnutls_pkcs11_deinit':
(.text+0x2f40): undefined reference to `p11_kit_pin_unregister_callback'
/usr/bin/ld: /usr/lib/x86_64-linux-gnu/libgnutls.a(pkcs11x.o): in function `find_ext_cb':
(.text+0x4f): undefined reference to `p11_kit_uri_match_token_info'
/usr/bin/ld: (.text+0x66): undefined reference to `p11_kit_uri_match_module_info'
/usr/bin/ld: /usr/lib/x86_64-linux-gnu/libgnutls.a(pkcs11_privkey.o): in function `find_object.constprop.0':
(.text+0x44): undefined reference to `p11_kit_uri_get_attributes'
/usr/bin/ld: /usr/lib/x86_64-linux-gnu/libgnutls.a(pkcs11_privkey.o): in function `gnutls_pkcs11_privkey_init':
(.text+0x2ef): undefined reference to `p11_kit_uri_new'
/usr/bin/ld: (.text+0x351): undefined reference to `p11_kit_uri_free'
/usr/bin/ld: /usr/lib/x86_64-linux-gnu/libgnutls.a(pkcs11_privkey.o): in function `gnutls_pkcs11_privkey_deinit':
(.text+0x3f5): undefined reference to `p11_kit_uri_free'
/usr/bin/ld: /usr/lib/x86_64-linux-gnu/libgnutls.a(pkcs11_privkey.o): in function `gnutls_pkcs11_privkey_import_url':
(.text+0xd51): undefined reference to `p11_kit_uri_free'
/usr/bin/ld: (.text+0xd9a): undefined reference to `p11_kit_uri_get_attribute'
/usr/bin/ld: (.text+0xddf): undefined reference to `p11_kit_uri_free'
/usr/bin/ld: (.text+0xe78): undefined reference to `p11_kit_uri_get_attribute'
/usr/bin/ld: (.text+0x1046): undefined reference to `p11_kit_uri_get_attribute'
/usr/bin/ld: /usr/lib/x86_64-linux-gnu/libgnutls.a(pkcs11_privkey.o): in function `gnutls_pkcs11_privkey_generate3':
(.text+0x1ee7): undefined reference to `p11_kit_uri_free'
/usr/bin/ld: /usr/lib/x86_64-linux-gnu/libgnutls.a(pkcs11_int.o): in function `pkcs11_strerror':
(.text+0x475): undefined reference to `p11_kit_strerror'
/usr/bin/ld: /usr/lib/x86_64-linux-gnu/libgnutls.a(common.o): in function `x509_read_value':
(.text+0x2f1): undefined reference to `asn1_read_value_type'
/usr/bin/ld: (.text+0x3ca): undefined reference to `asn1_read_value'
/usr/bin/ld: /usr/lib/x86_64-linux-gnu/libgnutls.a(common.o): in function `_gnutls_x509_decode_string':
(.text+0x8b0): undefined reference to `asn1_decode_simple_ber'
/usr/bin/ld: (.text+0x9d5): undefined reference to `asn1_decode_simple_der'
/usr/bin/ld: /usr/lib/x86_64-linux-gnu/libgnutls.a(common.o): in function `decode_complex_string.isra.0':
(.text+0xba6): undefined reference to `asn1_create_element'
/usr/bin/ld: (.text+0xc34): undefined reference to `asn1_der_decoding2'
/usr/bin/ld: (.text+0xc62): undefined reference to `asn1_delete_structure'
/usr/bin/ld: (.text+0xca2): undefined reference to `asn1_read_value'
/usr/bin/ld: (.text+0xd44): undefined reference to `asn1_delete_structure'
/usr/bin/ld: (.text+0xde4): undefined reference to `asn1_delete_structure'
/usr/bin/ld: (.text+0xe8b): undefined reference to `asn1_delete_structure'
/usr/bin/ld: /usr/lib/x86_64-linux-gnu/libgnutls.a(common.o): in function `_gnutls_x509_read_string':
(.text+0x1419): undefined reference to `asn1_read_value_type'
/usr/bin/ld: (.text+0x14b8): undefined reference to `asn1_read_value'
/usr/bin/ld: /usr/lib/x86_64-linux-gnu/libgnutls.a(common.o): in function `_gnutls_x509_encode_string':
(.text+0x1670): undefined reference to `asn1_encode_simple_der'
/usr/bin/ld: /usr/lib/x86_64-linux-gnu/libgnutls.a(common.o): in function `_gnutls_x509_der_encode':
(.text+0x17dc): undefined reference to `asn1_der_coding'
/usr/bin/ld: (.text+0x186a): undefined reference to `asn1_der_coding'
/usr/bin/ld: (.text+0x1912): undefined reference to `asn1_delete_structure'
/usr/bin/ld: (.text+0x193d): undefined reference to `asn1_create_element'
/usr/bin/ld: (.text+0x1989): undefined reference to `asn1_write_value'
/usr/bin/ld: (.text+0x1a06): undefined reference to `asn1_der_coding'
/usr/bin/ld: (.text+0x1a8e): undefined reference to `asn1_delete_structure'
/usr/bin/ld: /usr/lib/x86_64-linux-gnu/libgnutls.a(common.o): in function `_gnutls_x509_der_encode_and_copy':
(.text+0x1dc3): undefined reference to `asn1_write_value'
/usr/bin/ld: /usr/lib/x86_64-linux-gnu/libgnutls.a(common.o): in function `_gnutls_x509_write_value':
(.text+0x1ec4): undefined reference to `asn1_write_value'
/usr/bin/ld: /usr/lib/x86_64-linux-gnu/libgnutls.a(common.o): in function `_gnutls_x509_write_string':
(.text+0x1f9b): undefined reference to `asn1_write_value'
/usr/bin/ld: /usr/lib/x86_64-linux-gnu/libgnutls.a(common.o): in function `_gnutls_x509_encode_and_copy_PKI_params':
(.text+0x2159): undefined reference to `asn1_write_value'
/usr/bin/ld: (.text+0x2208): undefined reference to `asn1_write_value'
/usr/bin/ld: /usr/lib/x86_64-linux-gnu/libgnutls.a(common.o):(.text+0x2318): more undefined references to `asn1_write_value' follow
/usr/bin/ld: /usr/lib/x86_64-linux-gnu/libgnutls.a(common.o): in function `_gnutls_x509_encode_PKI_params':
(.text+0x2481): undefined reference to `asn1_create_element'
/usr/bin/ld: (.text+0x251e): undefined reference to `asn1_delete_structure'
/usr/bin/ld: (.text+0x2540): undefined reference to `asn1_delete_structure'
/usr/bin/ld: (.text+0x255f): undefined reference to `asn1_delete_structure'
/usr/bin/ld: /usr/lib/x86_64-linux-gnu/libgnutls.a(common.o): in function `_gnutls_x509_get_pk_algorithm':
(.text+0x2665): undefined reference to `asn1_read_value'
/usr/bin/ld: /usr/lib/x86_64-linux-gnu/libgnutls.a(common.o): in function `_gnutls_x509_get_signed_data':
(.text+0x28bf): undefined reference to `asn1_der_decoding_startEnd'
/usr/bin/ld: /usr/lib/x86_64-linux-gnu/libgnutls.a(common.o): in function `_gnutls_x509_get_signature':
(.text+0x2c45): undefined reference to `asn1_read_value'
/usr/bin/ld: (.text+0x2d03): undefined reference to `asn1_read_value'
/usr/bin/ld: /usr/lib/x86_64-linux-gnu/libgnutls.a(common.o): in function `_gnutls_x509_encode_and_write_attribute':
(.text+0x2eda): undefined reference to `asn1_create_element'
/usr/bin/ld: (.text+0x2f59): undefined reference to `asn1_write_value'
/usr/bin/ld: (.text+0x2f9b): undefined reference to `asn1_delete_structure'
/usr/bin/ld: (.text+0x2fe2): undefined reference to `asn1_write_value'
/usr/bin/ld: (.text+0x308b): undefined reference to `asn1_write_value'
/usr/bin/ld: (.text+0x31e3): undefined reference to `asn1_write_value'
/usr/bin/ld: (.text+0x320e): undefined reference to `asn1_delete_structure'
/usr/bin/ld: (.text+0x3286): undefined reference to `asn1_delete_structure'
/usr/bin/ld: (.text+0x32e0): undefined reference to `asn1_delete_structure'
/usr/bin/ld: /usr/lib/x86_64-linux-gnu/libgnutls.a(common.o): in function `_gnutls_x509_get_raw_field2':
(.text+0x3549): undefined reference to `asn1_der_decoding_startEnd'
/usr/bin/ld: /usr/lib/x86_64-linux-gnu/libgnutls.a(common.o): in function `_gnutls_x509_get_version':
(.text+0x40ac): undefined reference to `asn1_read_value'
/usr/bin/ld: /usr/lib/x86_64-linux-gnu/libgnutls.a(crl.o): in function `crl_reinit':
(.text+0x11): undefined reference to `asn1_delete_structure'
/usr/bin/ld: (.text+0x2a): undefined reference to `asn1_create_element'
/usr/bin/ld: /usr/lib/x86_64-linux-gnu/libgnutls.a(crl.o): in function `_get_authority_key_id':
(.text+0x137): undefined reference to `asn1_create_element'
/usr/bin/ld: (.text+0x192): undefined reference to `asn1_der_decoding2'
/usr/bin/ld: (.text+0x1f7): undefined reference to `asn1_delete_structure'
/usr/bin/ld: /usr/lib/x86_64-linux-gnu/libgnutls.a(crl.o): in function `gnutls_x509_crl_deinit':
(.text+0x42a): undefined reference to `asn1_delete_structure'
/usr/bin/ld: /usr/lib/x86_64-linux-gnu/libgnutls.a(crl.o): in function `gnutls_x509_crl_import':
(.text+0x518): undefined reference to `asn1_der_decoding2'
/usr/bin/ld: /usr/lib/x86_64-linux-gnu/libgnutls.a(crl.o): in function `gnutls_x509_crl_get_signature_oid':
(.text+0xa61): undefined reference to `asn1_read_value'
/usr/bin/ld: /usr/lib/x86_64-linux-gnu/libgnutls.a(crl.o): in function `gnutls_x509_crl_get_signature':
(.text+0xbb5): undefined reference to `asn1_read_value'
/usr/bin/ld: (.text+0xbea): undefined reference to `asn1_read_value'
/usr/bin/ld: /usr/lib/x86_64-linux-gnu/libgnutls.a(crl.o): in function `gnutls_x509_crl_get_crt_count':
(.text+0xe7f): undefined reference to `asn1_number_of_elements'
/usr/bin/ld: /usr/lib/x86_64-linux-gnu/libgnutls.a(crl.o): in function `gnutls_x509_crl_get_crt_serial':
(.text+0xfdb): undefined reference to `asn1_read_value'
/usr/bin/ld: /usr/lib/x86_64-linux-gnu/libgnutls.a(crl.o): in function `gnutls_x509_crl_iter_crt_serial':
(.text+0x11a1): undefined reference to `asn1_find_node'
/usr/bin/ld: (.text+0x11ff): undefined reference to `asn1_read_value'
/usr/bin/ld: (.text+0x132b): undefined reference to `asn1_find_node'
/usr/bin/ld: /usr/lib/x86_64-linux-gnu/libgnutls.a(crl.o): in function `gnutls_x509_crl_get_authority_key_gn_serial':
(.text+0x16df): undefined reference to `asn1_read_value'
/usr/bin/ld: (.text+0x16ff): undefined reference to `asn1_delete_structure'
/usr/bin/ld: /usr/lib/x86_64-linux-gnu/libgnutls.a(crl.o): in function `gnutls_x509_crl_get_authority_key_id':
(.text+0x1815): undefined reference to `asn1_read_value'
/usr/bin/ld: (.text+0x1827): undefined reference to `asn1_delete_structure'
/usr/bin/ld: /usr/lib/x86_64-linux-gnu/libgnutls.a(crl.o): in function `gnutls_x509_crl_get_extension_info':
(.text+0x1bdf): undefined reference to `asn1_read_value'
/usr/bin/ld: (.text+0x1c9b): undefined reference to `asn1_read_value'
/usr/bin/ld: /usr/lib/x86_64-linux-gnu/libgnutls.a(crl.o): in function `gnutls_x509_crl_get_extension_data':
(.text+0x1e2d): undefined reference to `asn1_read_value'
/usr/bin/ld: /usr/lib/x86_64-linux-gnu/libgnutls.a(crq.o): in function `gnutls_x509_crq_init':
(.text+0x5f): undefined reference to `asn1_create_element'
/usr/bin/ld: /usr/lib/x86_64-linux-gnu/libgnutls.a(crq.o): in function `gnutls_x509_crq_deinit':
(.text+0x10c): undefined reference to `asn1_delete_structure'
/usr/bin/ld: /usr/lib/x86_64-linux-gnu/libgnutls.a(crq.o): in function `gnutls_x509_crq_import':
(.text+0x182): undefined reference to `asn1_der_decoding2'
/usr/bin/ld: (.text+0x21b): undefined reference to `asn1_der_decoding2'
/usr/bin/ld: /usr/lib/x86_64-linux-gnu/libgnutls.a(crq.o): in function `gnutls_x509_crq_set_version':
(.text+0x972): undefined reference to `asn1_write_value'
/usr/bin/ld: /usr/lib/x86_64-linux-gnu/libgnutls.a(crq.o): in function `gnutls_x509_crq_get_version':
(.text+0xa8f): undefined reference to `asn1_read_value'
/usr/bin/ld: /usr/lib/x86_64-linux-gnu/libgnutls.a(crq.o): in function `gnutls_x509_crq_set_challenge_password':
(.text+0xe1f): undefined reference to `asn1_write_value'
/usr/bin/ld: /usr/lib/x86_64-linux-gnu/libgnutls.a(crq.o): in function `gnutls_x509_crq_get_signature_oid':
(.text+0x1571): undefined reference to `asn1_read_value'
/usr/bin/ld: /usr/lib/x86_64-linux-gnu/libgnutls.a(crq.o): in function `gnutls_x509_crq_get_pk_oid':
(.text+0x16c1): undefined reference to `asn1_read_value'
/usr/bin/ld: /usr/lib/x86_64-linux-gnu/libgnutls.a(crq.o): in function `gnutls_x509_crq_get_attribute_info':
(.text+0x183d): undefined reference to `asn1_read_value'
/usr/bin/ld: /usr/lib/x86_64-linux-gnu/libgnutls.a(crq.o): in function `gnutls_x509_crq_get_attribute_data':
(.text+0x197d): undefined reference to `asn1_read_value'
/usr/bin/ld: /usr/lib/x86_64-linux-gnu/libgnutls.a(crq.o): in function `gnutls_x509_crq_get_extension_info':
(.text+0x1ae9): undefined reference to `asn1_create_element'
/usr/bin/ld: (.text+0x1b46): undefined reference to `asn1_der_decoding2'
/usr/bin/ld: (.text+0x1b69): undefined reference to `asn1_delete_structure'
/usr/bin/ld: (.text+0x1c6e): undefined reference to `asn1_read_value'
/usr/bin/ld: (.text+0x1cda): undefined reference to `asn1_read_value'
/usr/bin/ld: (.text+0x1ce5): undefined reference to `asn1_delete_structure'
/usr/bin/ld: (.text+0x1d40): undefined reference to `asn1_delete_structure'
/usr/bin/ld: (.text+0x1e22): undefined reference to `asn1_delete_structure'
/usr/bin/ld: /usr/lib/x86_64-linux-gnu/libgnutls.a(crq.o): in function `gnutls_x509_crq_get_extension_data2':
(.text+0x2002): undefined reference to `asn1_create_element'
/usr/bin/ld: (.text+0x2053): undefined reference to `asn1_delete_structure'
/usr/bin/ld: (.text+0x2093): undefined reference to `asn1_der_decoding2'
/usr/bin/ld: /usr/lib/x86_64-linux-gnu/libgnutls.a(crq.o): in function `gnutls_x509_crq_get_private_key_usage_period':
(.text+0x25a4): undefined reference to `asn1_create_element'
/usr/bin/ld: (.text+0x25d8): undefined reference to `asn1_delete_structure'
/usr/bin/ld: (.text+0x260b): undefined reference to `asn1_der_decoding2'
/usr/bin/ld: /usr/lib/x86_64-linux-gnu/libgnutls.a(crq.o): in function `get_subject_alt_name':
(.text+0x2b08): undefined reference to `asn1_create_element'
/usr/bin/ld: (.text+0x2c09): undefined reference to `asn1_der_decoding2'
/usr/bin/ld: (.text+0x2c39): undefined reference to `asn1_delete_structure'
/usr/bin/ld: (.text+0x2c8c): undefined reference to `asn1_delete_structure'
/usr/bin/ld: /usr/lib/x86_64-linux-gnu/libgnutls.a(crq.o): in function `gnutls_x509_crq_get_key_purpose_oid':
(.text+0x38a3): undefined reference to `asn1_create_element'
/usr/bin/ld: (.text+0x39cc): undefined reference to `asn1_der_decoding2'
/usr/bin/ld: (.text+0x39fc): undefined reference to `asn1_delete_structure'
/usr/bin/ld: (.text+0x3a6f): undefined reference to `asn1_read_value'
/usr/bin/ld: (.text+0x3a87): undefined reference to `asn1_delete_structure'
/usr/bin/ld: /usr/lib/x86_64-linux-gnu/libgnutls.a(crq.o): in function `gnutls_x509_crq_set_key_purpose_oid':
(.text+0x3d24): undefined reference to `asn1_create_element'
/usr/bin/ld: (.text+0x3d4e): undefined reference to `asn1_der_decoding2'
/usr/bin/ld: (.text+0x3d85): undefined reference to `asn1_write_value'
/usr/bin/ld: (.text+0x3db2): undefined reference to `asn1_delete_structure'
/usr/bin/ld: (.text+0x3de9): undefined reference to `asn1_create_element'
/usr/bin/ld: (.text+0x3e68): undefined reference to `asn1_delete_structure'
/usr/bin/ld: (.text+0x3e95): undefined reference to `asn1_write_value'
/usr/bin/ld: (.text+0x3f2c): undefined reference to `asn1_delete_structure'
/usr/bin/ld: /usr/lib/x86_64-linux-gnu/libgnutls.a(crq.o): in function `gnutls_x509_crq_privkey_sign':
(.text+0x43e5): undefined reference to `asn1_write_value'
/usr/bin/ld: /usr/lib/x86_64-linux-gnu/libgnutls.a(crq.o): in function `gnutls_x509_crq_set_private_key_usage_period':
(.text+0x4bd7): undefined reference to `asn1_create_element'
/usr/bin/ld: (.text+0x4cdc): undefined reference to `asn1_delete_structure'
/usr/bin/ld: /usr/lib/x86_64-linux-gnu/libgnutls.a(dn.o): in function `append_elements':
(.text+0xd2): undefined reference to `asn1_read_value'
/usr/bin/ld: (.text+0x1fa): undefined reference to `asn1_number_of_elements'
/usr/bin/ld: (.text+0x297): undefined reference to `asn1_read_value'
/usr/bin/ld: (.text+0x2fe): undefined reference to `asn1_read_value'
/usr/bin/ld: /usr/lib/x86_64-linux-gnu/libgnutls.a(dn.o): in function `_gnutls_x509_get_dn':
(.text+0x8a8): undefined reference to `asn1_number_of_elements'
/usr/bin/ld: /usr/lib/x86_64-linux-gnu/libgnutls.a(dn.o): in function `_gnutls_x509_parse_dn_oid':
(.text+0xd86): undefined reference to `asn1_read_value'
/usr/bin/ld: (.text+0xe0f): undefined reference to `asn1_read_value'
/usr/bin/ld: (.text+0xe72): undefined reference to `asn1_read_value'
/usr/bin/ld: /usr/lib/x86_64-linux-gnu/libgnutls.a(dn.o): in function `_gnutls_x509_get_dn_oid':
(.text+0x1295): undefined reference to `asn1_read_value'
/usr/bin/ld: (.text+0x132e): undefined reference to `asn1_read_value'
/usr/bin/ld: /usr/lib/x86_64-linux-gnu/libgnutls.a(dn.o):(.text+0x1391): more undefined references to `asn1_read_value' follow
/usr/bin/ld: /usr/lib/x86_64-linux-gnu/libgnutls.a(dn.o): in function `_gnutls_x509_set_dn_oid':
(.text+0x1996): undefined reference to `asn1_write_value'
/usr/bin/ld: (.text+0x19db): undefined reference to `asn1_write_value'
/usr/bin/ld: (.text+0x1ad6): undefined reference to `asn1_write_value'
/usr/bin/ld: (.text+0x1bef): undefined reference to `asn1_write_value'
/usr/bin/ld: (.text+0x1c40): undefined reference to `asn1_write_value'
/usr/bin/ld: /usr/lib/x86_64-linux-gnu/libgnutls.a(dn.o): in function `gnutls_x509_rdn_get_by_oid':
(.text+0x20a2): undefined reference to `asn1_create_element'
/usr/bin/ld: (.text+0x212b): undefined reference to `asn1_der_decoding2'
/usr/bin/ld: (.text+0x214e): undefined reference to `asn1_delete_structure'
/usr/bin/ld: (.text+0x219d): undefined reference to `asn1_delete_structure'
/usr/bin/ld: /usr/lib/x86_64-linux-gnu/libgnutls.a(dn.o): in function `gnutls_x509_rdn_get_oid':
(.text+0x22da): undefined reference to `asn1_create_element'
/usr/bin/ld: (.text+0x235b): undefined reference to `asn1_der_decoding2'
/usr/bin/ld: (.text+0x2378): undefined reference to `asn1_delete_structure'
/usr/bin/ld: (.text+0x23af): undefined reference to `asn1_delete_structure'
/usr/bin/ld: /usr/lib/x86_64-linux-gnu/libgnutls.a(extensions.o): in function `get_extension_oid':
(.text+0xfb): undefined reference to `asn1_read_value'
/usr/bin/ld: /usr/lib/x86_64-linux-gnu/libgnutls.a(extensions.o): in function `_gnutls_get_extension':
(.text+0x414): undefined reference to `asn1_read_value'
/usr/bin/ld: (.text+0x4f7): undefined reference to `asn1_read_value'
/usr/bin/ld: /usr/lib/x86_64-linux-gnu/libgnutls.a(extensions.o): in function `_gnutls_set_extension':
(.text+0x9b1): undefined reference to `asn1_read_value'
/usr/bin/ld: (.text+0xa04): undefined reference to `asn1_read_value'
/usr/bin/ld: (.text+0xac2): undefined reference to `asn1_write_value'
/usr/bin/ld: (.text+0xbc7): undefined reference to `asn1_write_value'
/usr/bin/ld: (.text+0xc1c): undefined reference to `asn1_write_value'
/usr/bin/ld: (.text+0xc85): undefined reference to `asn1_write_value'
/usr/bin/ld: /usr/lib/x86_64-linux-gnu/libgnutls.a(extensions.o): in function `_gnutls_x509_crq_set_extension':
(.text+0x10a1): undefined reference to `asn1_create_element'
/usr/bin/ld: (.text+0x10cf): undefined reference to `asn1_der_decoding2'
/usr/bin/ld: (.text+0x112f): undefined reference to `asn1_delete_structure'
/usr/bin/ld: (.text+0x1244): undefined reference to `asn1_delete_structure'
/usr/bin/ld: (.text+0x1283): undefined reference to `asn1_delete_structure'
/usr/bin/ld: /usr/lib/x86_64-linux-gnu/libgnutls.a(extensions.o): in function `_gnutls_x509_ext_extract_number':
(.text+0x1447): undefined reference to `asn1_create_element'
/usr/bin/ld: (.text+0x14c7): undefined reference to `asn1_der_decoding2'
/usr/bin/ld: (.text+0x14ea): undefined reference to `asn1_delete_structure'
/usr/bin/ld: (.text+0x1523): undefined reference to `asn1_read_value'
/usr/bin/ld: (.text+0x1552): undefined reference to `asn1_delete_structure'
/usr/bin/ld: /usr/lib/x86_64-linux-gnu/libgnutls.a(extensions.o): in function `_gnutls_x509_ext_gen_number':
(.text+0x161e): undefined reference to `asn1_create_element'
/usr/bin/ld: (.text+0x1695): undefined reference to `asn1_write_value'
/usr/bin/ld: (.text+0x16b6): undefined reference to `asn1_delete_structure'
/usr/bin/ld: (.text+0x16e0): undefined reference to `asn1_delete_structure'
/usr/bin/ld: /usr/lib/x86_64-linux-gnu/libgnutls.a(extensions.o): in function `_gnutls_write_general_name':
(.text+0x184a): undefined reference to `asn1_write_value'
/usr/bin/ld: (.text+0x1929): undefined reference to `asn1_write_value'
/usr/bin/ld: (.text+0x1954): undefined reference to `asn1_delete_structure'
/usr/bin/ld: /usr/lib/x86_64-linux-gnu/libgnutls.a(extensions.o): in function `_gnutls_write_new_general_name':
(.text+0x1a8a): undefined reference to `asn1_write_value'
/usr/bin/ld: /usr/lib/x86_64-linux-gnu/libgnutls.a(extensions.o): in function `_gnutls_write_new_othername':
(.text+0x1c27): undefined reference to `asn1_write_value'
/usr/bin/ld: (.text+0x1c7c): undefined reference to `asn1_write_value'
/usr/bin/ld: (.text+0x1d64): undefined reference to `asn1_write_value'
/usr/bin/ld: (.text+0x1de4): undefined reference to `asn1_write_value'
/usr/bin/ld: /usr/lib/x86_64-linux-gnu/libgnutls.a(key_decode.o): in function `_gnutls_x509_read_ecc_params':
(.text+0x57): undefined reference to `asn1_create_element'
/usr/bin/ld: (.text+0xcc): undefined reference to `asn1_der_decoding'
/usr/bin/ld: (.text+0x12a): undefined reference to `asn1_read_value'
/usr/bin/ld: (.text+0x14c): undefined reference to `asn1_delete_structure'
/usr/bin/ld: /usr/lib/x86_64-linux-gnu/libgnutls.a(key_decode.o): in function `_gnutls_x509_read_rsa_pss_params':
(.text+0x337): undefined reference to `asn1_create_element'
/usr/bin/ld: (.text+0x392): undefined reference to `asn1_delete_structure'
/usr/bin/ld: (.text+0x39a): undefined reference to `asn1_delete_structure'
/usr/bin/ld: (.text+0x400): undefined reference to `asn1_der_decoding2'
/usr/bin/ld: (.text+0x468): undefined reference to `asn1_read_value'
/usr/bin/ld: (.text+0x4b8): undefined reference to `asn1_read_value'
/usr/bin/ld: (.text+0x523): undefined reference to `asn1_create_element'
/usr/bin/ld: (.text+0x712): undefined reference to `asn1_der_decoding2'
/usr/bin/ld: (.text+0x7d7): undefined reference to `asn1_read_value'
/usr/bin/ld: /usr/lib/x86_64-linux-gnu/libgnutls.a(key_decode.o): in function `_gnutls_x509_read_gost_params':
(.text+0xae7): undefined reference to `asn1_create_element'
/usr/bin/ld: (.text+0xb70): undefined reference to `asn1_der_decoding2'
/usr/bin/ld: (.text+0xb9f): undefined reference to `asn1_delete_structure'
/usr/bin/ld: (.text+0xbd6): undefined reference to `asn1_read_value'
/usr/bin/ld: (.text+0xcb5): undefined reference to `asn1_read_value'
/usr/bin/ld: (.text+0xd3e): undefined reference to `asn1_read_value'
/usr/bin/ld: /usr/lib/x86_64-linux-gnu/libgnutls.a(key_decode.o): in function `_gnutls_x509_read_pubkey':
(.text+0xf16): undefined reference to `asn1_get_length_der'
/usr/bin/ld: (.text+0xfd1): undefined reference to `asn1_create_element'
/usr/bin/ld: (.text+0x11bb): undefined reference to `asn1_der_decoding'
/usr/bin/ld: (.text+0x11dc): undefined reference to `asn1_delete_structure'
/usr/bin/ld: (.text+0x1221): undefined reference to `asn1_delete_structure'
/usr/bin/ld: (.text+0x1270): undefined reference to `asn1_delete_structure'
/usr/bin/ld: /usr/lib/x86_64-linux-gnu/libgnutls.a(key_decode.o): in function `_gnutls_x509_read_pubkey_params':
(.text+0x15a9): undefined reference to `asn1_create_element'
/usr/bin/ld: (.text+0x1624): undefined reference to `asn1_der_decoding'
/usr/bin/ld: (.text+0x1647): undefined reference to `asn1_delete_structure'
/usr/bin/ld: (.text+0x16d7): undefined reference to `asn1_delete_structure'
/usr/bin/ld: (.text+0x1790): undefined reference to `asn1_delete_structure'
/usr/bin/ld: (.text+0x17dd): undefined reference to `asn1_delete_structure'
/usr/bin/ld: (.text+0x1811): undefined reference to `asn1_delete_structure'
/usr/bin/ld: /usr/lib/x86_64-linux-gnu/libgnutls.a(key_encode.o):(.text+0x84): more undefined references to `asn1_delete_structure' follow
/usr/bin/ld: /usr/lib/x86_64-linux-gnu/libgnutls.a(key_encode.o): in function `_gnutls_asn1_encode_rsa':
(.text+0xa5): undefined reference to `asn1_create_element'
/usr/bin/ld: (.text+0xd9): undefined reference to `asn1_delete_structure2'
/usr/bin/ld: (.text+0x23f): undefined reference to `asn1_write_value'
/usr/bin/ld: (.text+0x449): undefined reference to `asn1_write_value'
/usr/bin/ld: /usr/lib/x86_64-linux-gnu/libgnutls.a(key_encode.o): in function `_gnutls_x509_write_pubkey':
(.text+0x742): undefined reference to `asn1_length_der'
/usr/bin/ld: (.text+0x83c): undefined reference to `asn1_create_element'
/usr/bin/ld: (.text+0x99a): undefined reference to `asn1_delete_structure'
/usr/bin/ld: (.text+0x9e1): undefined reference to `asn1_create_element'
/usr/bin/ld: /usr/lib/x86_64-linux-gnu/libgnutls.a(key_encode.o): in function `_gnutls_x509_write_ecc_params':
(.text+0xec7): undefined reference to `asn1_create_element'
/usr/bin/ld: (.text+0xf46): undefined reference to `asn1_write_value'
/usr/bin/ld: (.text+0xf75): undefined reference to `asn1_delete_structure'
/usr/bin/ld: (.text+0xf90): undefined reference to `asn1_write_value'
/usr/bin/ld: /usr/lib/x86_64-linux-gnu/libgnutls.a(key_encode.o): in function `_gnutls_x509_write_rsa_pss_params':
(.text+0x11b1): undefined reference to `asn1_create_element'
/usr/bin/ld: (.text+0x1204): undefined reference to `asn1_delete_structure'
/usr/bin/ld: (.text+0x120c): undefined reference to `asn1_delete_structure'
/usr/bin/ld: (.text+0x1258): undefined reference to `asn1_write_value'
/usr/bin/ld: (.text+0x12c8): undefined reference to `asn1_write_value'
/usr/bin/ld: (.text+0x1308): undefined reference to `asn1_write_value'
/usr/bin/ld: (.text+0x1379): undefined reference to `asn1_create_element'
/usr/bin/ld: (.text+0x1424): undefined reference to `asn1_write_value'
/usr/bin/ld: (.text+0x146d): undefined reference to `asn1_write_value'
/usr/bin/ld: (.text+0x14d8): undefined reference to `asn1_write_value'
/usr/bin/ld: /usr/lib/x86_64-linux-gnu/libgnutls.a(key_encode.o): in function `_gnutls_x509_write_pubkey_params':
(.text+0x17d5): undefined reference to `asn1_create_element'
/usr/bin/ld: (.text+0x18cc): undefined reference to `asn1_delete_structure'
/usr/bin/ld: (.text+0x1941): undefined reference to `asn1_create_element'
/usr/bin/ld: (.text+0x199c): undefined reference to `asn1_write_value'
/usr/bin/ld: (.text+0x19ff): undefined reference to `asn1_write_value'
/usr/bin/ld: (.text+0x1c68): undefined reference to `asn1_write_value'
/usr/bin/ld: /usr/lib/x86_64-linux-gnu/libgnutls.a(key_encode.o): in function `_gnutls_asn1_encode_privkey':
(.text+0x1f24): undefined reference to `asn1_delete_structure'
/usr/bin/ld: (.text+0x1f44): undefined reference to `asn1_create_element'
/usr/bin/ld: (.text+0x1f8b): undefined reference to `asn1_delete_structure2'
/usr/bin/ld: (.text+0x1fe7): undefined reference to `asn1_delete_structure'
/usr/bin/ld: (.text+0x2007): undefined reference to `asn1_create_element'
/usr/bin/ld: (.text+0x2042): undefined reference to `asn1_delete_structure2'
/usr/bin/ld: (.text+0x208e): undefined reference to `asn1_delete_structure'
/usr/bin/ld: (.text+0x20ae): undefined reference to `asn1_create_element'
/usr/bin/ld: (.text+0x21df): undefined reference to `asn1_write_value'
/usr/bin/ld: (.text+0x2244): undefined reference to `asn1_write_value'
/usr/bin/ld: (.text+0x23af): undefined reference to `asn1_write_value'
/usr/bin/ld: (.text+0x23d7): undefined reference to `asn1_write_value'
/usr/bin/ld: (.text+0x248b): undefined reference to `asn1_write_value'
/usr/bin/ld: /usr/lib/x86_64-linux-gnu/libgnutls.a(key_encode.o):(.text+0x24fa): more undefined references to `asn1_write_value' follow
/usr/bin/ld: /usr/lib/x86_64-linux-gnu/libgnutls.a(lt1-mpi.o): in function `_gnutls_x509_read_der_int':
(.text+0x2ee): undefined reference to `asn1_create_element'
/usr/bin/ld: (.text+0x35f): undefined reference to `asn1_der_decoding2'
/usr/bin/ld: (.text+0x380): undefined reference to `asn1_delete_structure'
/usr/bin/ld: (.text+0x3ab): undefined reference to `asn1_delete_structure'
/usr/bin/ld: (.text+0x3f4): undefined reference to `asn1_delete_structure'
/usr/bin/ld: /usr/lib/x86_64-linux-gnu/libgnutls.a(lt1-mpi.o): in function `_gnutls_x509_read_pkalgo_params':
(.text+0x8b9): undefined reference to `asn1_read_value'
/usr/bin/ld: /usr/lib/x86_64-linux-gnu/libgnutls.a(lt1-mpi.o): in function `_gnutls_x509_read_uint':
(.text+0xc9e): undefined reference to `asn1_read_value'
/usr/bin/ld: (.text+0xd16): undefined reference to `asn1_read_value'
/usr/bin/ld: /usr/lib/x86_64-linux-gnu/libgnutls.a(lt1-mpi.o): in function `_gnutls_x509_read_der_uint':
(.text+0xede): undefined reference to `asn1_create_element'
/usr/bin/ld: (.text+0xf4f): undefined reference to `asn1_der_decoding2'
/usr/bin/ld: (.text+0xf70): undefined reference to `asn1_delete_structure'
/usr/bin/ld: (.text+0xf9b): undefined reference to `asn1_delete_structure'
/usr/bin/ld: (.text+0xfe4): undefined reference to `asn1_delete_structure'
/usr/bin/ld: /usr/lib/x86_64-linux-gnu/libgnutls.a(lt1-mpi.o): in function `_gnutls_x509_write_uint32':
(.text+0x1093): undefined reference to `asn1_write_value'
/usr/bin/ld: (.text+0x10c2): undefined reference to `asn1_write_value'
/usr/bin/ld: /usr/lib/x86_64-linux-gnu/libgnutls.a(ocsp.o): in function `gnutls_ocsp_req_init':
(.text+0x1f0): undefined reference to `asn1_create_element'
/usr/bin/ld: /usr/lib/x86_64-linux-gnu/libgnutls.a(ocsp.o): in function `gnutls_ocsp_req_deinit':
(.text+0x2ac): undefined reference to `asn1_delete_structure'
/usr/bin/ld: /usr/lib/x86_64-linux-gnu/libgnutls.a(ocsp.o): in function `gnutls_ocsp_resp_init':
(.text+0x32e): undefined reference to `asn1_create_element'
/usr/bin/ld: (.text+0x39f): undefined reference to `asn1_create_element'
/usr/bin/ld: (.text+0x400): undefined reference to `asn1_delete_structure'
/usr/bin/ld: /usr/lib/x86_64-linux-gnu/libgnutls.a(ocsp.o): in function `gnutls_ocsp_resp_deinit':
(.text+0x46a): undefined reference to `asn1_delete_structure'
/usr/bin/ld: (.text+0x491): undefined reference to `asn1_delete_structure'
/usr/bin/ld: /usr/lib/x86_64-linux-gnu/libgnutls.a(ocsp.o): in function `gnutls_ocsp_req_import':
(.text+0x532): undefined reference to `asn1_der_decoding2'
/usr/bin/ld: (.text+0x561): undefined reference to `asn1_delete_structure'
/usr/bin/ld: (.text+0x57a): undefined reference to `asn1_create_element'
/usr/bin/ld: /usr/lib/x86_64-linux-gnu/libgnutls.a(ocsp.o): in function `gnutls_ocsp_req_add_cert_id':
(.text+0xcdd): undefined reference to `asn1_write_value'
/usr/bin/ld: (.text+0xd33): undefined reference to `asn1_write_value'
/usr/bin/ld: (.text+0xd9f): undefined reference to `asn1_write_value'
/usr/bin/ld: (.text+0xddb): undefined reference to `asn1_write_value'
/usr/bin/ld: (.text+0xe3a): undefined reference to `asn1_write_value'
/usr/bin/ld: /usr/lib/x86_64-linux-gnu/libgnutls.a(ocsp.o):(.text+0xec2): more undefined references to `asn1_write_value' follow
/usr/bin/ld: /usr/lib/x86_64-linux-gnu/libgnutls.a(ocsp.o): in function `gnutls_ocsp_req_get_extension':
(.text+0x130d): undefined reference to `asn1_read_value'
/usr/bin/ld: /usr/lib/x86_64-linux-gnu/libgnutls.a(ocsp.o): in function `gnutls_ocsp_req_export':
(.text+0x15aa): undefined reference to `asn1_write_value'
/usr/bin/ld: (.text+0x15bd): undefined reference to `asn1_write_value'
/usr/bin/ld: (.text+0x15ff): undefined reference to `asn1_write_value'
/usr/bin/ld: /usr/lib/x86_64-linux-gnu/libgnutls.a(ocsp.o): in function `gnutls_ocsp_req_set_nonce':
(.text+0x18ac): undefined reference to `asn1_length_der'
/usr/bin/ld: /usr/lib/x86_64-linux-gnu/libgnutls.a(ocsp.o): in function `gnutls_ocsp_resp_get_status':
(.text+0x1b6f): undefined reference to `asn1_read_value'
/usr/bin/ld: /usr/lib/x86_64-linux-gnu/libgnutls.a(ocsp.o): in function `gnutls_ocsp_resp_import2':
(.text+0x1d11): undefined reference to `asn1_delete_structure'
/usr/bin/ld: (.text+0x1d21): undefined reference to `asn1_delete_structure'
/usr/bin/ld: (.text+0x1d3a): undefined reference to `asn1_create_element'
/usr/bin/ld: (.text+0x1db7): undefined reference to `asn1_create_element'
/usr/bin/ld: (.text+0x1dff): undefined reference to `asn1_der_decoding2'
/usr/bin/ld: (.text+0x1eb1): undefined reference to `asn1_delete_structure'
/usr/bin/ld: (.text+0x1fa5): undefined reference to `asn1_der_decoding2'
/usr/bin/ld: /usr/lib/x86_64-linux-gnu/libgnutls.a(ocsp.o): in function `gnutls_ocsp_resp_get_responder_raw_id':
(.text+0x236c): undefined reference to `asn1_get_length_der'
/usr/bin/ld: /usr/lib/x86_64-linux-gnu/libgnutls.a(ocsp.o): in function `gnutls_ocsp_resp_get_produced':
(.text+0x24d4): undefined reference to `asn1_read_value'
/usr/bin/ld: /usr/lib/x86_64-linux-gnu/libgnutls.a(ocsp.o): in function `gnutls_ocsp_resp_get_single':
(.text+0x2673): undefined reference to `asn1_read_value'
/usr/bin/ld: (.text+0x27b1): undefined reference to `asn1_read_value'
/usr/bin/ld: (.text+0x2ad9): undefined reference to `asn1_read_value'
/usr/bin/ld: (.text+0x2b84): undefined reference to `asn1_read_value'
/usr/bin/ld: /usr/lib/x86_64-linux-gnu/libgnutls.a(ocsp.o):(.text+0x2c0c): more undefined references to `asn1_read_value' follow
/usr/bin/ld: /usr/lib/x86_64-linux-gnu/libgnutls.a(ocsp.o): in function `find_signercert':
(.text+0x476f): undefined reference to `asn1_get_length_der'
/usr/bin/ld: /usr/lib/x86_64-linux-gnu/libgnutls.a(output.o): in function `print_extension':
(.text+0x4efe): undefined reference to `asn1_create_element'
/usr/bin/ld: (.text+0x4f24): undefined reference to `asn1_delete_structure'
/usr/bin/ld: (.text+0x5051): undefined reference to `asn1_der_decoding2'
/usr/bin/ld: (.text+0x5408): undefined reference to `asn1_delete_structure'
/usr/bin/ld: /usr/lib/x86_64-linux-gnu/libgnutls.a(pkcs12.o): in function `pkcs12_reinit':
(.text+0x13): undefined reference to `asn1_delete_structure'
/usr/bin/ld: (.text+0x2c): undefined reference to `asn1_create_element'
/usr/bin/ld: /usr/lib/x86_64-linux-gnu/libgnutls.a(pkcs12.o): in function `_decode_pkcs12_auth_safe':
(.text+0x10f): undefined reference to `asn1_read_value'
/usr/bin/ld: (.text+0x176): undefined reference to `asn1_create_element'
/usr/bin/ld: (.text+0x1d2): undefined reference to `asn1_delete_structure'
/usr/bin/ld: (.text+0x25b): undefined reference to `asn1_der_decoding'
/usr/bin/ld: (.text+0x37c): undefined reference to `asn1_delete_structure'
/usr/bin/ld: /usr/lib/x86_64-linux-gnu/libgnutls.a(pkcs12.o): in function `gnutls_pkcs12_deinit':
(.text+0x68c): undefined reference to `asn1_delete_structure'
/usr/bin/ld: /usr/lib/x86_64-linux-gnu/libgnutls.a(pkcs12.o): in function `gnutls_pkcs12_import':
(.text+0x72d): undefined reference to `asn1_der_decoding'
/usr/bin/ld: /usr/lib/x86_64-linux-gnu/libgnutls.a(pkcs12.o): in function `_pkcs12_decode_safe_contents':
(.text+0xa96): undefined reference to `asn1_create_element'
/usr/bin/ld: (.text+0xadb): undefined reference to `asn1_delete_structure'
/usr/bin/ld: (.text+0xb33): undefined reference to `asn1_der_decoding'
/usr/bin/ld: (.text+0xb76): undefined reference to `asn1_number_of_elements'
/usr/bin/ld: (.text+0xc57): undefined reference to `asn1_read_value'
/usr/bin/ld: (.text+0xd56): undefined reference to `asn1_number_of_elements'
/usr/bin/ld: /usr/lib/x86_64-linux-gnu/libgnutls.a(pkcs12.o): in function `gnutls_pkcs12_get_bag':
(.text+0x13c8): undefined reference to `asn1_read_value'
/usr/bin/ld: (.text+0x1415): undefined reference to `asn1_delete_structure'
/usr/bin/ld: /usr/lib/x86_64-linux-gnu/libgnutls.a(pkcs12.o): in function `gnutls_pkcs12_generate_mac2':
(.text+0x1747): undefined reference to `asn1_write_value'
/usr/bin/ld: (.text+0x18ab): undefined reference to `asn1_write_value'
/usr/bin/ld: (.text+0x19e8): undefined reference to `asn1_write_value'
/usr/bin/ld: (.text+0x1b35): undefined reference to `asn1_write_value'
/usr/bin/ld: /usr/lib/x86_64-linux-gnu/libgnutls.a(pkcs12.o): in function `gnutls_pkcs12_verify_mac':
(.text+0x1d31): undefined reference to `asn1_read_value'
/usr/bin/ld: (.text+0x1eaa): undefined reference to `asn1_read_value'
/usr/bin/ld: /usr/lib/x86_64-linux-gnu/libgnutls.a(pkcs12.o): in function `_pkcs12_encode_safe_contents':
(.text+0x22b4): undefined reference to `asn1_create_element'
/usr/bin/ld: (.text+0x2332): undefined reference to `asn1_write_value'
/usr/bin/ld: (.text+0x2355): undefined reference to `asn1_write_value'
/usr/bin/ld: (.text+0x23a1): undefined reference to `asn1_write_value'
/usr/bin/ld: (.text+0x25ab): undefined reference to `asn1_write_value'
/usr/bin/ld: (.text+0x26ac): undefined reference to `asn1_delete_structure'
/usr/bin/ld: (.text+0x26fb): undefined reference to `asn1_write_value'
/usr/bin/ld: /usr/lib/x86_64-linux-gnu/libgnutls.a(pkcs12.o): in function `gnutls_pkcs12_set_bag':
(.text+0x2a87): undefined reference to `asn1_read_value'
/usr/bin/ld: (.text+0x2aea): undefined reference to `asn1_write_value'
/usr/bin/ld: (.text+0x2b1c): undefined reference to `asn1_write_value'
/usr/bin/ld: (.text+0x2b4c): undefined reference to `asn1_write_value'
/usr/bin/ld: (.text+0x2b60): undefined reference to `asn1_delete_structure'
/usr/bin/ld: (.text+0x2b8e): undefined reference to `asn1_delete_structure'
/usr/bin/ld: (.text+0x2c33): undefined reference to `asn1_write_value'
/usr/bin/ld: (.text+0x2c6c): undefined reference to `asn1_delete_structure'
/usr/bin/ld: (.text+0x2c9f): undefined reference to `asn1_write_value'
/usr/bin/ld: (.text+0x2d1f): undefined reference to `asn1_delete_structure'
/usr/bin/ld: (.text+0x2d28): undefined reference to `asn1_delete_structure'
/usr/bin/ld: (.text+0x2d5f): undefined reference to `asn1_write_value'
/usr/bin/ld: (.text+0x2d99): undefined reference to `asn1_create_element'
/usr/bin/ld: (.text+0x2e8f): undefined reference to `asn1_delete_structure'
/usr/bin/ld: /usr/lib/x86_64-linux-gnu/libgnutls.a(pkcs12_bag.o): in function `_pkcs12_decode_crt_bag':
(.text+0x2c0): undefined reference to `asn1_create_element'
/usr/bin/ld: (.text+0x329): undefined reference to `asn1_create_element'
/usr/bin/ld: (.text+0x369): undefined reference to `asn1_create_element'
/usr/bin/ld: (.text+0x3ab): undefined reference to `asn1_delete_structure'
/usr/bin/ld: (.text+0x3d2): undefined reference to `asn1_delete_structure'
/usr/bin/ld: (.text+0x40c): undefined reference to `asn1_der_decoding'
/usr/bin/ld: (.text+0x45c): undefined reference to `asn1_der_decoding'
/usr/bin/ld: (.text+0x4ac): undefined reference to `asn1_der_decoding'
/usr/bin/ld: (.text+0x50e): undefined reference to `asn1_delete_structure'
/usr/bin/ld: /usr/lib/x86_64-linux-gnu/libgnutls.a(pkcs12_bag.o): in function `_pkcs12_encode_crt_bag':
(.text+0x680): undefined reference to `asn1_create_element'
/usr/bin/ld: (.text+0x6e9): undefined reference to `asn1_create_element'
/usr/bin/ld: (.text+0x729): undefined reference to `asn1_create_element'
/usr/bin/ld: (.text+0x76c): undefined reference to `asn1_delete_structure'
/usr/bin/ld: (.text+0x792): undefined reference to `asn1_delete_structure'
/usr/bin/ld: (.text+0x7d8): undefined reference to `asn1_write_value'
/usr/bin/ld: (.text+0x820): undefined reference to `asn1_write_value'
/usr/bin/ld: (.text+0x868): undefined reference to `asn1_write_value'
/usr/bin/ld: (.text+0x8d7): undefined reference to `asn1_delete_structure'
/usr/bin/ld: /usr/lib/x86_64-linux-gnu/libgnutls.a(pkcs12_bag.o): in function `gnutls_pkcs12_bag_encrypt':
(.text+0x1292): undefined reference to `asn1_delete_structure'
/usr/bin/ld: /usr/lib/x86_64-linux-gnu/libgnutls.a(pkcs7-crypt.o): in function `_gnutls_read_pkcs_schema_params':
(.text+0x37c): undefined reference to `asn1_create_element'
/usr/bin/ld: (.text+0x3b8): undefined reference to `asn1_delete_structure'
/usr/bin/ld: (.text+0x40d): undefined reference to `asn1_der_decoding2'
/usr/bin/ld: (.text+0x46f): undefined reference to `asn1_create_element'
/usr/bin/ld: (.text+0x543): undefined reference to `asn1_read_value'
/usr/bin/ld: (.text+0x633): undefined reference to `asn1_delete_structure'
/usr/bin/ld: (.text+0x676): undefined reference to `asn1_der_decoding2'
/usr/bin/ld: (.text+0x7a2): undefined reference to `asn1_read_value'
/usr/bin/ld: (.text+0x82d): undefined reference to `asn1_der_decoding_startEnd'
/usr/bin/ld: (.text+0xaa3): undefined reference to `asn1_read_value'
/usr/bin/ld: (.text+0xaf4): undefined reference to `asn1_der_decoding_startEnd'
/usr/bin/ld: (.text+0xb7b): undefined reference to `asn1_create_element'
/usr/bin/ld: (.text+0xc3e): undefined reference to `asn1_create_element'
/usr/bin/ld: (.text+0xd81): undefined reference to `asn1_delete_structure2'
/usr/bin/ld: (.text+0xdf2): undefined reference to `asn1_der_decoding2'
/usr/bin/ld: (.text+0xe2e): undefined reference to `asn1_delete_structure'
/usr/bin/ld: (.text+0xe94): undefined reference to `asn1_create_element'
/usr/bin/ld: (.text+0xf54): undefined reference to `asn1_read_value'
/usr/bin/ld: (.text+0x1051): undefined reference to `asn1_delete_structure'
/usr/bin/ld: (.text+0x1106): undefined reference to `asn1_der_decoding2'
/usr/bin/ld: (.text+0x1141): undefined reference to `asn1_delete_structure'
/usr/bin/ld: (.text+0x117f): undefined reference to `asn1_der_decoding2'
/usr/bin/ld: (.text+0x11b6): undefined reference to `asn1_delete_structure'
/usr/bin/ld: (.text+0x11d9): undefined reference to `asn1_delete_structure'
/usr/bin/ld: (.text+0x12a8): undefined reference to `asn1_read_value'
/usr/bin/ld: (.text+0x12da): undefined reference to `asn1_delete_structure'
/usr/bin/ld: (.text+0x130a): undefined reference to `asn1_read_value'
/usr/bin/ld: (.text+0x1328): undefined reference to `asn1_delete_structure'
/usr/bin/ld: (.text+0x1391): undefined reference to `asn1_delete_structure'
/usr/bin/ld: (.text+0x13f5): undefined reference to `asn1_delete_structure'
/usr/bin/ld: (.text+0x165f): undefined reference to `asn1_delete_structure'
/usr/bin/ld: (.text+0x16b2): undefined reference to `asn1_read_value'
/usr/bin/ld: (.text+0x16fa): undefined reference to `asn1_delete_structure'
/usr/bin/ld: (.text+0x182c): undefined reference to `asn1_delete_structure'
/usr/bin/ld: /usr/lib/x86_64-linux-gnu/libgnutls.a(pkcs7-crypt.o): in function `_gnutls_pkcs7_data_enc_info':
(.text+0x1995): undefined reference to `asn1_create_element'
/usr/bin/ld: (.text+0x19c8): undefined reference to `asn1_delete_structure'
/usr/bin/ld: (.text+0x19d5): undefined reference to `asn1_delete_structure2'
/usr/bin/ld: (.text+0x1a24): undefined reference to `asn1_der_decoding'
/usr/bin/ld: (.text+0x1a89): undefined reference to `asn1_read_value'
/usr/bin/ld: (.text+0x1af1): undefined reference to `asn1_der_decoding_startEnd'
/usr/bin/ld: /usr/lib/x86_64-linux-gnu/libgnutls.a(pkcs7-crypt.o): in function `_gnutls_pkcs7_decrypt_data':
(.text+0x2572): undefined reference to `asn1_create_element'
/usr/bin/ld: (.text+0x25a7): undefined reference to `asn1_delete_structure'
/usr/bin/ld: (.text+0x25b4): undefined reference to `asn1_delete_structure2'
/usr/bin/ld: (.text+0x25ff): undefined reference to `asn1_der_decoding'
/usr/bin/ld: (.text+0x2672): undefined reference to `asn1_read_value'
/usr/bin/ld: (.text+0x26ee): undefined reference to `asn1_der_decoding_startEnd'
/usr/bin/ld: (.text+0x27b1): undefined reference to `asn1_delete_structure2'
/usr/bin/ld: /usr/lib/x86_64-linux-gnu/libgnutls.a(pkcs7-crypt.o): in function `_gnutls_pkcs_write_schema_params':
(.text+0x2dd3): undefined reference to `asn1_create_element'
/usr/bin/ld: (.text+0x2e48): undefined reference to `asn1_create_element'
/usr/bin/ld: (.text+0x2e87): undefined reference to `asn1_delete_structure'
/usr/bin/ld: (.text+0x2ebb): undefined reference to `asn1_write_value'
/usr/bin/ld: (.text+0x2f31): undefined reference to `asn1_delete_structure'
/usr/bin/ld: (.text+0x2f6d): undefined reference to `asn1_write_value'
/usr/bin/ld: (.text+0x3005): undefined reference to `asn1_create_element'
/usr/bin/ld: (.text+0x3041): undefined reference to `asn1_write_value'
/usr/bin/ld: (.text+0x3077): undefined reference to `asn1_write_value'
/usr/bin/ld: (.text+0x30c7): undefined reference to `asn1_delete_structure'
/usr/bin/ld: (.text+0x3150): undefined reference to `asn1_write_value'
/usr/bin/ld: (.text+0x3180): undefined reference to `asn1_delete_structure'
/usr/bin/ld: (.text+0x3200): undefined reference to `asn1_create_element'
/usr/bin/ld: (.text+0x325b): undefined reference to `asn1_write_value'
/usr/bin/ld: (.text+0x32a3): undefined reference to `asn1_delete_structure'
/usr/bin/ld: (.text+0x33d4): undefined reference to `asn1_write_value'
/usr/bin/ld: (.text+0x340a): undefined reference to `asn1_delete_structure'
/usr/bin/ld: (.text+0x3430): undefined reference to `asn1_write_value'
/usr/bin/ld: (.text+0x3479): undefined reference to `asn1_write_value'
/usr/bin/ld: (.text+0x34a5): undefined reference to `asn1_write_value'
/usr/bin/ld: (.text+0x34f9): undefined reference to `asn1_delete_structure'
/usr/bin/ld: (.text+0x36b8): undefined reference to `asn1_delete_structure'
/usr/bin/ld: (.text+0x37e1): undefined reference to `asn1_write_value'
/usr/bin/ld: (.text+0x38ff): undefined reference to `asn1_delete_structure'
/usr/bin/ld: (.text+0x39ba): undefined reference to `asn1_delete_structure'
/usr/bin/ld: (.text+0x3a23): undefined reference to `asn1_delete_structure'
/usr/bin/ld: (.text+0x3a62): undefined reference to `asn1_delete_structure'
/usr/bin/ld: /usr/lib/x86_64-linux-gnu/libgnutls.a(pkcs7-crypt.o): in function `_gnutls_pkcs7_encrypt_data':
(.text+0x3e73): undefined reference to `asn1_create_element'
/usr/bin/ld: (.text+0x3f0b): undefined reference to `asn1_delete_structure2'
/usr/bin/ld: (.text+0x3f58): undefined reference to `asn1_write_value'
/usr/bin/ld: (.text+0x407b): undefined reference to `asn1_write_value'
/usr/bin/ld: (.text+0x4120): undefined reference to `asn1_write_value'
/usr/bin/ld: (.text+0x42aa): undefined reference to `asn1_write_value'
/usr/bin/ld: (.text+0x4319): undefined reference to `asn1_delete_structure2'
/usr/bin/ld: /usr/lib/x86_64-linux-gnu/libgnutls.a(lt2-privkey.o): in function `decode_dsa_key':
(.text+0x56): undefined reference to `asn1_create_element'
/usr/bin/ld: (.text+0x8f): undefined reference to `asn1_der_decoding2'
/usr/bin/ld: (.text+0x188): undefined reference to `asn1_read_value'
/usr/bin/ld: (.text+0x1bf): undefined reference to `asn1_delete_structure2'
/usr/bin/ld: /usr/lib/x86_64-linux-gnu/libgnutls.a(lt2-privkey.o): in function `_gnutls_x509_privkey_reinit':
(.text+0x493): undefined reference to `asn1_delete_structure2'
/usr/bin/ld: /usr/lib/x86_64-linux-gnu/libgnutls.a(lt2-privkey.o): in function `_gnutls_privkey_decode_pkcs1_rsa_key':
(.text+0x617): undefined reference to `asn1_create_element'
/usr/bin/ld: (.text+0x63f): undefined reference to `asn1_der_decoding2'
/usr/bin/ld: (.text+0x797): undefined reference to `asn1_delete_structure2'
/usr/bin/ld: /usr/lib/x86_64-linux-gnu/libgnutls.a(lt2-privkey.o): in function `_gnutls_privkey_decode_ecc_key':
(.text+0x9a1): undefined reference to `asn1_create_element'
/usr/bin/ld: (.text+0xa2b): undefined reference to `asn1_der_decoding2'
/usr/bin/ld: (.text+0xa63): undefined reference to `asn1_delete_structure2'
/usr/bin/ld: (.text+0xc53): undefined reference to `asn1_read_value'
/usr/bin/ld: /usr/lib/x86_64-linux-gnu/libgnutls.a(lt2-privkey.o): in function `gnutls_x509_privkey_fix':
(.text+0x43ed): undefined reference to `asn1_delete_structure2'
/usr/bin/ld: /usr/lib/x86_64-linux-gnu/libgnutls.a(privkey_pkcs8.o): in function `encode_to_pkcs8_key':
(.text+0x1cf): undefined reference to `asn1_create_element'
/usr/bin/ld: (.text+0x248): undefined reference to `asn1_write_value'
/usr/bin/ld: (.text+0x2e4): undefined reference to `asn1_delete_structure2'
/usr/bin/ld: (.text+0x39b): undefined reference to `asn1_write_value'
/usr/bin/ld: /usr/lib/x86_64-linux-gnu/libgnutls.a(privkey_pkcs8.o): in function `encode_to_private_key_info.constprop.0':
(.text+0x68e): undefined reference to `asn1_create_element'
/usr/bin/ld: (.text+0x6d6): undefined reference to `asn1_delete_structure2'
/usr/bin/ld: (.text+0x745): undefined reference to `asn1_write_value'
/usr/bin/ld: (.text+0x7e4): undefined reference to `asn1_write_value'
/usr/bin/ld: (.text+0x83b): undefined reference to `asn1_write_value'
/usr/bin/ld: (.text+0x95b): undefined reference to `asn1_create_element'
/usr/bin/ld: (.text+0x9bb): undefined reference to `asn1_write_value'
/usr/bin/ld: (.text+0xa22): undefined reference to `asn1_write_value'
/usr/bin/ld: (.text+0xa5d): undefined reference to `asn1_der_coding'
/usr/bin/ld: (.text+0xb82): undefined reference to `asn1_delete_structure2'
/usr/bin/ld: (.text+0xb8a): undefined reference to `asn1_delete_structure'
/usr/bin/ld: (.text+0xbe4): undefined reference to `asn1_create_element'
/usr/bin/ld: (.text+0xc75): undefined reference to `asn1_der_coding'
/usr/bin/ld: (.text+0xd3f): undefined reference to `asn1_delete_structure2'
/usr/bin/ld: /usr/lib/x86_64-linux-gnu/libgnutls.a(privkey_pkcs8.o): in function `decode_private_key_info':
(.text+0x1080): undefined reference to `asn1_create_element'
/usr/bin/ld: (.text+0x10b9): undefined reference to `asn1_delete_structure2'
/usr/bin/ld: (.text+0x1113): undefined reference to `asn1_der_decoding2'
/usr/bin/ld: (.text+0x1172): undefined reference to `asn1_read_value'
/usr/bin/ld: (.text+0x1247): undefined reference to `asn1_read_value'
/usr/bin/ld: (.text+0x14c3): undefined reference to `asn1_read_value'
/usr/bin/ld: (.text+0x1965): undefined reference to `asn1_create_element'
/usr/bin/ld: (.text+0x2120): undefined reference to `asn1_der_decoding2'
/usr/bin/ld: (.text+0x216e): undefined reference to `asn1_delete_structure2'
/usr/bin/ld: (.text+0x225e): undefined reference to `asn1_delete_structure2'
/usr/bin/ld: (.text+0x2298): undefined reference to `asn1_create_element'
/usr/bin/ld: (.text+0x2447): undefined reference to `asn1_der_decoding2'
/usr/bin/ld: /usr/lib/x86_64-linux-gnu/libgnutls.a(privkey_pkcs8.o): in function `pkcs8_key_decrypt':
(.text+0x26fa): undefined reference to `asn1_read_value'
/usr/bin/ld: (.text+0x2777): undefined reference to `asn1_der_decoding_startEnd'
/usr/bin/ld: /usr/lib/x86_64-linux-gnu/libgnutls.a(privkey_pkcs8.o): in function `pkcs8_key_decode':
(.text+0x2a9e): undefined reference to `asn1_create_element'
/usr/bin/ld: (.text+0x2ad3): undefined reference to `asn1_delete_structure2'
/usr/bin/ld: (.text+0x2b2a): undefined reference to `asn1_der_decoding2'
/usr/bin/ld: /usr/lib/x86_64-linux-gnu/libgnutls.a(privkey_pkcs8.o): in function `gnutls_x509_privkey_export_pkcs8':
(.text+0x2c4b): undefined reference to `asn1_delete_structure2'
/usr/bin/ld: (.text+0x2cc9): undefined reference to `asn1_delete_structure2'
/usr/bin/ld: (.text+0x2d4b): undefined reference to `asn1_delete_structure2'
/usr/bin/ld: /usr/lib/x86_64-linux-gnu/libgnutls.a(privkey_pkcs8.o): in function `gnutls_pkcs8_info':
(.text+0x2eea): undefined reference to `asn1_create_element'
/usr/bin/ld: (.text+0x2f3d): undefined reference to `asn1_create_element'
/usr/bin/ld: (.text+0x2f75): undefined reference to `asn1_delete_structure2'
/usr/bin/ld: (.text+0x3006): undefined reference to `asn1_der_decoding2'
/usr/bin/ld: (.text+0x301e): undefined reference to `asn1_delete_structure2'
/usr/bin/ld: (.text+0x3062): undefined reference to `asn1_der_decoding2'
/usr/bin/ld: (.text+0x30c3): undefined reference to `asn1_delete_structure2'
/usr/bin/ld: (.text+0x3161): undefined reference to `asn1_read_value'
/usr/bin/ld: (.text+0x31ce): undefined reference to `asn1_der_decoding_startEnd'
/usr/bin/ld: (.text+0x3254): undefined reference to `asn1_delete_structure2'
/usr/bin/ld: (.text+0x32d4): undefined reference to `asn1_delete_structure2'
/usr/bin/ld: (.text+0x32f3): undefined reference to `asn1_delete_structure2'
/usr/bin/ld: (.text+0x336c): undefined reference to `asn1_delete_structure2'
/usr/bin/ld: (.text+0x34a9): undefined reference to `asn1_delete_structure2'
/usr/bin/ld: /usr/lib/x86_64-linux-gnu/libgnutls.a(privkey_pkcs8.o):(.text+0x3559): more undefined references to `asn1_delete_structure2' follow
/usr/bin/ld: /usr/lib/x86_64-linux-gnu/libgnutls.a(privkey_pkcs8_pbes1.o): in function `_gnutls_read_pbkdf1_params':
(.text+0xa9): undefined reference to `asn1_create_element'
/usr/bin/ld: (.text+0x12a): undefined reference to `asn1_der_decoding2'
/usr/bin/ld: (.text+0x15f): undefined reference to `asn1_delete_structure2'
/usr/bin/ld: (.text+0x261): undefined reference to `asn1_read_value'
/usr/bin/ld: /usr/lib/x86_64-linux-gnu/libgnutls.a(privkey_pkcs8_pbes1.o): in function `_gnutls_decrypt_pbes1_des_md5_data':
(.text+0x39b): undefined reference to `nettle_md5_init'
/usr/bin/ld: (.text+0x3b1): undefined reference to `nettle_md5_update'
/usr/bin/ld: (.text+0x3c5): undefined reference to `nettle_md5_update'
/usr/bin/ld: (.text+0x3d5): undefined reference to `nettle_md5_digest'
/usr/bin/ld: (.text+0x3e4): undefined reference to `nettle_md5_init'
/usr/bin/ld: (.text+0x3f4): undefined reference to `nettle_md5_update'
/usr/bin/ld: (.text+0x404): undefined reference to `nettle_md5_digest'
/usr/bin/ld: /usr/lib/x86_64-linux-gnu/libgnutls.a(prov-seed.o): in function `_x509_encode_provable_seed':
(.text+0x5a): undefined reference to `asn1_create_element'
/usr/bin/ld: (.text+0xdc): undefined reference to `asn1_write_value'
/usr/bin/ld: (.text+0x10d): undefined reference to `asn1_delete_structure2'
/usr/bin/ld: (.text+0x134): undefined reference to `asn1_write_value'
/usr/bin/ld: /usr/lib/x86_64-linux-gnu/libgnutls.a(prov-seed.o): in function `_x509_decode_provable_seed':
(.text+0x31e): undefined reference to `asn1_create_element'
/usr/bin/ld: (.text+0x3a5): undefined reference to `asn1_der_decoding2'
/usr/bin/ld: (.text+0x3f8): undefined reference to `asn1_delete_structure2'
/usr/bin/ld: (.text+0x4a3): undefined reference to `asn1_read_value'
/usr/bin/ld: /usr/lib/x86_64-linux-gnu/libgnutls.a(sign.o): in function `_gnutls_x509_pkix_sign':
(.text+0x296): undefined reference to `asn1_copy_node'
/usr/bin/ld: (.text+0x4d7): undefined reference to `asn1_write_value'
/usr/bin/ld: /usr/lib/x86_64-linux-gnu/libgnutls.a(time.o): in function `_gnutls_x509_get_time':
(.text+0x62f): undefined reference to `asn1_read_value'
/usr/bin/ld: (.text+0x6d5): undefined reference to `asn1_read_value'
/usr/bin/ld: (.text+0x734): undefined reference to `asn1_read_value'
/usr/bin/ld: /usr/lib/x86_64-linux-gnu/libgnutls.a(time.o): in function `_gnutls_x509_set_time':
(.text+0x894): undefined reference to `asn1_write_value'
/usr/bin/ld: (.text+0x958): undefined reference to `asn1_write_value'
/usr/bin/ld: (.text+0x98c): undefined reference to `asn1_write_value'
/usr/bin/ld: (.text+0xa16): undefined reference to `asn1_write_value'
/usr/bin/ld: /usr/lib/x86_64-linux-gnu/libgnutls.a(time.o): in function `_gnutls_x509_set_raw_time':
(.text+0xc4e): undefined reference to `asn1_length_der'
/usr/bin/ld: (.text+0xca7): undefined reference to `asn1_write_value'
/usr/bin/ld: /usr/lib/x86_64-linux-gnu/libgnutls.a(x509.o): in function `compare_sig_algorithm':
(.text+0x94): undefined reference to `asn1_read_value'
/usr/bin/ld: (.text+0x117): undefined reference to `asn1_read_value'
/usr/bin/ld: /usr/lib/x86_64-linux-gnu/libgnutls.a(x509.o): in function `legacy_parse_aia':
(.text+0x539): undefined reference to `asn1_read_value'
/usr/bin/ld: (.text+0x5fe): undefined reference to `asn1_read_value'
/usr/bin/ld: (.text+0x677): undefined reference to `asn1_read_value'
/usr/bin/ld: /usr/lib/x86_64-linux-gnu/libgnutls.a(x509.o): in function `gnutls_x509_crt_init':
(.text+0xcb2): undefined reference to `asn1_create_element'
/usr/bin/ld: (.text+0xd57): undefined reference to `asn1_delete_structure'
/usr/bin/ld: (.text+0xdbb): undefined reference to `asn1_delete_structure'
/usr/bin/ld: /usr/lib/x86_64-linux-gnu/libgnutls.a(x509.o): in function `gnutls_x509_crt_deinit':
(.text+0xe6a): undefined reference to `asn1_delete_structure'
/usr/bin/ld: /usr/lib/x86_64-linux-gnu/libgnutls.a(x509.o): in function `gnutls_x509_crt_get_signature_oid':
(.text+0x14e1): undefined reference to `asn1_read_value'
/usr/bin/ld: /usr/lib/x86_64-linux-gnu/libgnutls.a(x509.o): in function `gnutls_x509_crt_get_pk_oid':
(.text+0x1631): undefined reference to `asn1_read_value'
/usr/bin/ld: /usr/lib/x86_64-linux-gnu/libgnutls.a(x509.o): in function `gnutls_x509_crt_get_serial':
(.text+0x1bb2): undefined reference to `asn1_read_value'
/usr/bin/ld: /usr/lib/x86_64-linux-gnu/libgnutls.a(x509.o): in function `_gnutls_parse_general_name2':
(.text+0x2794): undefined reference to `asn1_read_value'
/usr/bin/ld: (.text+0x2a7e): undefined reference to `asn1_read_value'
/usr/bin/ld: /usr/lib/x86_64-linux-gnu/libgnutls.a(x509.o):(.text+0x3b60): more undefined references to `asn1_read_value' follow
/usr/bin/ld: /usr/lib/x86_64-linux-gnu/libgnutls.a(x509.o): in function `gnutls_x509_crt_get_subject':
(.text+0x3f76): undefined reference to `asn1_find_node'
/usr/bin/ld: /usr/lib/x86_64-linux-gnu/libgnutls.a(x509.o): in function `gnutls_x509_crt_get_issuer':
(.text+0x3fc9): undefined reference to `asn1_find_node'
/usr/bin/ld: /usr/lib/x86_64-linux-gnu/libgnutls.a(x509.o): in function `gnutls_x509_crt_get_fingerprint':
(.text+0x4064): undefined reference to `asn1_der_coding'
/usr/bin/ld: (.text+0x40ea): undefined reference to `asn1_der_coding'
/usr/bin/ld: /usr/lib/x86_64-linux-gnu/libgnutls.a(x509.o): in function `gnutls_x509_crt_import':
(.text+0x61af): undefined reference to `asn1_der_decoding2'
/usr/bin/ld: (.text+0x6396): undefined reference to `asn1_delete_structure'
/usr/bin/ld: (.text+0x63af): undefined reference to `asn1_create_element'
/usr/bin/ld: /usr/lib/x86_64-linux-gnu/libgnutls.a(x509.o): in function `gnutls_x509_crt_get_authority_info_access':
(.text+0x6f58): undefined reference to `asn1_create_element'
/usr/bin/ld: (.text+0x6fd2): undefined reference to `asn1_der_decoding2'
/usr/bin/ld: (.text+0x700c): undefined reference to `asn1_delete_structure'
/usr/bin/ld: (.text+0x7048): undefined reference to `asn1_delete_structure'
/usr/bin/ld: /usr/lib/x86_64-linux-gnu/libgnutls.a(x509_dn.o): in function `gnutls_x509_dn_init':
(.text+0xbca): undefined reference to `asn1_create_element'
/usr/bin/ld: /usr/lib/x86_64-linux-gnu/libgnutls.a(x509_dn.o): in function `gnutls_x509_dn_import':
(.text+0xca8): undefined reference to `asn1_der_decoding2'
/usr/bin/ld: /usr/lib/x86_64-linux-gnu/libgnutls.a(x509_dn.o): in function `gnutls_x509_dn_deinit':
(.text+0xdb1): undefined reference to `asn1_delete_structure'
/usr/bin/ld: /usr/lib/x86_64-linux-gnu/libgnutls.a(x509_dn.o): in function `gnutls_x509_dn_get_rdn_ava':
(.text+0xf14): undefined reference to `asn1_find_node'
/usr/bin/ld: (.text+0xf50): undefined reference to `asn1_find_node'
/usr/bin/ld: (.text+0xf6b): undefined reference to `asn1_read_node_value'
/usr/bin/ld: (.text+0xfb7): undefined reference to `asn1_find_node'
/usr/bin/ld: (.text+0xfcb): undefined reference to `asn1_read_node_value'
/usr/bin/ld: (.text+0xff6): undefined reference to `asn1_get_length_der'
/usr/bin/ld: (.text+0x1026): undefined reference to `asn1_get_tag_der'
/usr/bin/ld: (.text+0x1096): undefined reference to `asn1_get_length_der'
/usr/bin/ld: /usr/lib/x86_64-linux-gnu/libgnutls.a(x509_ext.o): in function `parse_aia':
(.text+0x3c7): undefined reference to `asn1_read_value'
/usr/bin/ld: /usr/lib/x86_64-linux-gnu/libgnutls.a(x509_ext.o): in function `gnutls_x509_ext_import_subject_alt_names':
(.text+0x88c): undefined reference to `asn1_create_element'
/usr/bin/ld: (.text+0x917): undefined reference to `asn1_der_decoding2'
/usr/bin/ld: (.text+0xa40): undefined reference to `asn1_delete_structure'
/usr/bin/ld: /usr/lib/x86_64-linux-gnu/libgnutls.a(x509_ext.o): in function `gnutls_x509_ext_export_subject_alt_names':
(.text+0xbcc): undefined reference to `asn1_create_element'
/usr/bin/ld: (.text+0xcc4): undefined reference to `asn1_delete_structure'
/usr/bin/ld: /usr/lib/x86_64-linux-gnu/libgnutls.a(x509_ext.o): in function `gnutls_x509_ext_import_name_constraints':
(.text+0xde6): undefined reference to `asn1_create_element'
/usr/bin/ld: (.text+0xe62): undefined reference to `asn1_der_decoding2'
/usr/bin/ld: (.text+0xf44): undefined reference to `asn1_delete_structure'
/usr/bin/ld: /usr/lib/x86_64-linux-gnu/libgnutls.a(x509_ext.o): in function `gnutls_x509_ext_export_name_constraints':
(.text+0x10c0): undefined reference to `asn1_create_element'
/usr/bin/ld: (.text+0x1174): undefined reference to `asn1_write_value'
/usr/bin/ld: (.text+0x1190): undefined reference to `asn1_write_value'
/usr/bin/ld: (.text+0x11b1): undefined reference to `asn1_write_value'
/usr/bin/ld: (.text+0x125c): undefined reference to `asn1_write_value'
/usr/bin/ld: (.text+0x1278): undefined reference to `asn1_write_value'
/usr/bin/ld: /usr/lib/x86_64-linux-gnu/libgnutls.a(x509_ext.o):(.text+0x1299): more undefined references to `asn1_write_value' follow
/usr/bin/ld: /usr/lib/x86_64-linux-gnu/libgnutls.a(x509_ext.o): in function `gnutls_x509_ext_export_name_constraints':
(.text+0x13a0): undefined reference to `asn1_delete_structure'
/usr/bin/ld: (.text+0x1499): undefined reference to `asn1_write_value'
/usr/bin/ld: /usr/lib/x86_64-linux-gnu/libgnutls.a(x509_ext.o): in function `gnutls_x509_ext_import_subject_key_id':
(.text+0x169e): undefined reference to `asn1_create_element'
/usr/bin/ld: (.text+0x171c): undefined reference to `asn1_der_decoding2'
/usr/bin/ld: (.text+0x174b): undefined reference to `asn1_delete_structure'
/usr/bin/ld: (.text+0x179f): undefined reference to `asn1_delete_structure'
/usr/bin/ld: /usr/lib/x86_64-linux-gnu/libgnutls.a(x509_ext.o): in function `gnutls_x509_ext_export_subject_key_id':
(.text+0x18d9): undefined reference to `asn1_create_element'
/usr/bin/ld: (.text+0x1950): undefined reference to `asn1_write_value'
/usr/bin/ld: (.text+0x197f): undefined reference to `asn1_delete_structure'
/usr/bin/ld: (.text+0x19cf): undefined reference to `asn1_delete_structure'
/usr/bin/ld: /usr/lib/x86_64-linux-gnu/libgnutls.a(x509_ext.o): in function `gnutls_x509_ext_import_authority_key_id':
(.text+0x1e8c): undefined reference to `asn1_create_element'
/usr/bin/ld: (.text+0x1f17): undefined reference to `asn1_der_decoding2'
/usr/bin/ld: (.text+0x2024): undefined reference to `asn1_delete_structure'
/usr/bin/ld: /usr/lib/x86_64-linux-gnu/libgnutls.a(x509_ext.o): in function `gnutls_x509_ext_export_authority_key_id':
(.text+0x222c): undefined reference to `asn1_create_element'
/usr/bin/ld: (.text+0x2258): undefined reference to `asn1_write_value'
/usr/bin/ld: (.text+0x2283): undefined reference to `asn1_write_value'
/usr/bin/ld: (.text+0x2304): undefined reference to `asn1_delete_structure'
/usr/bin/ld: (.text+0x2368): undefined reference to `asn1_write_value'
/usr/bin/ld: (.text+0x23b4): undefined reference to `asn1_write_value'
/usr/bin/ld: (.text+0x23d5): undefined reference to `asn1_write_value'
/usr/bin/ld: (.text+0x2411): undefined reference to `asn1_delete_structure'
/usr/bin/ld: /usr/lib/x86_64-linux-gnu/libgnutls.a(x509_ext.o): in function `gnutls_x509_ext_import_key_usage':
(.text+0x2555): undefined reference to `asn1_create_element'
/usr/bin/ld: (.text+0x25cd): undefined reference to `asn1_der_decoding2'
/usr/bin/ld: (.text+0x25f0): undefined reference to `asn1_delete_structure'
/usr/bin/ld: (.text+0x261a): undefined reference to `asn1_read_value'
/usr/bin/ld: (.text+0x266c): undefined reference to `asn1_delete_structure'
/usr/bin/ld: /usr/lib/x86_64-linux-gnu/libgnutls.a(x509_ext.o): in function `gnutls_x509_ext_export_key_usage':
(.text+0x26f9): undefined reference to `asn1_create_element'
/usr/bin/ld: (.text+0x27e3): undefined reference to `asn1_write_value'
/usr/bin/ld: (.text+0x2804): undefined reference to `asn1_delete_structure'
/usr/bin/ld: (.text+0x2838): undefined reference to `asn1_delete_structure'
/usr/bin/ld: /usr/lib/x86_64-linux-gnu/libgnutls.a(x509_ext.o): in function `gnutls_x509_ext_export_inhibit_anypolicy':
(.text+0x29ab): undefined reference to `asn1_create_element'
/usr/bin/ld: (.text+0x2a49): undefined reference to `asn1_delete_structure'
/usr/bin/ld: /usr/lib/x86_64-linux-gnu/libgnutls.a(x509_ext.o): in function `gnutls_x509_ext_import_private_key_usage_period':
(.text+0x2b2e): undefined reference to `asn1_create_element'
/usr/bin/ld: (.text+0x2b5e): undefined reference to `asn1_delete_structure'
/usr/bin/ld: (.text+0x2bba): undefined reference to `asn1_der_decoding2'
/usr/bin/ld: /usr/lib/x86_64-linux-gnu/libgnutls.a(x509_ext.o): in function `gnutls_x509_ext_export_private_key_usage_period':
(.text+0x2cbe): undefined reference to `asn1_create_element'
/usr/bin/ld: (.text+0x2d82): undefined reference to `asn1_delete_structure'
/usr/bin/ld: (.text+0x2da6): undefined reference to `asn1_delete_structure'
/usr/bin/ld: (.text+0x2dc6): undefined reference to `asn1_delete_structure'
/usr/bin/ld: /usr/lib/x86_64-linux-gnu/libgnutls.a(x509_ext.o): in function `gnutls_x509_ext_import_basic_constraints':
(.text+0x2ed7): undefined reference to `asn1_create_element'
/usr/bin/ld: (.text+0x2f63): undefined reference to `asn1_der_decoding2'
/usr/bin/ld: (.text+0x2ffe): undefined reference to `asn1_read_value'
/usr/bin/ld: (.text+0x3034): undefined reference to `asn1_delete_structure'
/usr/bin/ld: /usr/lib/x86_64-linux-gnu/libgnutls.a(x509_ext.o): in function `gnutls_x509_ext_export_basic_constraints':
(.text+0x318f): undefined reference to `asn1_create_element'
/usr/bin/ld: (.text+0x31bf): undefined reference to `asn1_delete_structure'
/usr/bin/ld: (.text+0x3214): undefined reference to `asn1_write_value'
/usr/bin/ld: (.text+0x328c): undefined reference to `asn1_write_value'
/usr/bin/ld: /usr/lib/x86_64-linux-gnu/libgnutls.a(x509_ext.o): in function `gnutls_x509_ext_import_proxy':
(.text+0x33b3): undefined reference to `asn1_create_element'
/usr/bin/ld: (.text+0x3433): undefined reference to `asn1_der_decoding2'
/usr/bin/ld: (.text+0x3553): undefined reference to `asn1_delete_structure'
/usr/bin/ld: /usr/lib/x86_64-linux-gnu/libgnutls.a(x509_ext.o): in function `gnutls_x509_ext_export_proxy':
(.text+0x3736): undefined reference to `asn1_create_element'
/usr/bin/ld: (.text+0x377f): undefined reference to `asn1_write_value'
/usr/bin/ld: (.text+0x379e): undefined reference to `asn1_write_value'
/usr/bin/ld: (.text+0x37cf): undefined reference to `asn1_delete_structure'
/usr/bin/ld: (.text+0x380c): undefined reference to `asn1_write_value'
/usr/bin/ld: /usr/lib/x86_64-linux-gnu/libgnutls.a(x509_ext.o): in function `gnutls_x509_ext_import_policies':
(.text+0x3e3d): undefined reference to `asn1_create_element'
/usr/bin/ld: (.text+0x3ea4): undefined reference to `asn1_delete_structure'
/usr/bin/ld: (.text+0x3f1c): undefined reference to `asn1_der_decoding2'
/usr/bin/ld: (.text+0x40af): undefined reference to `asn1_read_value'
/usr/bin/ld: (.text+0x4244): undefined reference to `asn1_create_element'
/usr/bin/ld: (.text+0x427a): undefined reference to `asn1_der_decoding2'
/usr/bin/ld: (.text+0x42b7): undefined reference to `asn1_read_value'
/usr/bin/ld: (.text+0x43ca): undefined reference to `asn1_delete_structure'
/usr/bin/ld: (.text+0x4448): undefined reference to `asn1_delete_structure'
/usr/bin/ld: /usr/lib/x86_64-linux-gnu/libgnutls.a(x509_ext.o): in function `gnutls_x509_ext_export_policies':
(.text+0x49a4): undefined reference to `asn1_create_element'
/usr/bin/ld: (.text+0x4a05): undefined reference to `asn1_write_value'
/usr/bin/ld: (.text+0x4a26): undefined reference to `asn1_write_value'
/usr/bin/ld: (.text+0x4a93): undefined reference to `asn1_write_value'
/usr/bin/ld: (.text+0x4ac7): undefined reference to `asn1_write_value'
/usr/bin/ld: (.text+0x4b22): undefined reference to `asn1_create_element'
/usr/bin/ld: (.text+0x4b62): undefined reference to `asn1_delete_structure'
/usr/bin/ld: (.text+0x4b84): undefined reference to `asn1_delete_structure'
/usr/bin/ld: (.text+0x4c28): undefined reference to `asn1_write_value'
/usr/bin/ld: (.text+0x4cbd): undefined reference to `asn1_delete_structure'
/usr/bin/ld: (.text+0x4d78): undefined reference to `asn1_write_value'
/usr/bin/ld: (.text+0x4de8): undefined reference to `asn1_write_value'
/usr/bin/ld: (.text+0x4e93): undefined reference to `asn1_write_value'
/usr/bin/ld: (.text+0x4f0d): undefined reference to `asn1_delete_structure'
/usr/bin/ld: (.text+0x5064): undefined reference to `asn1_delete_structure'
/usr/bin/ld: /usr/lib/x86_64-linux-gnu/libgnutls.a(x509_ext.o): in function `gnutls_x509_ext_import_crl_dist_points':
(.text+0x549d): undefined reference to `asn1_create_element'
/usr/bin/ld: (.text+0x552c): undefined reference to `asn1_der_decoding2'
/usr/bin/ld: (.text+0x55d1): undefined reference to `asn1_read_value'
/usr/bin/ld: (.text+0x56ae): undefined reference to `asn1_delete_structure'
/usr/bin/ld: /usr/lib/x86_64-linux-gnu/libgnutls.a(x509_ext.o): in function `gnutls_x509_ext_export_crl_dist_points':
(.text+0x588d): undefined reference to `asn1_create_element'
/usr/bin/ld: (.text+0x58d5): undefined reference to `asn1_write_value'
/usr/bin/ld: (.text+0x58f5): undefined reference to `asn1_write_value'
/usr/bin/ld: (.text+0x591c): undefined reference to `asn1_write_value'
/usr/bin/ld: (.text+0x5996): undefined reference to `asn1_write_value'
/usr/bin/ld: (.text+0x59d1): undefined reference to `asn1_write_value'
/usr/bin/ld: (.text+0x5a06): undefined reference to `asn1_delete_structure'
/usr/bin/ld: /usr/lib/x86_64-linux-gnu/libgnutls.a(x509_ext.o): in function `gnutls_x509_ext_import_aia':
(.text+0x611e): undefined reference to `asn1_create_element'
/usr/bin/ld: (.text+0x619c): undefined reference to `asn1_der_decoding2'
/usr/bin/ld: (.text+0x61c8): undefined reference to `asn1_delete_structure'
/usr/bin/ld: (.text+0x622f): undefined reference to `asn1_delete_structure'
/usr/bin/ld: /usr/lib/x86_64-linux-gnu/libgnutls.a(x509_ext.o): in function `gnutls_x509_ext_export_aia':
(.text+0x633d): undefined reference to `asn1_create_element'
/usr/bin/ld: (.text+0x6395): undefined reference to `asn1_write_value'
/usr/bin/ld: (.text+0x63eb): undefined reference to `asn1_write_value'
/usr/bin/ld: (.text+0x6425): undefined reference to `asn1_delete_structure'
/usr/bin/ld: /usr/lib/x86_64-linux-gnu/libgnutls.a(x509_ext.o): in function `gnutls_x509_ext_import_key_purposes':
(.text+0x687d): undefined reference to `asn1_create_element'
/usr/bin/ld: (.text+0x6905): undefined reference to `asn1_der_decoding2'
/usr/bin/ld: (.text+0x6a88): undefined reference to `asn1_delete_structure'
/usr/bin/ld: /usr/lib/x86_64-linux-gnu/libgnutls.a(x509_ext.o): in function `gnutls_x509_ext_export_key_purposes':
(.text+0x6bfd): undefined reference to `asn1_create_element'
/usr/bin/ld: (.text+0x6c50): undefined reference to `asn1_write_value'
/usr/bin/ld: (.text+0x6c81): undefined reference to `asn1_write_value'
/usr/bin/ld: (.text+0x6cb6): undefined reference to `asn1_delete_structure'
/usr/bin/ld: /usr/lib/x86_64-linux-gnu/libgnutls.a(x509_ext.o): in function `_gnutls_x509_decode_ext':
(.text+0x6eff): undefined reference to `asn1_create_element'
/usr/bin/ld: (.text+0x6f83): undefined reference to `asn1_der_decoding2'
/usr/bin/ld: (.text+0x6faf): undefined reference to `asn1_delete_structure'
/usr/bin/ld: (.text+0x6fe6): undefined reference to `asn1_read_value'
/usr/bin/ld: (.text+0x7053): undefined reference to `asn1_read_value'
/usr/bin/ld: /usr/lib/x86_64-linux-gnu/libgnutls.a(x509_ext.o): in function `gnutls_x509_ext_import_tlsfeatures':
(.text+0x728f): undefined reference to `asn1_create_element'
/usr/bin/ld: (.text+0x7320): undefined reference to `asn1_der_decoding2'
/usr/bin/ld: (.text+0x735d): undefined reference to `asn1_delete_structure'
/usr/bin/ld: /usr/lib/x86_64-linux-gnu/libgnutls.a(x509_ext.o): in function `gnutls_x509_ext_export_tlsfeatures':
(.text+0x76e6): undefined reference to `asn1_create_element'
/usr/bin/ld: (.text+0x775e): undefined reference to `asn1_write_value'
/usr/bin/ld: (.text+0x7793): undefined reference to `asn1_delete_structure'
/usr/bin/ld: /usr/lib/x86_64-linux-gnu/libgnutls.a(x509_write.o): in function `gnutls_x509_crt_set_proxy_dn':
(.text+0xee): undefined reference to `asn1_copy_node'
/usr/bin/ld: /usr/lib/x86_64-linux-gnu/libgnutls.a(x509_write.o): in function `gnutls_x509_crt_set_version':
(.text+0x217): undefined reference to `asn1_write_value'
/usr/bin/ld: /usr/lib/x86_64-linux-gnu/libgnutls.a(x509_write.o): in function `gnutls_x509_crt_set_crq':
(.text+0x3fb): undefined reference to `asn1_copy_node'
/usr/bin/ld: (.text+0x44f): undefined reference to `asn1_copy_node'
/usr/bin/ld: /usr/lib/x86_64-linux-gnu/libgnutls.a(x509_write.o): in function `gnutls_x509_crt_set_serial':
(.text+0x1a95): undefined reference to `asn1_write_value'
/usr/bin/ld: /usr/lib/x86_64-linux-gnu/libgnutls.a(x509_write.o): in function `gnutls_x509_crt_set_issuer_unique_id':
(.text+0x1ba2): undefined reference to `asn1_write_value'
/usr/bin/ld: /usr/lib/x86_64-linux-gnu/libgnutls.a(x509_write.o): in function `gnutls_x509_crt_set_subject_unique_id':
(.text+0x1c82): undefined reference to `asn1_write_value'
/usr/bin/ld: /usr/lib/x86_64-linux-gnu/libgnutls.a(x509_write.o): in function `gnutls_x509_crt_privkey_sign':
(.text+0x27b7): undefined reference to `asn1_find_node'
/usr/bin/ld: (.text+0x27d3): undefined reference to `asn1_read_node_value'
/usr/bin/ld: (.text+0x27ed): undefined reference to `asn1_find_node'
/usr/bin/ld: (.text+0x2805): undefined reference to `asn1_write_value'
/usr/bin/ld: (.text+0x2814): undefined reference to `asn1_write_value'
/usr/bin/ld: (.text+0x283f): undefined reference to `asn1_write_value'
/usr/bin/ld: (.text+0x28b6): undefined reference to `asn1_find_node'
/usr/bin/ld: (.text+0x28d3): undefined reference to `asn1_read_node_value'
/usr/bin/ld: (.text+0x28f8): undefined reference to `asn1_write_value'
/usr/bin/ld: (.text+0x295c): undefined reference to `asn1_find_node'
/usr/bin/ld: (.text+0x296d): undefined reference to `asn1_read_node_value'
/usr/bin/ld: (.text+0x29eb): undefined reference to `asn1_write_value'
/usr/bin/ld: /usr/lib/x86_64-linux-gnu/libgnutls.a(cert.o): in function `_gnutls_select_client_cert':
(.text+0x2531): undefined reference to `asn1_create_element'
/usr/bin/ld: (.text+0x2559): undefined reference to `asn1_der_decoding'
/usr/bin/ld: (.text+0x2587): undefined reference to `asn1_delete_structure'
/usr/bin/ld: (.text+0x2612): undefined reference to `asn1_der_decoding_startEnd'
/usr/bin/ld: (.text+0x2695): undefined reference to `asn1_delete_structure'
/usr/bin/ld: /usr/lib/x86_64-linux-gnu/libgnutls.a(lt12-cipher.o): in function `_cfb8_decrypt':
(.text+0x2f9): undefined reference to `nettle_cfb8_decrypt'
/usr/bin/ld: /usr/lib/x86_64-linux-gnu/libgnutls.a(lt12-cipher.o): in function `_cfb8_encrypt':
(.text+0x339): undefined reference to `nettle_cfb8_encrypt'
/usr/bin/ld: /usr/lib/x86_64-linux-gnu/libgnutls.a(lt12-cipher.o): in function `_ctr_acpkm_crypt':
(.text+0x4dc): undefined reference to `nettle_ctr_crypt'
/usr/bin/ld: /usr/lib/x86_64-linux-gnu/libgnutls.a(lt12-cipher.o): in function `_cfb_decrypt':
(.text+0x639): undefined reference to `nettle_cfb_decrypt'
/usr/bin/ld: /usr/lib/x86_64-linux-gnu/libgnutls.a(lt12-cipher.o): in function `_cfb_encrypt':
(.text+0x679): undefined reference to `nettle_cfb_encrypt'
/usr/bin/ld: /usr/lib/x86_64-linux-gnu/libgnutls.a(lt12-cipher.o): in function `_chacha_set_nonce':
(.text+0x6b6): undefined reference to `nettle_chacha_set_nonce'
/usr/bin/ld: /usr/lib/x86_64-linux-gnu/libgnutls.a(lt12-cipher.o): in function `_chacha_set_nonce96':
(.text+0x6e6): undefined reference to `nettle_chacha_set_nonce96'
/usr/bin/ld: /usr/lib/x86_64-linux-gnu/libgnutls.a(lt12-cipher.o): in function `_cbc_decrypt':
(.text+0x749): undefined reference to `nettle_cbc_decrypt'
/usr/bin/ld: /usr/lib/x86_64-linux-gnu/libgnutls.a(lt12-cipher.o): in function `_cbc_encrypt':
(.text+0x789): undefined reference to `nettle_cbc_encrypt'
/usr/bin/ld: /usr/lib/x86_64-linux-gnu/libgnutls.a(lt12-cipher.o): in function `_ccm_decrypt':
(.text+0x7d1): undefined reference to `nettle_ccm_decrypt_message'
/usr/bin/ld: /usr/lib/x86_64-linux-gnu/libgnutls.a(lt12-cipher.o): in function `_ccm_encrypt':
(.text+0x811): undefined reference to `nettle_ccm_encrypt_message'
/usr/bin/ld: /usr/lib/x86_64-linux-gnu/libgnutls.a(lt12-cipher.o): in function `_gcm_decrypt':
(.text+0x850): undefined reference to `nettle_gcm_decrypt'
/usr/bin/ld: /usr/lib/x86_64-linux-gnu/libgnutls.a(lt12-cipher.o): in function `_gcm_encrypt':
(.text+0x890): undefined reference to `nettle_gcm_encrypt'
/usr/bin/ld: /usr/lib/x86_64-linux-gnu/libgnutls.a(lt12-cipher.o): in function `_siv_gcm_aes256_decrypt_message':
(.text+0xf2): undefined reference to `nettle_siv_gcm_aes256_decrypt_message'
/usr/bin/ld: /usr/lib/x86_64-linux-gnu/libgnutls.a(lt12-cipher.o): in function `_siv_gcm_aes256_encrypt_message':
(.text+0x122): undefined reference to `nettle_siv_gcm_aes256_encrypt_message'
/usr/bin/ld: /usr/lib/x86_64-linux-gnu/libgnutls.a(lt12-cipher.o): in function `_siv_gcm_aes128_decrypt_message':
(.text+0x152): undefined reference to `nettle_siv_gcm_aes128_decrypt_message'
/usr/bin/ld: /usr/lib/x86_64-linux-gnu/libgnutls.a(lt12-cipher.o): in function `_siv_gcm_aes128_encrypt_message':
(.text+0x182): undefined reference to `nettle_siv_gcm_aes128_encrypt_message'
/usr/bin/ld: /usr/lib/x86_64-linux-gnu/libgnutls.a(lt12-cipher.o): in function `_siv_cmac_aes256_decrypt_message':
(.text+0x1b2): undefined reference to `nettle_siv_cmac_aes256_decrypt_message'
/usr/bin/ld: /usr/lib/x86_64-linux-gnu/libgnutls.a(lt12-cipher.o): in function `_siv_cmac_aes256_encrypt_message':
(.text+0x1e2): undefined reference to `nettle_siv_cmac_aes256_encrypt_message'
/usr/bin/ld: /usr/lib/x86_64-linux-gnu/libgnutls.a(lt12-cipher.o): in function `_siv_cmac_aes128_decrypt_message':
(.text+0x212): undefined reference to `nettle_siv_cmac_aes128_decrypt_message'
/usr/bin/ld: /usr/lib/x86_64-linux-gnu/libgnutls.a(lt12-cipher.o): in function `_siv_cmac_aes128_encrypt_message':
(.text+0x242): undefined reference to `nettle_siv_cmac_aes128_encrypt_message'
/usr/bin/ld: /usr/lib/x86_64-linux-gnu/libgnutls.a(lt12-cipher.o): in function `_xts_aes256_decrypt':
(.text+0x269): undefined reference to `nettle_xts_aes256_decrypt_message'
/usr/bin/ld: /usr/lib/x86_64-linux-gnu/libgnutls.a(lt12-cipher.o): in function `_xts_aes256_encrypt':
(.text+0x289): undefined reference to `nettle_xts_aes256_encrypt_message'
/usr/bin/ld: /usr/lib/x86_64-linux-gnu/libgnutls.a(lt12-cipher.o): in function `_xts_aes128_decrypt':
(.text+0x2a9): undefined reference to `nettle_xts_aes128_decrypt_message'
/usr/bin/ld: /usr/lib/x86_64-linux-gnu/libgnutls.a(lt12-cipher.o): in function `_xts_aes128_encrypt':
(.text+0x2c9): undefined reference to `nettle_xts_aes128_encrypt_message'
/usr/bin/ld: /usr/lib/x86_64-linux-gnu/libgnutls.a(lt12-cipher.o): in function `_chacha_poly1305_set_nonce':
(.text+0x698): undefined reference to `nettle_chacha_poly1305_set_nonce'
/usr/bin/ld: /usr/lib/x86_64-linux-gnu/libgnutls.a(lt12-cipher.o): in function `_chacha_set_nonce':
(.text+0x6c5): undefined reference to `nettle_chacha_set_counter'
/usr/bin/ld: /usr/lib/x86_64-linux-gnu/libgnutls.a(lt12-cipher.o): in function `_chacha_set_nonce96':
(.text+0x6f5): undefined reference to `nettle_chacha_set_counter32'
/usr/bin/ld: /usr/lib/x86_64-linux-gnu/libgnutls.a(lt12-cipher.o): in function `_des3_set_key':
(.text+0x705): undefined reference to `nettle_des3_set_key'
/usr/bin/ld: /usr/lib/x86_64-linux-gnu/libgnutls.a(lt12-cipher.o): in function `_des_set_key':
(.text+0x715): undefined reference to `nettle_des_set_key'
/usr/bin/ld: /usr/lib/x86_64-linux-gnu/libgnutls.a(lt12-cipher.o):(.data.rel.ro+0x8): undefined reference to `nettle_aes128_encrypt'
/usr/bin/ld: /usr/lib/x86_64-linux-gnu/libgnutls.a(lt12-cipher.o):(.data.rel.ro+0x10): undefined reference to `nettle_aes128_decrypt'
/usr/bin/ld: /usr/lib/x86_64-linux-gnu/libgnutls.a(lt12-cipher.o):(.data.rel.ro+0x48): undefined reference to `nettle_gcm_aes128_update'
/usr/bin/ld: /usr/lib/x86_64-linux-gnu/libgnutls.a(lt12-cipher.o):(.data.rel.ro+0x50): undefined reference to `nettle_gcm_aes128_digest'
/usr/bin/ld: /usr/lib/x86_64-linux-gnu/libgnutls.a(lt12-cipher.o):(.data.rel.ro+0x58): undefined reference to `nettle_gcm_aes128_set_key'
/usr/bin/ld: /usr/lib/x86_64-linux-gnu/libgnutls.a(lt12-cipher.o):(.data.rel.ro+0x60): undefined reference to `nettle_gcm_aes128_set_key'
/usr/bin/ld: /usr/lib/x86_64-linux-gnu/libgnutls.a(lt12-cipher.o):(.data.rel.ro+0x70): undefined reference to `nettle_gcm_aes128_set_iv'
/usr/bin/ld: /usr/lib/x86_64-linux-gnu/libgnutls.a(lt12-cipher.o):(.data.rel.ro+0x80): undefined reference to `nettle_aes192_encrypt'
/usr/bin/ld: /usr/lib/x86_64-linux-gnu/libgnutls.a(lt12-cipher.o):(.data.rel.ro+0x88): undefined reference to `nettle_aes192_decrypt'
/usr/bin/ld: /usr/lib/x86_64-linux-gnu/libgnutls.a(lt12-cipher.o):(.data.rel.ro+0xc0): undefined reference to `nettle_gcm_aes192_update'
/usr/bin/ld: /usr/lib/x86_64-linux-gnu/libgnutls.a(lt12-cipher.o):(.data.rel.ro+0xc8): undefined reference to `nettle_gcm_aes192_digest'
/usr/bin/ld: /usr/lib/x86_64-linux-gnu/libgnutls.a(lt12-cipher.o):(.data.rel.ro+0xd0): undefined reference to `nettle_gcm_aes192_set_key'
/usr/bin/ld: /usr/lib/x86_64-linux-gnu/libgnutls.a(lt12-cipher.o):(.data.rel.ro+0xd8): undefined reference to `nettle_gcm_aes192_set_key'
/usr/bin/ld: /usr/lib/x86_64-linux-gnu/libgnutls.a(lt12-cipher.o):(.data.rel.ro+0xe8): undefined reference to `nettle_gcm_aes192_set_iv'
/usr/bin/ld: /usr/lib/x86_64-linux-gnu/libgnutls.a(lt12-cipher.o):(.data.rel.ro+0xf8): undefined reference to `nettle_aes256_encrypt'
/usr/bin/ld: /usr/lib/x86_64-linux-gnu/libgnutls.a(lt12-cipher.o):(.data.rel.ro+0x100): undefined reference to `nettle_aes256_decrypt'
/usr/bin/ld: /usr/lib/x86_64-linux-gnu/libgnutls.a(lt12-cipher.o):(.data.rel.ro+0x138): undefined reference to `nettle_gcm_aes256_update'
/usr/bin/ld: /usr/lib/x86_64-linux-gnu/libgnutls.a(lt12-cipher.o):(.data.rel.ro+0x140): undefined reference to `nettle_gcm_aes256_digest'
/usr/bin/ld: /usr/lib/x86_64-linux-gnu/libgnutls.a(lt12-cipher.o):(.data.rel.ro+0x148): undefined reference to `nettle_gcm_aes256_set_key'
/usr/bin/ld: /usr/lib/x86_64-linux-gnu/libgnutls.a(lt12-cipher.o):(.data.rel.ro+0x150): undefined reference to `nettle_gcm_aes256_set_key'
/usr/bin/ld: /usr/lib/x86_64-linux-gnu/libgnutls.a(lt12-cipher.o):(.data.rel.ro+0x160): undefined reference to `nettle_gcm_aes256_set_iv'
/usr/bin/ld: /usr/lib/x86_64-linux-gnu/libgnutls.a(lt12-cipher.o):(.data.rel.ro+0x170): undefined reference to `nettle_aes128_encrypt'
/usr/bin/ld: /usr/lib/x86_64-linux-gnu/libgnutls.a(lt12-cipher.o):(.data.rel.ro+0x178): undefined reference to `nettle_aes128_decrypt'
/usr/bin/ld: /usr/lib/x86_64-linux-gnu/libgnutls.a(lt12-cipher.o):(.data.rel.ro+0x1c0): undefined reference to `nettle_aes128_set_encrypt_key'
/usr/bin/ld: /usr/lib/x86_64-linux-gnu/libgnutls.a(lt12-cipher.o):(.data.rel.ro+0x1c8): undefined reference to `nettle_aes128_set_encrypt_key'
/usr/bin/ld: /usr/lib/x86_64-linux-gnu/libgnutls.a(lt12-cipher.o):(.data.rel.ro+0x1e8): undefined reference to `nettle_aes128_encrypt'
/usr/bin/ld: /usr/lib/x86_64-linux-gnu/libgnutls.a(lt12-cipher.o):(.data.rel.ro+0x1f0): undefined reference to `nettle_aes128_decrypt'
/usr/bin/ld: /usr/lib/x86_64-linux-gnu/libgnutls.a(lt12-cipher.o):(.data.rel.ro+0x238): undefined reference to `nettle_aes128_set_encrypt_key'
/usr/bin/ld: /usr/lib/x86_64-linux-gnu/libgnutls.a(lt12-cipher.o):(.data.rel.ro+0x240): undefined reference to `nettle_aes128_set_encrypt_key'
/usr/bin/ld: /usr/lib/x86_64-linux-gnu/libgnutls.a(lt12-cipher.o):(.data.rel.ro+0x260): undefined reference to `nettle_aes256_encrypt'
/usr/bin/ld: /usr/lib/x86_64-linux-gnu/libgnutls.a(lt12-cipher.o):(.data.rel.ro+0x268): undefined reference to `nettle_aes256_decrypt'
/usr/bin/ld: /usr/lib/x86_64-linux-gnu/libgnutls.a(lt12-cipher.o):(.data.rel.ro+0x2b0): undefined reference to `nettle_aes256_set_encrypt_key'
/usr/bin/ld: /usr/lib/x86_64-linux-gnu/libgnutls.a(lt12-cipher.o):(.data.rel.ro+0x2b8): undefined reference to `nettle_aes256_set_encrypt_key'
/usr/bin/ld: /usr/lib/x86_64-linux-gnu/libgnutls.a(lt12-cipher.o):(.data.rel.ro+0x2d8): undefined reference to `nettle_aes256_encrypt'
/usr/bin/ld: /usr/lib/x86_64-linux-gnu/libgnutls.a(lt12-cipher.o):(.data.rel.ro+0x2e0): undefined reference to `nettle_aes256_decrypt'
/usr/bin/ld: /usr/lib/x86_64-linux-gnu/libgnutls.a(lt12-cipher.o):(.data.rel.ro+0x328): undefined reference to `nettle_aes256_set_encrypt_key'
/usr/bin/ld: /usr/lib/x86_64-linux-gnu/libgnutls.a(lt12-cipher.o):(.data.rel.ro+0x330): undefined reference to `nettle_aes256_set_encrypt_key'
/usr/bin/ld: /usr/lib/x86_64-linux-gnu/libgnutls.a(lt12-cipher.o):(.data.rel.ro+0x350): undefined reference to `nettle_camellia128_crypt'
/usr/bin/ld: /usr/lib/x86_64-linux-gnu/libgnutls.a(lt12-cipher.o):(.data.rel.ro+0x358): undefined reference to `nettle_camellia128_crypt'
/usr/bin/ld: /usr/lib/x86_64-linux-gnu/libgnutls.a(lt12-cipher.o):(.data.rel.ro+0x390): undefined reference to `nettle_gcm_camellia128_update'
/usr/bin/ld: /usr/lib/x86_64-linux-gnu/libgnutls.a(lt12-cipher.o):(.data.rel.ro+0x398): undefined reference to `nettle_gcm_camellia128_digest'
/usr/bin/ld: /usr/lib/x86_64-linux-gnu/libgnutls.a(lt12-cipher.o):(.data.rel.ro+0x3a0): undefined reference to `nettle_gcm_camellia128_set_key'
/usr/bin/ld: /usr/lib/x86_64-linux-gnu/libgnutls.a(lt12-cipher.o):(.data.rel.ro+0x3a8): undefined reference to `nettle_gcm_camellia128_set_key'
/usr/bin/ld: /usr/lib/x86_64-linux-gnu/libgnutls.a(lt12-cipher.o):(.data.rel.ro+0x3b8): undefined reference to `nettle_gcm_camellia128_set_iv'
/usr/bin/ld: /usr/lib/x86_64-linux-gnu/libgnutls.a(lt12-cipher.o):(.data.rel.ro+0x3c8): undefined reference to `nettle_camellia256_crypt'
/usr/bin/ld: /usr/lib/x86_64-linux-gnu/libgnutls.a(lt12-cipher.o):(.data.rel.ro+0x3d0): undefined reference to `nettle_camellia256_crypt'
/usr/bin/ld: /usr/lib/x86_64-linux-gnu/libgnutls.a(lt12-cipher.o):(.data.rel.ro+0x408): undefined reference to `nettle_gcm_camellia256_update'
/usr/bin/ld: /usr/lib/x86_64-linux-gnu/libgnutls.a(lt12-cipher.o):(.data.rel.ro+0x410): undefined reference to `nettle_gcm_camellia256_digest'
/usr/bin/ld: /usr/lib/x86_64-linux-gnu/libgnutls.a(lt12-cipher.o):(.data.rel.ro+0x418): undefined reference to `nettle_gcm_camellia256_set_key'
/usr/bin/ld: /usr/lib/x86_64-linux-gnu/libgnutls.a(lt12-cipher.o):(.data.rel.ro+0x420): undefined reference to `nettle_gcm_camellia256_set_key'
/usr/bin/ld: /usr/lib/x86_64-linux-gnu/libgnutls.a(lt12-cipher.o):(.data.rel.ro+0x430): undefined reference to `nettle_gcm_camellia256_set_iv'
/usr/bin/ld: /usr/lib/x86_64-linux-gnu/libgnutls.a(lt12-cipher.o):(.data.rel.ro+0x440): undefined reference to `nettle_aes128_encrypt'
/usr/bin/ld: /usr/lib/x86_64-linux-gnu/libgnutls.a(lt12-cipher.o):(.data.rel.ro+0x448): undefined reference to `nettle_aes128_decrypt'
/usr/bin/ld: /usr/lib/x86_64-linux-gnu/libgnutls.a(lt12-cipher.o):(.data.rel.ro+0x490): undefined reference to `nettle_aes128_set_encrypt_key'
/usr/bin/ld: /usr/lib/x86_64-linux-gnu/libgnutls.a(lt12-cipher.o):(.data.rel.ro+0x498): undefined reference to `nettle_aes128_set_decrypt_key'
/usr/bin/ld: /usr/lib/x86_64-linux-gnu/libgnutls.a(lt12-cipher.o):(.data.rel.ro+0x4b8): undefined reference to `nettle_aes192_encrypt'
/usr/bin/ld: /usr/lib/x86_64-linux-gnu/libgnutls.a(lt12-cipher.o):(.data.rel.ro+0x4c0): undefined reference to `nettle_aes192_decrypt'
/usr/bin/ld: /usr/lib/x86_64-linux-gnu/libgnutls.a(lt12-cipher.o):(.data.rel.ro+0x508): undefined reference to `nettle_aes192_set_encrypt_key'
/usr/bin/ld: /usr/lib/x86_64-linux-gnu/libgnutls.a(lt12-cipher.o):(.data.rel.ro+0x510): undefined reference to `nettle_aes192_set_decrypt_key'
/usr/bin/ld: /usr/lib/x86_64-linux-gnu/libgnutls.a(lt12-cipher.o):(.data.rel.ro+0x530): undefined reference to `nettle_aes256_encrypt'
/usr/bin/ld: /usr/lib/x86_64-linux-gnu/libgnutls.a(lt12-cipher.o):(.data.rel.ro+0x538): undefined reference to `nettle_aes256_decrypt'
/usr/bin/ld: /usr/lib/x86_64-linux-gnu/libgnutls.a(lt12-cipher.o):(.data.rel.ro+0x580): undefined reference to `nettle_aes256_set_encrypt_key'
/usr/bin/ld: /usr/lib/x86_64-linux-gnu/libgnutls.a(lt12-cipher.o):(.data.rel.ro+0x588): undefined reference to `nettle_aes256_set_decrypt_key'
/usr/bin/ld: /usr/lib/x86_64-linux-gnu/libgnutls.a(lt12-cipher.o):(.data.rel.ro+0x5a8): undefined reference to `nettle_camellia128_crypt'
/usr/bin/ld: /usr/lib/x86_64-linux-gnu/libgnutls.a(lt12-cipher.o):(.data.rel.ro+0x5b0): undefined reference to `nettle_camellia128_crypt'
/usr/bin/ld: /usr/lib/x86_64-linux-gnu/libgnutls.a(lt12-cipher.o):(.data.rel.ro+0x5f8): undefined reference to `nettle_camellia128_set_encrypt_key'
/usr/bin/ld: /usr/lib/x86_64-linux-gnu/libgnutls.a(lt12-cipher.o):(.data.rel.ro+0x600): undefined reference to `nettle_camellia_set_decrypt_key'
/usr/bin/ld: /usr/lib/x86_64-linux-gnu/libgnutls.a(lt12-cipher.o):(.data.rel.ro+0x620): undefined reference to `nettle_camellia256_crypt'
/usr/bin/ld: /usr/lib/x86_64-linux-gnu/libgnutls.a(lt12-cipher.o):(.data.rel.ro+0x628): undefined reference to `nettle_camellia256_crypt'
/usr/bin/ld: /usr/lib/x86_64-linux-gnu/libgnutls.a(lt12-cipher.o):(.data.rel.ro+0x670): undefined reference to `nettle_camellia192_set_encrypt_key'
/usr/bin/ld: /usr/lib/x86_64-linux-gnu/libgnutls.a(lt12-cipher.o):(.data.rel.ro+0x678): undefined reference to `nettle_camellia192_set_decrypt_key'
/usr/bin/ld: /usr/lib/x86_64-linux-gnu/libgnutls.a(lt12-cipher.o):(.data.rel.ro+0x698): undefined reference to `nettle_camellia256_crypt'
/usr/bin/ld: /usr/lib/x86_64-linux-gnu/libgnutls.a(lt12-cipher.o):(.data.rel.ro+0x6a0): undefined reference to `nettle_camellia256_crypt'
/usr/bin/ld: /usr/lib/x86_64-linux-gnu/libgnutls.a(lt12-cipher.o):(.data.rel.ro+0x6e8): undefined reference to `nettle_camellia256_set_encrypt_key'
/usr/bin/ld: /usr/lib/x86_64-linux-gnu/libgnutls.a(lt12-cipher.o):(.data.rel.ro+0x6f0): undefined reference to `nettle_camellia256_set_decrypt_key'
/usr/bin/ld: /usr/lib/x86_64-linux-gnu/libgnutls.a(lt12-cipher.o):(.data.rel.ro+0x710): undefined reference to `nettle_arctwo_encrypt'
/usr/bin/ld: /usr/lib/x86_64-linux-gnu/libgnutls.a(lt12-cipher.o):(.data.rel.ro+0x718): undefined reference to `nettle_arctwo_decrypt'
/usr/bin/ld: /usr/lib/x86_64-linux-gnu/libgnutls.a(lt12-cipher.o):(.data.rel.ro+0x760): undefined reference to `nettle_arctwo40_set_key'
/usr/bin/ld: /usr/lib/x86_64-linux-gnu/libgnutls.a(lt12-cipher.o):(.data.rel.ro+0x768): undefined reference to `nettle_arctwo40_set_key'
/usr/bin/ld: /usr/lib/x86_64-linux-gnu/libgnutls.a(lt12-cipher.o):(.data.rel.ro+0x788): undefined reference to `nettle_des_encrypt'
/usr/bin/ld: /usr/lib/x86_64-linux-gnu/libgnutls.a(lt12-cipher.o):(.data.rel.ro+0x790): undefined reference to `nettle_des_decrypt'
/usr/bin/ld: /usr/lib/x86_64-linux-gnu/libgnutls.a(lt12-cipher.o):(.data.rel.ro+0x800): undefined reference to `nettle_des3_encrypt'
/usr/bin/ld: /usr/lib/x86_64-linux-gnu/libgnutls.a(lt12-cipher.o):(.data.rel.ro+0x808): undefined reference to `nettle_des3_decrypt'
/usr/bin/ld: /usr/lib/x86_64-linux-gnu/libgnutls.a(lt12-cipher.o):(.data.rel.ro+0x878): undefined reference to `nettle_arcfour_crypt'
/usr/bin/ld: /usr/lib/x86_64-linux-gnu/libgnutls.a(lt12-cipher.o):(.data.rel.ro+0x880): undefined reference to `nettle_arcfour_crypt'
/usr/bin/ld: /usr/lib/x86_64-linux-gnu/libgnutls.a(lt12-cipher.o):(.data.rel.ro+0x8c8): undefined reference to `nettle_arcfour128_set_key'
/usr/bin/ld: /usr/lib/x86_64-linux-gnu/libgnutls.a(lt12-cipher.o):(.data.rel.ro+0x8d0): undefined reference to `nettle_arcfour128_set_key'
/usr/bin/ld: /usr/lib/x86_64-linux-gnu/libgnutls.a(lt12-cipher.o):(.data.rel.ro+0x8d8): undefined reference to `nettle_arcfour_set_key'
/usr/bin/ld: /usr/lib/x86_64-linux-gnu/libgnutls.a(lt12-cipher.o):(.data.rel.ro+0x8f0): undefined reference to `nettle_salsa20_crypt'
/usr/bin/ld: /usr/lib/x86_64-linux-gnu/libgnutls.a(lt12-cipher.o):(.data.rel.ro+0x8f8): undefined reference to `nettle_salsa20_crypt'
/usr/bin/ld: /usr/lib/x86_64-linux-gnu/libgnutls.a(lt12-cipher.o):(.data.rel.ro+0x940): undefined reference to `nettle_salsa20_256_set_key'
/usr/bin/ld: /usr/lib/x86_64-linux-gnu/libgnutls.a(lt12-cipher.o):(.data.rel.ro+0x948): undefined reference to `nettle_salsa20_256_set_key'
/usr/bin/ld: /usr/lib/x86_64-linux-gnu/libgnutls.a(lt12-cipher.o):(.data.rel.ro+0x968): undefined reference to `nettle_salsa20r12_crypt'
/usr/bin/ld: /usr/lib/x86_64-linux-gnu/libgnutls.a(lt12-cipher.o):(.data.rel.ro+0x970): undefined reference to `nettle_salsa20r12_crypt'
/usr/bin/ld: /usr/lib/x86_64-linux-gnu/libgnutls.a(lt12-cipher.o):(.data.rel.ro+0x9b8): undefined reference to `nettle_salsa20_256_set_key'
/usr/bin/ld: /usr/lib/x86_64-linux-gnu/libgnutls.a(lt12-cipher.o):(.data.rel.ro+0x9c0): undefined reference to `nettle_salsa20_256_set_key'
/usr/bin/ld: /usr/lib/x86_64-linux-gnu/libgnutls.a(lt12-cipher.o):(.data.rel.ro+0x9e0): undefined reference to `nettle_chacha_crypt32'
/usr/bin/ld: /usr/lib/x86_64-linux-gnu/libgnutls.a(lt12-cipher.o):(.data.rel.ro+0x9e8): undefined reference to `nettle_chacha_crypt32'
/usr/bin/ld: /usr/lib/x86_64-linux-gnu/libgnutls.a(lt12-cipher.o):(.data.rel.ro+0xa30): undefined reference to `nettle_chacha_set_key'
/usr/bin/ld: /usr/lib/x86_64-linux-gnu/libgnutls.a(lt12-cipher.o):(.data.rel.ro+0xa38): undefined reference to `nettle_chacha_set_key'
/usr/bin/ld: /usr/lib/x86_64-linux-gnu/libgnutls.a(lt12-cipher.o):(.data.rel.ro+0xa58): undefined reference to `nettle_chacha_crypt'
/usr/bin/ld: /usr/lib/x86_64-linux-gnu/libgnutls.a(lt12-cipher.o):(.data.rel.ro+0xa60): undefined reference to `nettle_chacha_crypt'
/usr/bin/ld: /usr/lib/x86_64-linux-gnu/libgnutls.a(lt12-cipher.o):(.data.rel.ro+0xaa8): undefined reference to `nettle_chacha_set_key'
/usr/bin/ld: /usr/lib/x86_64-linux-gnu/libgnutls.a(lt12-cipher.o):(.data.rel.ro+0xab0): undefined reference to `nettle_chacha_set_key'
/usr/bin/ld: /usr/lib/x86_64-linux-gnu/libgnutls.a(lt12-cipher.o):(.data.rel.ro+0xad0): undefined reference to `nettle_chacha_poly1305_encrypt'
/usr/bin/ld: /usr/lib/x86_64-linux-gnu/libgnutls.a(lt12-cipher.o):(.data.rel.ro+0xad8): undefined reference to `nettle_chacha_poly1305_decrypt'
/usr/bin/ld: /usr/lib/x86_64-linux-gnu/libgnutls.a(lt12-cipher.o):(.data.rel.ro+0xb10): undefined reference to `nettle_chacha_poly1305_update'
/usr/bin/ld: /usr/lib/x86_64-linux-gnu/libgnutls.a(lt12-cipher.o):(.data.rel.ro+0xb18): undefined reference to `nettle_chacha_poly1305_digest'
/usr/bin/ld: /usr/lib/x86_64-linux-gnu/libgnutls.a(lt12-cipher.o):(.data.rel.ro+0xb20): undefined reference to `nettle_chacha_poly1305_set_key'
/usr/bin/ld: /usr/lib/x86_64-linux-gnu/libgnutls.a(lt12-cipher.o):(.data.rel.ro+0xb28): undefined reference to `nettle_chacha_poly1305_set_key'
/usr/bin/ld: /usr/lib/x86_64-linux-gnu/libgnutls.a(lt12-cipher.o):(.data.rel.ro+0xf08): undefined reference to `nettle_aes128_encrypt'
/usr/bin/ld: /usr/lib/x86_64-linux-gnu/libgnutls.a(lt12-cipher.o):(.data.rel.ro+0xf10): undefined reference to `nettle_aes128_encrypt'
/usr/bin/ld: /usr/lib/x86_64-linux-gnu/libgnutls.a(lt12-cipher.o):(.data.rel.ro+0xf58): undefined reference to `nettle_aes128_set_encrypt_key'
/usr/bin/ld: /usr/lib/x86_64-linux-gnu/libgnutls.a(lt12-cipher.o):(.data.rel.ro+0xf60): undefined reference to `nettle_aes128_set_encrypt_key'
/usr/bin/ld: /usr/lib/x86_64-linux-gnu/libgnutls.a(lt12-cipher.o):(.data.rel.ro+0xf80): undefined reference to `nettle_aes192_encrypt'
/usr/bin/ld: /usr/lib/x86_64-linux-gnu/libgnutls.a(lt12-cipher.o):(.data.rel.ro+0xf88): undefined reference to `nettle_aes192_encrypt'
/usr/bin/ld: /usr/lib/x86_64-linux-gnu/libgnutls.a(lt12-cipher.o):(.data.rel.ro+0xfd0): undefined reference to `nettle_aes192_set_encrypt_key'
/usr/bin/ld: /usr/lib/x86_64-linux-gnu/libgnutls.a(lt12-cipher.o):(.data.rel.ro+0xfd8): undefined reference to `nettle_aes192_set_encrypt_key'
/usr/bin/ld: /usr/lib/x86_64-linux-gnu/libgnutls.a(lt12-cipher.o):(.data.rel.ro+0xff8): undefined reference to `nettle_aes256_encrypt'
/usr/bin/ld: /usr/lib/x86_64-linux-gnu/libgnutls.a(lt12-cipher.o):(.data.rel.ro+0x1000): undefined reference to `nettle_aes256_encrypt'
/usr/bin/ld: /usr/lib/x86_64-linux-gnu/libgnutls.a(lt12-cipher.o):(.data.rel.ro+0x1048): undefined reference to `nettle_aes256_set_encrypt_key'
/usr/bin/ld: /usr/lib/x86_64-linux-gnu/libgnutls.a(lt12-cipher.o):(.data.rel.ro+0x1050): undefined reference to `nettle_aes256_set_encrypt_key'
/usr/bin/ld: /usr/lib/x86_64-linux-gnu/libgnutls.a(lt12-cipher.o):(.data.rel.ro+0x10c0): undefined reference to `nettle_xts_aes128_set_encrypt_key'
/usr/bin/ld: /usr/lib/x86_64-linux-gnu/libgnutls.a(lt12-cipher.o):(.data.rel.ro+0x10c8): undefined reference to `nettle_xts_aes128_set_decrypt_key'
/usr/bin/ld: /usr/lib/x86_64-linux-gnu/libgnutls.a(lt12-cipher.o):(.data.rel.ro+0x1138): undefined reference to `nettle_xts_aes256_set_encrypt_key'
/usr/bin/ld: /usr/lib/x86_64-linux-gnu/libgnutls.a(lt12-cipher.o):(.data.rel.ro+0x1140): undefined reference to `nettle_xts_aes256_set_decrypt_key'
/usr/bin/ld: /usr/lib/x86_64-linux-gnu/libgnutls.a(lt12-cipher.o):(.data.rel.ro+0x11b0): undefined reference to `nettle_siv_cmac_aes128_set_key'
/usr/bin/ld: /usr/lib/x86_64-linux-gnu/libgnutls.a(lt12-cipher.o):(.data.rel.ro+0x11b8): undefined reference to `nettle_siv_cmac_aes128_set_key'
/usr/bin/ld: /usr/lib/x86_64-linux-gnu/libgnutls.a(lt12-cipher.o):(.data.rel.ro+0x1228): undefined reference to `nettle_siv_cmac_aes256_set_key'
/usr/bin/ld: /usr/lib/x86_64-linux-gnu/libgnutls.a(lt12-cipher.o):(.data.rel.ro+0x1230): undefined reference to `nettle_siv_cmac_aes256_set_key'
/usr/bin/ld: /usr/lib/x86_64-linux-gnu/libgnutls.a(lt12-cipher.o):(.data.rel.ro+0x12a0): undefined reference to `nettle_aes128_set_encrypt_key'
/usr/bin/ld: /usr/lib/x86_64-linux-gnu/libgnutls.a(lt12-cipher.o):(.data.rel.ro+0x12a8): undefined reference to `nettle_aes128_set_encrypt_key'
/usr/bin/ld: /usr/lib/x86_64-linux-gnu/libgnutls.a(lt12-cipher.o):(.data.rel.ro+0x1318): undefined reference to `nettle_aes256_set_encrypt_key'
/usr/bin/ld: /usr/lib/x86_64-linux-gnu/libgnutls.a(lt12-cipher.o):(.data.rel.ro+0x1320): undefined reference to `nettle_aes256_set_encrypt_key'
/usr/bin/ld: /usr/lib/x86_64-linux-gnu/libgnutls.a(gost28147.o): in function `_gnutls_gost28147_cnt_crypt':
(.text+0x18e2): undefined reference to `nettle_memxor3'
/usr/bin/ld: (.text+0x194f): undefined reference to `nettle_memxor3'
/usr/bin/ld: (.text+0x19a2): undefined reference to `nettle_memxor3'
/usr/bin/ld: /usr/lib/x86_64-linux-gnu/libgnutls.a(kuznyechik.o): in function `LSX':
(.text+0x71): undefined reference to `nettle_memxor'
/usr/bin/ld: (.text+0x9b): undefined reference to `nettle_memxor'
/usr/bin/ld: (.text+0xc5): undefined reference to `nettle_memxor'
/usr/bin/ld: (.text+0xef): undefined reference to `nettle_memxor'
/usr/bin/ld: (.text+0x119): undefined reference to `nettle_memxor'
/usr/bin/ld: /usr/lib/x86_64-linux-gnu/libgnutls.a(kuznyechik.o):(.text+0x143): more undefined references to `nettle_memxor' follow
/usr/bin/ld: /usr/lib/x86_64-linux-gnu/libgnutls.a(kuznyechik.o): in function `LSX':
(.text+0x2be): undefined reference to `nettle_memxor3'
/usr/bin/ld: /usr/lib/x86_64-linux-gnu/libgnutls.a(kuznyechik.o): in function `subkey':
(.text+0x34f): undefined reference to `nettle_memxor3'
/usr/bin/ld: (.text+0x379): undefined reference to `nettle_memxor3'
/usr/bin/ld: (.text+0x39f): undefined reference to `nettle_memxor'
/usr/bin/ld: (.text+0x3c5): undefined reference to `nettle_memxor'
/usr/bin/ld: (.text+0x3eb): undefined reference to `nettle_memxor'
/usr/bin/ld: (.text+0x411): undefined reference to `nettle_memxor'
/usr/bin/ld: (.text+0x437): undefined reference to `nettle_memxor'
/usr/bin/ld: /usr/lib/x86_64-linux-gnu/libgnutls.a(kuznyechik.o):(.text+0x45d): more undefined references to `nettle_memxor' follow
/usr/bin/ld: /usr/lib/x86_64-linux-gnu/libgnutls.a(kuznyechik.o): in function `XLiSi':
(.text+0x6c6): undefined reference to `nettle_memxor3'
/usr/bin/ld: /usr/lib/x86_64-linux-gnu/libgnutls.a(kuznyechik.o): in function `_gnutls_kuznyechik_set_key':
(.text+0x7b4): undefined reference to `nettle_memxor'
/usr/bin/ld: (.text+0x7d7): undefined reference to `nettle_memxor'
/usr/bin/ld: (.text+0x7fa): undefined reference to `nettle_memxor'
/usr/bin/ld: (.text+0x81d): undefined reference to `nettle_memxor'
/usr/bin/ld: (.text+0x840): undefined reference to `nettle_memxor'
/usr/bin/ld: /usr/lib/x86_64-linux-gnu/libgnutls.a(kuznyechik.o):(.text+0x863): more undefined references to `nettle_memxor' follow
/usr/bin/ld: /usr/lib/x86_64-linux-gnu/libgnutls.a(kuznyechik.o): in function `_gnutls_kuznyechik_encrypt':
(.text+0xb0d): undefined reference to `nettle_memxor3'
/usr/bin/ld: /usr/lib/x86_64-linux-gnu/libgnutls.a(kuznyechik.o): in function `_gnutls_kuznyechik_decrypt':
(.text+0xf85): undefined reference to `nettle_memxor'
/usr/bin/ld: /usr/lib/x86_64-linux-gnu/libgnutls.a(lt14-mpi.o): in function `wrap_nettle_mpi_print':
(.text+0x2b): undefined reference to `nettle_mpz_sizeinbase_256_u'
/usr/bin/ld: (.text+0x61): undefined reference to `nettle_mpz_sizeinbase_256_u'
/usr/bin/ld: (.text+0x7c): undefined reference to `nettle_mpz_get_str_256'
/usr/bin/ld: (.text+0x89): undefined reference to `nettle_mpz_sizeinbase_256_s'
/usr/bin/ld: /usr/lib/x86_64-linux-gnu/libgnutls.a(lt14-mpi.o): in function `wrap_nettle_prime_check':
(.text+0x12e): undefined reference to `__gmpz_probab_prime_p'
/usr/bin/ld: /usr/lib/x86_64-linux-gnu/libgnutls.a(lt14-mpi.o): in function `wrap_nettle_mpi_div':
(.text+0x159): undefined reference to `__gmpz_cdiv_q'
/usr/bin/ld: /usr/lib/x86_64-linux-gnu/libgnutls.a(lt14-mpi.o): in function `wrap_nettle_mpi_mul_ui':
(.text+0x179): undefined reference to `__gmpz_mul_ui'
/usr/bin/ld: /usr/lib/x86_64-linux-gnu/libgnutls.a(lt14-mpi.o): in function `wrap_nettle_mpi_sub_ui':
(.text+0x199): undefined reference to `__gmpz_sub_ui'
/usr/bin/ld: /usr/lib/x86_64-linux-gnu/libgnutls.a(lt14-mpi.o): in function `wrap_nettle_mpi_add_ui':
(.text+0x1b9): undefined reference to `__gmpz_add_ui'
/usr/bin/ld: /usr/lib/x86_64-linux-gnu/libgnutls.a(lt14-mpi.o): in function `wrap_nettle_mpi_mul':
(.text+0x1d9): undefined reference to `__gmpz_mul'
/usr/bin/ld: /usr/lib/x86_64-linux-gnu/libgnutls.a(lt14-mpi.o): in function `wrap_nettle_mpi_sub':
(.text+0x1f9): undefined reference to `__gmpz_sub'
/usr/bin/ld: /usr/lib/x86_64-linux-gnu/libgnutls.a(lt14-mpi.o): in function `wrap_nettle_mpi_add':
(.text+0x219): undefined reference to `__gmpz_add'
/usr/bin/ld: /usr/lib/x86_64-linux-gnu/libgnutls.a(lt14-mpi.o): in function `wrap_nettle_mpi_mulm':
(.text+0x242): undefined reference to `__gmpz_mul'
/usr/bin/ld: (.text+0x250): undefined reference to `__gmpz_fdiv_r'
/usr/bin/ld: /usr/lib/x86_64-linux-gnu/libgnutls.a(lt14-mpi.o): in function `wrap_nettle_mpi_subm':
(.text+0x272): undefined reference to `__gmpz_sub'
/usr/bin/ld: (.text+0x280): undefined reference to `__gmpz_fdiv_r'
/usr/bin/ld: /usr/lib/x86_64-linux-gnu/libgnutls.a(lt14-mpi.o): in function `wrap_nettle_mpi_addm':
(.text+0x2ab): undefined reference to `__gmpz_add'
/usr/bin/ld: (.text+0x2b9): undefined reference to `__gmpz_fdiv_r'
/usr/bin/ld: /usr/lib/x86_64-linux-gnu/libgnutls.a(lt14-mpi.o): in function `wrap_nettle_mpi_powm':
(.text+0x2d9): undefined reference to `__gmpz_powm'
/usr/bin/ld: /usr/lib/x86_64-linux-gnu/libgnutls.a(lt14-mpi.o): in function `wrap_nettle_mpi_get_nbits':
(.text+0x2fe): undefined reference to `__gmpz_sizeinbase'
/usr/bin/ld: /usr/lib/x86_64-linux-gnu/libgnutls.a(lt14-mpi.o): in function `wrap_nettle_mpi_set_ui':
(.text+0x319): undefined reference to `__gmpz_set_ui'
/usr/bin/ld: /usr/lib/x86_64-linux-gnu/libgnutls.a(lt14-mpi.o): in function `wrap_nettle_mpi_set':
(.text+0x339): undefined reference to `__gmpz_set'
/usr/bin/ld: /usr/lib/x86_64-linux-gnu/libgnutls.a(lt14-mpi.o): in function `wrap_nettle_mpi_release':
(.text+0x3a1): undefined reference to `__gmpz_clear'
/usr/bin/ld: /usr/lib/x86_64-linux-gnu/libgnutls.a(lt14-mpi.o): in function `wrap_nettle_mpi_scan':
(.text+0x3f4): undefined reference to `nettle_mpz_set_str_256_u'
/usr/bin/ld: (.text+0x404): undefined reference to `nettle_mpz_set_str_256_s'
/usr/bin/ld: /usr/lib/x86_64-linux-gnu/libgnutls.a(lt14-mpi.o): in function `wrap_nettle_mpi_modm':
(.text+0x460): undefined reference to `__gmpz_mod'
/usr/bin/ld: /usr/lib/x86_64-linux-gnu/libgnutls.a(lt14-mpi.o): in function `wrap_nettle_mpi_init':
(.text+0x4d8): undefined reference to `__gmpz_init'
/usr/bin/ld: /usr/lib/x86_64-linux-gnu/libgnutls.a(lt14-mpi.o): in function `wrap_nettle_mpi_copy':
(.text+0x56c): undefined reference to `__gmpz_set'
/usr/bin/ld: /usr/lib/x86_64-linux-gnu/libgnutls.a(lt14-mpi.o): in function `wrap_nettle_mpi_init_multi':
(.text+0x634): undefined reference to `__gmpz_clear'
/usr/bin/ld: (.text+0x688): undefined reference to `__gmpz_clear'
/usr/bin/ld: /usr/lib/x86_64-linux-gnu/libgnutls.a(lt14-mpi.o): in function `wrap_nettle_mpi_cmp_ui':
(.text+0x355): undefined reference to `__gmpz_cmp_ui'
/usr/bin/ld: /usr/lib/x86_64-linux-gnu/libgnutls.a(lt14-mpi.o): in function `wrap_nettle_mpi_cmp':
(.text+0x365): undefined reference to `__gmpz_cmp'
/usr/bin/ld: /usr/lib/x86_64-linux-gnu/libgnutls.a(lt15-pk.o): in function `_rsa_params_to_privkey':
(.text+0xc8): undefined reference to `nettle_mpz_sizeinbase_256_u'
/usr/bin/ld: /usr/lib/x86_64-linux-gnu/libgnutls.a(lt15-pk.o): in function `wrap_nettle_pk_generate_params':
(.text+0x18e): undefined reference to `nettle_dsa_params_init'
/usr/bin/ld: (.text+0x1e5): undefined reference to `nettle_dsa_params_clear'
/usr/bin/ld: (.text+0x339): undefined reference to `nettle_dsa_params_clear'
/usr/bin/ld: (.text+0x36c): undefined reference to `nettle_dsa_generate_params'
/usr/bin/ld: (.text+0x3ca): undefined reference to `__gmpz_set'
/usr/bin/ld: (.text+0x3da): undefined reference to `__gmpz_set'
/usr/bin/ld: (.text+0x3ea): undefined reference to `__gmpz_set'
/usr/bin/ld: (.text+0x3f2): undefined reference to `nettle_dsa_params_clear'
/usr/bin/ld: (.text+0x454): undefined reference to `nettle_dsa_params_clear'
/usr/bin/ld: (.text+0x530): undefined reference to `nettle_dsa_params_clear'
/usr/bin/ld: /usr/lib/x86_64-linux-gnu/libgnutls.a(lt15-pk.o): in function `_rsa_params_to_pubkey':
(.text+0x792): undefined reference to `nettle_rsa_public_key_prepare'
/usr/bin/ld: /usr/lib/x86_64-linux-gnu/libgnutls.a(lt15-pk.o): in function `_wrap_nettle_pk_decrypt2':
(.text+0x9a7): undefined reference to `nettle_rsa_sec_decrypt'
/usr/bin/ld: /usr/lib/x86_64-linux-gnu/libgnutls.a(lt15-pk.o): in function `_wrap_nettle_pk_decrypt':
(.text+0xc27): undefined reference to `nettle_rsa_decrypt_tr'
/usr/bin/ld: /usr/lib/x86_64-linux-gnu/libgnutls.a(lt15-pk.o): in function `_wrap_nettle_pk_encrypt':
(.text+0xe1f): undefined reference to `__gmpz_init'
/usr/bin/ld: (.text+0xe4b): undefined reference to `__gmpz_clear'
/usr/bin/ld: (.text+0xed2): undefined reference to `nettle_rsa_encrypt'
/usr/bin/ld: /usr/lib/x86_64-linux-gnu/libgnutls.a(lt15-pk.o): in function `_ecc_params_to_pubkey':
(.text+0x1014): undefined reference to `nettle_ecc_point_init'
/usr/bin/ld: (.text+0x1025): undefined reference to `nettle_ecc_point_set'
/usr/bin/ld: (.text+0x1038): undefined reference to `nettle_ecc_point_clear'
/usr/bin/ld: /usr/lib/x86_64-linux-gnu/libgnutls.a(lt15-pk.o): in function `_gost_params_to_pubkey':
(.text+0x1094): undefined reference to `nettle_ecc_point_init'
/usr/bin/ld: (.text+0x10a5): undefined reference to `nettle_ecc_point_set'
/usr/bin/ld: (.text+0x10b8): undefined reference to `nettle_ecc_point_clear'
/usr/bin/ld: /usr/lib/x86_64-linux-gnu/libgnutls.a(lt15-pk.o): in function `_ecc_params_to_privkey':
(.text+0x1114): undefined reference to `nettle_ecc_scalar_init'
/usr/bin/ld: (.text+0x1121): undefined reference to `nettle_ecc_scalar_set'
/usr/bin/ld: (.text+0x1134): undefined reference to `nettle_ecc_scalar_clear'
/usr/bin/ld: /usr/lib/x86_64-linux-gnu/libgnutls.a(lt15-pk.o): in function `_gost_params_to_privkey':
(.text+0x1194): undefined reference to `nettle_ecc_scalar_init'
/usr/bin/ld: (.text+0x11a1): undefined reference to `nettle_ecc_scalar_set'
/usr/bin/ld: (.text+0x11b4): undefined reference to `nettle_ecc_scalar_clear'
/usr/bin/ld: /usr/lib/x86_64-linux-gnu/libgnutls.a(lt15-pk.o): in function `wrap_nettle_pk_fixup':
(.text+0x12e7): undefined reference to `nettle_curve448_mul_g'
/usr/bin/ld: (.text+0x1377): undefined reference to `nettle_ed448_shake256_public_key'
/usr/bin/ld: (.text+0x144f): undefined reference to `nettle_mpz_sizeinbase_256_u'
/usr/bin/ld: (.text+0x14b9): undefined reference to `__gmpz_invert'
/usr/bin/ld: (.text+0x15e6): undefined reference to `nettle_rsa_private_key_prepare'
/usr/bin/ld: (.text+0x16b1): undefined reference to `nettle_ed25519_sha512_public_key'
/usr/bin/ld: (.text+0x16c1): undefined reference to `nettle_curve25519_mul_g'
/usr/bin/ld: (.text+0x1775): undefined reference to `__gmpz_sub_ui'
/usr/bin/ld: (.text+0x178a): undefined reference to `__gmpz_sub_ui'
/usr/bin/ld: (.text+0x17a4): undefined reference to `__gmpz_lcm'
/usr/bin/ld: (.text+0x180e): undefined reference to `__gmpz_invert'
/usr/bin/ld: (.text+0x186a): undefined reference to `nettle_get_gost_gc256b'
/usr/bin/ld: (.text+0x187e): undefined reference to `nettle_ecc_bit_size'
/usr/bin/ld: (.text+0x18c6): undefined reference to `nettle_ecc_point_init'
/usr/bin/ld: (.text+0x18d1): undefined reference to `nettle_ecc_point_mul_g'
/usr/bin/ld: (.text+0x18e0): undefined reference to `nettle_ecc_point_get'
/usr/bin/ld: (.text+0x18e8): undefined reference to `nettle_ecc_point_clear'
/usr/bin/ld: (.text+0x18f0): undefined reference to `nettle_ecc_scalar_clear'
/usr/bin/ld: (.text+0x1901): undefined reference to `nettle_get_gost_gc512a'
/usr/bin/ld: /usr/lib/x86_64-linux-gnu/libgnutls.a(lt15-pk.o): in function `_wrap_nettle_pk_curve_exists':
(.text+0x1d0a): undefined reference to `nettle_get_gost_gc256b'
/usr/bin/ld: (.text+0x1d21): undefined reference to `nettle_get_secp_192r1'
/usr/bin/ld: (.text+0x1d31): undefined reference to `nettle_get_secp_521r1'
/usr/bin/ld: (.text+0x1d41): undefined reference to `nettle_get_secp_384r1'
/usr/bin/ld: (.text+0x1d51): undefined reference to `nettle_get_secp_256r1'
/usr/bin/ld: (.text+0x1d61): undefined reference to `nettle_get_secp_224r1'
/usr/bin/ld: (.text+0x1d71): undefined reference to `nettle_get_gost_gc512a'
/usr/bin/ld: /usr/lib/x86_64-linux-gnu/libgnutls.a(lt15-pk.o): in function `wrap_nettle_pk_verify_pub_params':
(.text+0x1efa): undefined reference to `nettle_get_gost_gc256b'
/usr/bin/ld: (.text+0x1f32): undefined reference to `nettle_ecc_point_init'
/usr/bin/ld: (.text+0x1f41): undefined reference to `nettle_ecc_point_set'
/usr/bin/ld: (.text+0x1f6c): undefined reference to `nettle_ecc_point_clear'
/usr/bin/ld: (.text+0x1f79): undefined reference to `nettle_get_secp_192r1'
/usr/bin/ld: (.text+0x1fb1): undefined reference to `nettle_ecc_point_init'
/usr/bin/ld: (.text+0x1fc0): undefined reference to `nettle_ecc_point_set'
/usr/bin/ld: (.text+0x2001): undefined reference to `nettle_get_secp_521r1'
/usr/bin/ld: (.text+0x2011): undefined reference to `nettle_get_secp_256r1'
/usr/bin/ld: (.text+0x2021): undefined reference to `nettle_get_secp_224r1'
/usr/bin/ld: (.text+0x2031): undefined reference to `nettle_get_secp_384r1'
/usr/bin/ld: (.text+0x2047): undefined reference to `nettle_ecc_point_clear'
/usr/bin/ld: (.text+0x2051): undefined reference to `nettle_get_gost_gc512a'
/usr/bin/ld: /usr/lib/x86_64-linux-gnu/libgnutls.a(lt15-pk.o): in function `_wrap_nettle_pk_verify':
(.text+0x2485): undefined reference to `nettle_dsa_verify'
/usr/bin/ld: (.text+0x24d3): undefined reference to `__gmpz_sizeinbase'
/usr/bin/ld: (.text+0x254b): undefined reference to `__gmpz_sizeinbase'
/usr/bin/ld: (.text+0x25fa): undefined reference to `nettle_get_gost_gc256b'
/usr/bin/ld: (.text+0x2661): undefined reference to `nettle_get_secp_256r1'
/usr/bin/ld: (.text+0x272c): undefined reference to `nettle_ecdsa_verify'
/usr/bin/ld: (.text+0x2752): undefined reference to `nettle_ecc_point_clear'
/usr/bin/ld: (.text+0x2761): undefined reference to `nettle_get_secp_224r1'
/usr/bin/ld: (.text+0x2771): undefined reference to `nettle_get_secp_192r1'
/usr/bin/ld: (.text+0x2781): undefined reference to `nettle_get_secp_521r1'
/usr/bin/ld: (.text+0x2791): undefined reference to `nettle_get_secp_384r1'
/usr/bin/ld: (.text+0x2891): undefined reference to `nettle_get_gost_gc512a'
/usr/bin/ld: (.text+0x2932): undefined reference to `nettle_rsa_pkcs1_verify'
/usr/bin/ld: (.text+0x295c): undefined reference to `nettle_ecc_point_clear'
/usr/bin/ld: (.text+0x29f4): undefined reference to `nettle_gostdsa_verify'
/usr/bin/ld: (.text+0x2ace): undefined reference to `nettle_ed448_shake256_verify'
/usr/bin/ld: (.text+0x2be9): undefined reference to `nettle_ed25519_sha512_verify'
/usr/bin/ld: (.text+0x2c24): undefined reference to `nettle_ecc_point_clear'
/usr/bin/ld: (.text+0x2c5c): undefined reference to `nettle_rsa_pss_sha384_verify_digest'
/usr/bin/ld: (.text+0x2cd3): undefined reference to `nettle_rsa_pss_sha256_verify_digest'
/usr/bin/ld: (.text+0x2ce1): undefined reference to `nettle_rsa_pss_sha512_verify_digest'
/usr/bin/ld: /usr/lib/x86_64-linux-gnu/libgnutls.a(lt15-pk.o): in function `_wrap_nettle_pk_sign':
(.text+0x2f32): undefined reference to `nettle_ed448_shake256_sign'
/usr/bin/ld: (.text+0x2f93): undefined reference to `__gmpz_sizeinbase'
/usr/bin/ld: (.text+0x2fac): undefined reference to `__gmpz_init'
/usr/bin/ld: (.text+0x3024): undefined reference to `__gmpz_clear'
/usr/bin/ld: (.text+0x30ac): undefined reference to `nettle_dsa_signature_init'
/usr/bin/ld: (.text+0x3143): undefined reference to `nettle_dsa_sign'
/usr/bin/ld: (.text+0x3187): undefined reference to `nettle_dsa_signature_clear'
/usr/bin/ld: (.text+0x326a): undefined reference to `__gmpz_sizeinbase'
/usr/bin/ld: (.text+0x327c): undefined reference to `__gmpz_init'
/usr/bin/ld: (.text+0x32b7): undefined reference to `nettle_rsa_pkcs1_sign_tr'
/usr/bin/ld: (.text+0x32f9): undefined reference to `__gmpz_clear'
/usr/bin/ld: (.text+0x3359): undefined reference to `__gmpz_sizeinbase'
/usr/bin/ld: (.text+0x3383): undefined reference to `__gmpz_limbs_read'
/usr/bin/ld: (.text+0x3392): undefined reference to `__gmpz_limbs_read'
/usr/bin/ld: (.text+0x33e3): undefined reference to `__gmpz_sizeinbase'
/usr/bin/ld: (.text+0x348a): undefined reference to `nettle_get_gost_gc256b'
/usr/bin/ld: (.text+0x3510): undefined reference to `nettle_dsa_signature_clear'
/usr/bin/ld: (.text+0x3521): undefined reference to `nettle_get_secp_192r1'
/usr/bin/ld: (.text+0x356e): undefined reference to `nettle_dsa_signature_init'
/usr/bin/ld: (.text+0x35f4): undefined reference to `__gmpz_init'
/usr/bin/ld: (.text+0x363d): undefined reference to `nettle_ecdsa_sign'
/usr/bin/ld: (.text+0x366e): undefined reference to `nettle_dsa_signature_clear'
/usr/bin/ld: (.text+0x367a): undefined reference to `nettle_ecc_size'
/usr/bin/ld: (.text+0x3698): undefined reference to `nettle_ecc_scalar_clear'
/usr/bin/ld: (.text+0x36a4): undefined reference to `__gmpz_clear'
/usr/bin/ld: (.text+0x36c9): undefined reference to `nettle_get_secp_521r1'
/usr/bin/ld: (.text+0x3701): undefined reference to `nettle_get_secp_256r1'
/usr/bin/ld: (.text+0x3721): undefined reference to `nettle_get_secp_224r1'
/usr/bin/ld: (.text+0x3731): undefined reference to `nettle_get_secp_384r1'
/usr/bin/ld: (.text+0x3743): undefined reference to `nettle_rsa_pss_sha512_sign_digest_tr'
/usr/bin/ld: (.text+0x3824): undefined reference to `__gmpz_clear'
/usr/bin/ld: (.text+0x3918): undefined reference to `__gmpz_clear'
/usr/bin/ld: (.text+0x3959): undefined reference to `nettle_get_gost_gc512a'
/usr/bin/ld: (.text+0x39cb): undefined reference to `nettle_ecc_bit_size'
/usr/bin/ld: (.text+0x39da): undefined reference to `nettle_ecc_size'
/usr/bin/ld: (.text+0x39fb): undefined reference to `__gmpz_limbs_read'
/usr/bin/ld: (.text+0x3a46): undefined reference to `nettle_ecc_bit_size'
/usr/bin/ld: (.text+0x3a5e): undefined reference to `nettle_ecc_size'
/usr/bin/ld: (.text+0x3ae9): undefined reference to `nettle_dsa_signature_clear'
/usr/bin/ld: (.text+0x3b19): undefined reference to `__gmpz_clear'
/usr/bin/ld: (.text+0x3b53): undefined reference to `nettle_rsa_pss_sha384_sign_digest_tr'
/usr/bin/ld: (.text+0x3b73): undefined reference to `nettle_rsa_pss_sha256_sign_digest_tr'
/usr/bin/ld: (.text+0x3bfb): undefined reference to `nettle_dsa_signature_init'
/usr/bin/ld: (.text+0x3c1c): undefined reference to `nettle_gostdsa_sign'
/usr/bin/ld: (.text+0x3c24): undefined reference to `nettle_ecc_bit_size'
/usr/bin/ld: (.text+0x3c4b): undefined reference to `nettle_dsa_signature_clear'
/usr/bin/ld: (.text+0x3c57): undefined reference to `nettle_ecc_size'
/usr/bin/ld: (.text+0x3c75): undefined reference to `nettle_ecc_scalar_clear'
/usr/bin/ld: (.text+0x3cb0): undefined reference to `nettle_dsa_signature_clear'
/usr/bin/ld: (.text+0x3cbc): undefined reference to `nettle_ecc_size'
/usr/bin/ld: (.text+0x3cde): undefined reference to `nettle_ecc_scalar_clear'
/usr/bin/ld: (.text+0x3cea): undefined reference to `__gmpz_clear'
/usr/bin/ld: (.text+0x3e3a): undefined reference to `nettle_ed25519_sha512_sign'
/usr/bin/ld: (.text+0x3e72): undefined reference to `__gmpz_clear'
/usr/bin/ld: (.text+0x3eaa): undefined reference to `nettle_dsa_signature_clear'
/usr/bin/ld: /usr/lib/x86_64-linux-gnu/libgnutls.a(lt15-pk.o): in function `wrap_nettle_pk_generate_keys':
(.text+0x4278): undefined reference to `nettle_curve448_mul_g'
/usr/bin/ld: (.text+0x42d9): undefined reference to `nettle_rsa_public_key_init'
/usr/bin/ld: (.text+0x42ef): undefined reference to `nettle_rsa_private_key_init'
/usr/bin/ld: (.text+0x430a): undefined reference to `__gmpz_set_ui'
/usr/bin/ld: (.text+0x43e4): undefined reference to `nettle_rsa_private_key_clear'
/usr/bin/ld: (.text+0x43f0): undefined reference to `nettle_rsa_public_key_clear'
/usr/bin/ld: (.text+0x44f5): undefined reference to `nettle_ed448_shake256_public_key'
/usr/bin/ld: (.text+0x459c): undefined reference to `nettle_get_gost_gc256b'
/usr/bin/ld: (.text+0x45e4): undefined reference to `nettle_ecc_bit_size'
/usr/bin/ld: (.text+0x4646): undefined reference to `nettle_rsa_private_key_clear'
/usr/bin/ld: (.text+0x4652): undefined reference to `nettle_rsa_public_key_clear'
/usr/bin/ld: (.text+0x4663): undefined reference to `nettle_get_secp_192r1'
/usr/bin/ld: (.text+0x46a8): undefined reference to `__gmpz_init'
/usr/bin/ld: (.text+0x46be): undefined reference to `__gmpz_init'
/usr/bin/ld: (.text+0x46d4): undefined reference to `__gmpz_init'
/usr/bin/ld: (.text+0x46ea): undefined reference to `__gmpz_init'
/usr/bin/ld: (.text+0x4700): undefined reference to `__gmpz_init'
/usr/bin/ld: /usr/lib/x86_64-linux-gnu/libgnutls.a(lt15-pk.o):(.text+0x4716): more undefined references to `__gmpz_init' follow
/usr/bin/ld: /usr/lib/x86_64-linux-gnu/libgnutls.a(lt15-pk.o): in function `wrap_nettle_pk_generate_keys':
(.text+0x4728): undefined reference to `nettle_ecc_scalar_init'
/usr/bin/ld: (.text+0x473a): undefined reference to `nettle_ecc_point_init'
/usr/bin/ld: (.text+0x4753): undefined reference to `nettle_ecc_scalar_init'
/usr/bin/ld: (.text+0x476c): undefined reference to `nettle_ecc_scalar_init'
/usr/bin/ld: (.text+0x4785): undefined reference to `nettle_ecc_point_init'
/usr/bin/ld: (.text+0x4799): undefined reference to `nettle_ecdsa_generate_keypair'
/usr/bin/ld: (.text+0x482a): undefined reference to `nettle_ecc_point_get'
/usr/bin/ld: (.text+0x4835): undefined reference to `__gmpz_set'
/usr/bin/ld: (.text+0x4841): undefined reference to `__gmpz_set'
/usr/bin/ld: (.text+0x4854): undefined reference to `nettle_ecc_scalar_get'
/usr/bin/ld: (.text+0x485c): undefined reference to `__gmpz_clear'
/usr/bin/ld: (.text+0x4864): undefined reference to `__gmpz_clear'
/usr/bin/ld: (.text+0x4870): undefined reference to `__gmpz_clear'
/usr/bin/ld: (.text+0x487c): undefined reference to `__gmpz_clear'
/usr/bin/ld: (.text+0x4888): undefined reference to `__gmpz_clear'
/usr/bin/ld: /usr/lib/x86_64-linux-gnu/libgnutls.a(lt15-pk.o):(.text+0x4894): more undefined references to `__gmpz_clear' follow
/usr/bin/ld: /usr/lib/x86_64-linux-gnu/libgnutls.a(lt15-pk.o): in function `wrap_nettle_pk_generate_keys':
(.text+0x489c): undefined reference to `nettle_ecc_point_clear'
/usr/bin/ld: (.text+0x48a4): undefined reference to `nettle_ecc_scalar_clear'
/usr/bin/ld: (.text+0x48b0): undefined reference to `nettle_ecc_point_clear'
/usr/bin/ld: (.text+0x48bc): undefined reference to `nettle_ecc_scalar_clear'
/usr/bin/ld: (.text+0x48c8): undefined reference to `nettle_ecc_scalar_clear'
/usr/bin/ld: (.text+0x48fe): undefined reference to `nettle_get_secp_521r1'
/usr/bin/ld: (.text+0x493f): undefined reference to `nettle_get_secp_384r1'
/usr/bin/ld: (.text+0x4966): undefined reference to `nettle_get_secp_256r1'
/usr/bin/ld: (.text+0x497c): undefined reference to `nettle_get_secp_224r1'
/usr/bin/ld: (.text+0x49f3): undefined reference to `__gmpz_clear'
/usr/bin/ld: (.text+0x49ff): undefined reference to `__gmpz_clear'
/usr/bin/ld: (.text+0x4a0b): undefined reference to `__gmpz_clear'
/usr/bin/ld: (.text+0x4a17): undefined reference to `__gmpz_clear'
/usr/bin/ld: (.text+0x4a23): undefined reference to `__gmpz_clear'
/usr/bin/ld: /usr/lib/x86_64-linux-gnu/libgnutls.a(lt15-pk.o):(.text+0x4a2f): more undefined references to `__gmpz_clear' follow
/usr/bin/ld: /usr/lib/x86_64-linux-gnu/libgnutls.a(lt15-pk.o): in function `wrap_nettle_pk_generate_keys':
(.text+0x4a3b): undefined reference to `nettle_ecc_point_clear'
/usr/bin/ld: (.text+0x4a47): undefined reference to `nettle_ecc_scalar_clear'
/usr/bin/ld: (.text+0x4a53): undefined reference to `nettle_ecc_point_clear'
/usr/bin/ld: (.text+0x4a5f): undefined reference to `nettle_ecc_scalar_clear'
/usr/bin/ld: (.text+0x4a6b): undefined reference to `nettle_ecc_scalar_clear'
/usr/bin/ld: (.text+0x4ac4): undefined reference to `__gmpz_init'
/usr/bin/ld: (.text+0x4ad3): undefined reference to `__gmpz_init'
/usr/bin/ld: (.text+0x4ae9): undefined reference to `__gmpz_init'
/usr/bin/ld: (.text+0x4aff): undefined reference to `__gmpz_init'
/usr/bin/ld: (.text+0x4b15): undefined reference to `__gmpz_init'
/usr/bin/ld: /usr/lib/x86_64-linux-gnu/libgnutls.a(lt15-pk.o):(.text+0x4b2b): more undefined references to `__gmpz_init' follow
/usr/bin/ld: /usr/lib/x86_64-linux-gnu/libgnutls.a(lt15-pk.o): in function `wrap_nettle_pk_generate_keys':
(.text+0x4b65): undefined reference to `__gmpz_sizeinbase'
/usr/bin/ld: (.text+0x4b83): undefined reference to `nettle_mpz_random_size'
/usr/bin/ld: (.text+0x4ba9): undefined reference to `__gmpz_powm'
/usr/bin/ld: (.text+0x4bdf): undefined reference to `__gmpz_cmp_ui'
/usr/bin/ld: (.text+0x4c3e): undefined reference to `__gmpz_set'
/usr/bin/ld: (.text+0x4c51): undefined reference to `__gmpz_set'
/usr/bin/ld: (.text+0x4c65): undefined reference to `__gmpz_clear'
/usr/bin/ld: (.text+0x4c6d): undefined reference to `__gmpz_clear'
/usr/bin/ld: (.text+0x4c75): undefined reference to `__gmpz_clear'
/usr/bin/ld: (.text+0x4c81): undefined reference to `__gmpz_clear'
/usr/bin/ld: (.text+0x4c8d): undefined reference to `__gmpz_clear'
/usr/bin/ld: /usr/lib/x86_64-linux-gnu/libgnutls.a(lt15-pk.o):(.text+0x4c99): more undefined references to `__gmpz_clear' follow
/usr/bin/ld: /usr/lib/x86_64-linux-gnu/libgnutls.a(lt15-pk.o): in function `wrap_nettle_pk_generate_keys':
(.text+0x4cb8): undefined reference to `nettle_get_gost_gc512a'
/usr/bin/ld: (.text+0x4cf3): undefined reference to `nettle_rsa_generate_keypair'
/usr/bin/ld: (.text+0x4d81): undefined reference to `__gmpz_set'
/usr/bin/ld: (.text+0x4d91): undefined reference to `__gmpz_set'
/usr/bin/ld: (.text+0x4da1): undefined reference to `__gmpz_set'
/usr/bin/ld: (.text+0x4db1): undefined reference to `__gmpz_set'
/usr/bin/ld: (.text+0x4dbe): undefined reference to `__gmpz_set'
/usr/bin/ld: /usr/lib/x86_64-linux-gnu/libgnutls.a(lt15-pk.o):(.text+0x4dcb): more undefined references to `__gmpz_set' follow
/usr/bin/ld: /usr/lib/x86_64-linux-gnu/libgnutls.a(lt15-pk.o): in function `wrap_nettle_pk_generate_keys':
(.text+0x4df1): undefined reference to `nettle_rsa_private_key_clear'
/usr/bin/ld: (.text+0x4dfd): undefined reference to `nettle_rsa_public_key_clear'
/usr/bin/ld: (.text+0x4e70): undefined reference to `nettle_ecc_scalar_init'
/usr/bin/ld: (.text+0x4e8c): undefined reference to `nettle_ecc_point_init'
/usr/bin/ld: (.text+0x4ea0): undefined reference to `nettle_ecdsa_generate_keypair'
/usr/bin/ld: (.text+0x4f24): undefined reference to `nettle_ecc_point_get'
/usr/bin/ld: (.text+0x4f37): undefined reference to `nettle_ecc_scalar_get'
/usr/bin/ld: (.text+0x4f3f): undefined reference to `nettle_ecc_point_clear'
/usr/bin/ld: (.text+0x4f47): undefined reference to `nettle_ecc_scalar_clear'
/usr/bin/ld: (.text+0x4f8b): undefined reference to `__gmpz_set'
/usr/bin/ld: (.text+0x4f9b): undefined reference to `__gmpz_sub_ui'
/usr/bin/ld: (.text+0x4faf): undefined reference to `nettle_mpz_random'
/usr/bin/ld: (.text+0x4fbf): undefined reference to `__gmpz_add_ui'
/usr/bin/ld: (.text+0x5027): undefined reference to `__gmpz_clear'
/usr/bin/ld: (.text+0x5033): undefined reference to `__gmpz_clear'
/usr/bin/ld: (.text+0x503f): undefined reference to `__gmpz_clear'
/usr/bin/ld: (.text+0x504b): undefined reference to `__gmpz_clear'
/usr/bin/ld: (.text+0x5057): undefined reference to `__gmpz_clear'
/usr/bin/ld: /usr/lib/x86_64-linux-gnu/libgnutls.a(lt15-pk.o):(.text+0x5063): more undefined references to `__gmpz_clear' follow
/usr/bin/ld: /usr/lib/x86_64-linux-gnu/libgnutls.a(lt15-pk.o): in function `wrap_nettle_pk_generate_keys':
(.text+0x50a2): undefined reference to `nettle_rsa_private_key_clear'
/usr/bin/ld: (.text+0x50ae): undefined reference to `nettle_rsa_public_key_clear'
/usr/bin/ld: (.text+0x5121): undefined reference to `nettle_mpz_random_size'
/usr/bin/ld: (.text+0x5133): undefined reference to `__gmpz_mod'
/usr/bin/ld: (.text+0x517d): undefined reference to `nettle_curve25519_mul_g'
/usr/bin/ld: (.text+0x51a5): undefined reference to `nettle_ecc_point_clear'
/usr/bin/ld: (.text+0x51b1): undefined reference to `nettle_ecc_scalar_clear'
/usr/bin/ld: (.text+0x5257): undefined reference to `nettle_rsa_private_key_clear'
/usr/bin/ld: (.text+0x5263): undefined reference to `nettle_rsa_public_key_clear'
/usr/bin/ld: (.text+0x527c): undefined reference to `nettle_ed25519_sha512_public_key'
/usr/bin/ld: /usr/lib/x86_64-linux-gnu/libgnutls.a(lt15-pk.o): in function `_wrap_nettle_pk_derive':
(.text+0x5705): undefined reference to `nettle_curve448_mul'
/usr/bin/ld: (.text+0x5a01): undefined reference to `nettle_get_gost_gc512a'
/usr/bin/ld: (.text+0x5aab): undefined reference to `nettle_gostdsa_vko'
/usr/bin/ld: (.text+0x5ab3): undefined reference to `nettle_ecc_point_clear'
/usr/bin/ld: (.text+0x5abf): undefined reference to `nettle_ecc_size'
/usr/bin/ld: (.text+0x5add): undefined reference to `nettle_ecc_scalar_clear'
/usr/bin/ld: (.text+0x5b1a): undefined reference to `nettle_get_gost_gc256b'
/usr/bin/ld: (.text+0x5b81): undefined reference to `nettle_get_secp_521r1'
/usr/bin/ld: (.text+0x5bb1): undefined reference to `__gmpz_init'
/usr/bin/ld: (.text+0x5bc7): undefined reference to `__gmpz_init'
/usr/bin/ld: (.text+0x5bdd): undefined reference to `__gmpz_init'
/usr/bin/ld: (.text+0x5bf3): undefined reference to `__gmpz_init'
/usr/bin/ld: (.text+0x5c06): undefined reference to `__gmpz_init'
/usr/bin/ld: /usr/lib/x86_64-linux-gnu/libgnutls.a(lt15-pk.o):(.text+0x5c19): more undefined references to `__gmpz_init' follow
/usr/bin/ld: /usr/lib/x86_64-linux-gnu/libgnutls.a(lt15-pk.o): in function `_wrap_nettle_pk_derive':
(.text+0x5c32): undefined reference to `nettle_ecc_scalar_init'
/usr/bin/ld: (.text+0x5c4b): undefined reference to `nettle_ecc_scalar_init'
/usr/bin/ld: (.text+0x5c64): undefined reference to `nettle_ecc_point_init'
/usr/bin/ld: (.text+0x5cf4): undefined reference to `__gmpz_init'
/usr/bin/ld: (.text+0x5cfc): undefined reference to `__gmpz_init'
/usr/bin/ld: (.text+0x5d0b): undefined reference to `nettle_ecc_point_init'
/usr/bin/ld: (.text+0x5d1d): undefined reference to `nettle_ecc_point_mul'
/usr/bin/ld: (.text+0x5d2b): undefined reference to `nettle_ecc_point_get'
/usr/bin/ld: (.text+0x5d4f): undefined reference to `nettle_mpz_get_str_256'
/usr/bin/ld: (.text+0x5d57): undefined reference to `__gmpz_clear'
/usr/bin/ld: (.text+0x5d62): undefined reference to `__gmpz_clear'
/usr/bin/ld: (.text+0x5d6a): undefined reference to `nettle_ecc_point_clear'
/usr/bin/ld: (.text+0x5d72): undefined reference to `nettle_ecc_point_clear'
/usr/bin/ld: (.text+0x5d7e): undefined reference to `nettle_ecc_size'
/usr/bin/ld: (.text+0x5da0): undefined reference to `nettle_ecc_scalar_clear'
/usr/bin/ld: (.text+0x5dac): undefined reference to `__gmpz_clear'
/usr/bin/ld: (.text+0x5db8): undefined reference to `__gmpz_clear'
/usr/bin/ld: (.text+0x5dc4): undefined reference to `__gmpz_clear'
/usr/bin/ld: (.text+0x5dd0): undefined reference to `__gmpz_clear'
/usr/bin/ld: (.text+0x5ddc): undefined reference to `__gmpz_clear'
/usr/bin/ld: /usr/lib/x86_64-linux-gnu/libgnutls.a(lt15-pk.o):(.text+0x5de8): more undefined references to `__gmpz_clear' follow
/usr/bin/ld: /usr/lib/x86_64-linux-gnu/libgnutls.a(lt15-pk.o): in function `_wrap_nettle_pk_derive':
(.text+0x5df4): undefined reference to `nettle_ecc_point_clear'
/usr/bin/ld: (.text+0x5e00): undefined reference to `nettle_ecc_scalar_clear'
/usr/bin/ld: (.text+0x5e0c): undefined reference to `nettle_ecc_scalar_clear'
/usr/bin/ld: (.text+0x5e19): undefined reference to `nettle_get_secp_384r1'
/usr/bin/ld: (.text+0x5e39): undefined reference to `nettle_get_secp_256r1'
/usr/bin/ld: (.text+0x5e89): undefined reference to `nettle_get_secp_224r1'
/usr/bin/ld: (.text+0x5ea1): undefined reference to `nettle_get_secp_192r1'
/usr/bin/ld: (.text+0x5efc): undefined reference to `nettle_ecc_point_clear'
/usr/bin/ld: (.text+0x5f08): undefined reference to `nettle_ecc_size'
/usr/bin/ld: (.text+0x5f2a): undefined reference to `nettle_ecc_scalar_clear'
/usr/bin/ld: (.text+0x5fc6): undefined reference to `__gmpz_clear'
/usr/bin/ld: (.text+0x5fd2): undefined reference to `__gmpz_clear'
/usr/bin/ld: (.text+0x5fde): undefined reference to `__gmpz_clear'
/usr/bin/ld: (.text+0x5fea): undefined reference to `__gmpz_clear'
/usr/bin/ld: (.text+0x5ff6): undefined reference to `__gmpz_clear'
/usr/bin/ld: /usr/lib/x86_64-linux-gnu/libgnutls.a(lt15-pk.o):(.text+0x6002): more undefined references to `__gmpz_clear' follow
/usr/bin/ld: /usr/lib/x86_64-linux-gnu/libgnutls.a(lt15-pk.o): in function `_wrap_nettle_pk_derive':
(.text+0x600e): undefined reference to `nettle_ecc_point_clear'
/usr/bin/ld: (.text+0x601a): undefined reference to `nettle_ecc_scalar_clear'
/usr/bin/ld: (.text+0x6026): undefined reference to `nettle_ecc_scalar_clear'
/usr/bin/ld: (.text+0x606f): undefined reference to `nettle_ecc_point_clear'
/usr/bin/ld: (.text+0x60cb): undefined reference to `nettle_curve25519_mul'
/usr/bin/ld: (.text+0x60d8): undefined reference to `nettle_ecc_point_clear'
/usr/bin/ld: (.text+0x62fe): undefined reference to `__gmpz_clear'
/usr/bin/ld: (.text+0x630c): undefined reference to `__gmpz_clear'
/usr/bin/ld: (.text+0x6314): undefined reference to `nettle_ecc_point_clear'
/usr/bin/ld: /usr/lib/x86_64-linux-gnu/libgnutls.a(lt15-pk.o): in function `wrap_nettle_pk_verify_priv_params':
(.text+0x6770): undefined reference to `__gmpz_invert'
/usr/bin/ld: (.text+0x6861): undefined reference to `nettle_get_gost_gc512a'
/usr/bin/ld: (.text+0x68bf): undefined reference to `nettle_ecc_point_init'
/usr/bin/ld: (.text+0x68ce): undefined reference to `nettle_ecc_point_set'
/usr/bin/ld: (.text+0x6928): undefined reference to `nettle_ecc_size'
/usr/bin/ld: (.text+0x6946): undefined reference to `nettle_ecc_scalar_clear'
/usr/bin/ld: (.text+0x694e): undefined reference to `nettle_ecc_point_clear'
/usr/bin/ld: (.text+0x6956): undefined reference to `__gmpz_clear'
/usr/bin/ld: (.text+0x6962): undefined reference to `__gmpz_clear'
/usr/bin/ld: (.text+0x696a): undefined reference to `__gmpz_clear'
/usr/bin/ld: (.text+0x6976): undefined reference to `__gmpz_clear'
/usr/bin/ld: (.text+0x6981): undefined reference to `nettle_get_secp_192r1'
/usr/bin/ld: (.text+0x69df): undefined reference to `nettle_ecc_point_init'
/usr/bin/ld: (.text+0x69ee): undefined reference to `nettle_ecc_point_set'
/usr/bin/ld: (.text+0x6a41): undefined reference to `nettle_get_secp_521r1'
/usr/bin/ld: (.text+0x6a51): undefined reference to `nettle_get_secp_256r1'
/usr/bin/ld: (.text+0x6a61): undefined reference to `nettle_get_secp_224r1'
/usr/bin/ld: (.text+0x6a71): undefined reference to `nettle_get_secp_384r1'
/usr/bin/ld: (.text+0x6adf): undefined reference to `nettle_curve448_mul_g'
/usr/bin/ld: (.text+0x6b3f): undefined reference to `nettle_ed448_shake256_public_key'
/usr/bin/ld: (.text+0x6bca): undefined reference to `nettle_get_gost_gc256b'
/usr/bin/ld: (.text+0x6cd1): undefined reference to `nettle_curve25519_mul_g'
/usr/bin/ld: (.text+0x6ce9): undefined reference to `nettle_ed25519_sha512_public_key'
/usr/bin/ld: (.text+0x6d0b): undefined reference to `nettle_ecc_point_clear'
/usr/bin/ld: (.text+0x6d16): undefined reference to `nettle_ecc_point_init'
/usr/bin/ld: (.text+0x6d21): undefined reference to `nettle_ecc_point_mul_g'
/usr/bin/ld: (.text+0x6d29): undefined reference to `__gmpz_init'
/usr/bin/ld: (.text+0x6d3b): undefined reference to `__gmpz_init'
/usr/bin/ld: (.text+0x6d57): undefined reference to `nettle_ecc_point_get'
/usr/bin/ld: (.text+0x6d63): undefined reference to `nettle_ecc_size_a'
/usr/bin/ld: (.text+0x6d81): undefined reference to `nettle_ecc_point_clear'
/usr/bin/ld: (.text+0x6d89): undefined reference to `__gmpz_init'
/usr/bin/ld: (.text+0x6da2): undefined reference to `__gmpz_init'
/usr/bin/ld: (.text+0x6db0): undefined reference to `nettle_ecc_point_get'
/usr/bin/ld: (.text+0x6dbb): undefined reference to `__gmpz_cmp'
/usr/bin/ld: (.text+0x6dce): undefined reference to `__gmpz_cmp'
/usr/bin/ld: (.text+0x6e2b): undefined reference to `nettle_ecc_point_clear'
/usr/bin/ld: (.text+0x6e36): undefined reference to `nettle_ecc_point_init'
/usr/bin/ld: (.text+0x6e41): undefined reference to `nettle_ecc_point_mul_g'
/usr/bin/ld: (.text+0x6e49): undefined reference to `__gmpz_init'
/usr/bin/ld: (.text+0x6e5b): undefined reference to `__gmpz_init'
/usr/bin/ld: (.text+0x6e77): undefined reference to `nettle_ecc_point_get'
/usr/bin/ld: (.text+0x6e83): undefined reference to `nettle_ecc_size_a'
/usr/bin/ld: (.text+0x6ea1): undefined reference to `nettle_ecc_point_clear'
/usr/bin/ld: (.text+0x6ea9): undefined reference to `__gmpz_init'
/usr/bin/ld: (.text+0x6ec2): undefined reference to `__gmpz_init'
/usr/bin/ld: (.text+0x6ed0): undefined reference to `nettle_ecc_point_get'
/usr/bin/ld: (.text+0x6edb): undefined reference to `__gmpz_cmp'
/usr/bin/ld: (.text+0x6eee): undefined reference to `__gmpz_cmp'
/usr/bin/ld: (.text+0x6f3f): undefined reference to `nettle_ecc_point_clear'
/usr/bin/ld: (.text+0x6f64): undefined reference to `nettle_ecc_point_clear'
/usr/bin/ld: /usr/lib/x86_64-linux-gnu/libgnutls.a(lt16-prf.o): in function `_gnutls_prf_raw':
(.text+0xc0): undefined reference to `nettle_hmac_sha256_set_key'
/usr/bin/ld: (.text+0xd7): undefined reference to `nettle_hmac_sha256_digest'
/usr/bin/ld: (.text+0xde): undefined reference to `nettle_hmac_sha256_update'
/usr/bin/ld: (.text+0x128): undefined reference to `nettle_hmac_sha384_set_key'
/usr/bin/ld: (.text+0x13f): undefined reference to `nettle_hmac_sha384_digest'
/usr/bin/ld: (.text+0x146): undefined reference to `nettle_hmac_sha512_update'
/usr/bin/ld: (.text+0x1b8): undefined reference to `nettle_hmac_streebog256_set_key'
/usr/bin/ld: (.text+0x1cf): undefined reference to `nettle_hmac_streebog256_digest'
/usr/bin/ld: (.text+0x1d6): undefined reference to `nettle_hmac_streebog512_update'
/usr/bin/ld: (.text+0x250): undefined reference to `nettle_hmac_streebog512_set_key'
/usr/bin/ld: (.text+0x267): undefined reference to `nettle_hmac_streebog512_digest'
/usr/bin/ld: (.text+0x26e): undefined reference to `nettle_hmac_streebog512_update'
/usr/bin/ld: /usr/lib/x86_64-linux-gnu/libgnutls.a(rnd.o): in function `single_prng_init.constprop.0':
(.text+0x6e): undefined reference to `nettle_chacha_set_key'
/usr/bin/ld: (.text+0x79): undefined reference to `nettle_chacha_set_nonce'
/usr/bin/ld: (.text+0xbc): undefined reference to `nettle_chacha_crypt'
/usr/bin/ld: (.text+0xcf): undefined reference to `nettle_chacha_crypt'
/usr/bin/ld: /usr/lib/x86_64-linux-gnu/libgnutls.a(rnd.o): in function `wrap_nettle_rnd':
(.text+0x33a): undefined reference to `nettle_chacha_crypt'
/usr/bin/ld: /usr/lib/x86_64-linux-gnu/libgnutls.a(rsa-keygen-fips186.o): in function `rsa_provable_prime.constprop.0':
(.text+0x88): undefined reference to `__gmpz_init'
/usr/bin/ld: (.text+0x9e): undefined reference to `__gmpz_init'
/usr/bin/ld: (.text+0xb4): undefined reference to `__gmpz_init'
/usr/bin/ld: (.text+0xca): undefined reference to `__gmpz_init'
/usr/bin/ld: (.text+0xd2): undefined reference to `__gmpz_init'
/usr/bin/ld: /usr/lib/x86_64-linux-gnu/libgnutls.a(rsa-keygen-fips186.o):(.text+0xda): more undefined references to `__gmpz_init' follow
/usr/bin/ld: /usr/lib/x86_64-linux-gnu/libgnutls.a(rsa-keygen-fips186.o): in function `rsa_provable_prime.constprop.0':
(.text+0x171): undefined reference to `__gmpz_clear'
/usr/bin/ld: (.text+0x17d): undefined reference to `__gmpz_clear'
/usr/bin/ld: (.text+0x185): undefined reference to `__gmpz_clear'
/usr/bin/ld: (.text+0x191): undefined reference to `__gmpz_clear'
/usr/bin/ld: (.text+0x19d): undefined reference to `__gmpz_clear'
/usr/bin/ld: /usr/lib/x86_64-linux-gnu/libgnutls.a(rsa-keygen-fips186.o):(.text+0x1a9): more undefined references to `__gmpz_clear' follow
/usr/bin/ld: /usr/lib/x86_64-linux-gnu/libgnutls.a(rsa-keygen-fips186.o): in function `rsa_provable_prime.constprop.0':
(.text+0x213): undefined reference to `__gmpz_set_ui'
/usr/bin/ld: (.text+0x274): undefined reference to `nettle_mpz_set_str_256_u'
/usr/bin/ld: (.text+0x2ba): undefined reference to `nettle_mpz_get_str_256'
/usr/bin/ld: (.text+0x2cc): undefined reference to `nettle_sha384_init'
/usr/bin/ld: (.text+0x2e2): undefined reference to `nettle_sha512_update'
/usr/bin/ld: (.text+0x2f2): undefined reference to `nettle_sha384_digest'
/usr/bin/ld: (.text+0x302): undefined reference to `__gmpz_add_ui'
/usr/bin/ld: (.text+0x37e): undefined reference to `__gmpz_set_ui'
/usr/bin/ld: (.text+0x38e): undefined reference to `__gmpz_mul_2exp'
/usr/bin/ld: (.text+0x39d): undefined reference to `__gmpz_sqrt'
/usr/bin/ld: (.text+0x3b1): undefined reference to `__gmpz_set_ui'
/usr/bin/ld: (.text+0x3c9): undefined reference to `__gmpz_mul_2exp'
/usr/bin/ld: (.text+0x3db): undefined reference to `__gmpz_sub'
/usr/bin/ld: (.text+0x3f0): undefined reference to `__gmpz_mod'
/usr/bin/ld: (.text+0x402): undefined reference to `__gmpz_add'
/usr/bin/ld: (.text+0x416): undefined reference to `__gmpz_mul_2exp'
/usr/bin/ld: (.text+0x421): undefined reference to `__gmpz_set'
/usr/bin/ld: (.text+0x42f): undefined reference to `__gmpz_add'
/usr/bin/ld: (.text+0x455): undefined reference to `__gmpz_cdiv_q'
/usr/bin/ld: (.text+0x4b2): undefined reference to `__gmpz_add_ui'
/usr/bin/ld: (.text+0x4c6): undefined reference to `__gmpz_sub_ui'
/usr/bin/ld: (.text+0x4d8): undefined reference to `__gmpz_mul'
/usr/bin/ld: (.text+0x4e8): undefined reference to `__gmpz_mul_2exp'
/usr/bin/ld: (.text+0x4f8): undefined reference to `__gmpz_add_ui'
/usr/bin/ld: (.text+0x505): undefined reference to `__gmpz_set_ui'
/usr/bin/ld: (.text+0x517): undefined reference to `__gmpz_mul_2exp'
/usr/bin/ld: (.text+0x522): undefined reference to `__gmpz_cmp'
/usr/bin/ld: (.text+0x535): undefined reference to `__gmpz_set'
/usr/bin/ld: (.text+0x545): undefined reference to `__gmpz_mul_2exp'
/usr/bin/ld: (.text+0x557): undefined reference to `__gmpz_add'
/usr/bin/ld: (.text+0x56b): undefined reference to `__gmpz_mul_2exp'
/usr/bin/ld: (.text+0x57d): undefined reference to `__gmpz_cdiv_q'
/usr/bin/ld: (.text+0x594): undefined reference to `__gmpz_sub_ui'
/usr/bin/ld: (.text+0x5a6): undefined reference to `__gmpz_gcd'
/usr/bin/ld: (.text+0x5b3): undefined reference to `__gmpz_cmp_ui'
/usr/bin/ld: (.text+0x5c9): undefined reference to `__gmpz_set_ui'
/usr/bin/ld: (.text+0x5e9): undefined reference to `__gmpz_sub_ui'
/usr/bin/ld: (.text+0x5fb): undefined reference to `__gmpz_mod'
/usr/bin/ld: (.text+0x60f): undefined reference to `__gmpz_add_ui'
/usr/bin/ld: (.text+0x623): undefined reference to `__gmpz_sub_ui'
/usr/bin/ld: (.text+0x633): undefined reference to `__gmpz_mul_2exp'
/usr/bin/ld: (.text+0x648): undefined reference to `__gmpz_powm'
/usr/bin/ld: (.text+0x658): undefined reference to `__gmpz_sub_ui'
/usr/bin/ld: (.text+0x66a): undefined reference to `__gmpz_gcd'
/usr/bin/ld: (.text+0x67b): undefined reference to `__gmpz_cmp_ui'
/usr/bin/ld: (.text+0x698): undefined reference to `__gmpz_powm'
/usr/bin/ld: (.text+0x6a5): undefined reference to `__gmpz_cmp_ui'
/usr/bin/ld: (.text+0x6e4): undefined reference to `nettle_mpz_get_str_256'
/usr/bin/ld: (.text+0x74a): undefined reference to `nettle_mpz_get_str_256'
/usr/bin/ld: (.text+0x75c): undefined reference to `nettle_sha384_init'
/usr/bin/ld: (.text+0x772): undefined reference to `nettle_sha512_update'
/usr/bin/ld: (.text+0x782): undefined reference to `nettle_sha384_digest'
/usr/bin/ld: (.text+0x792): undefined reference to `__gmpz_add_ui'
/usr/bin/ld: (.text+0x80a): undefined reference to `nettle_mpz_set_str_256_u'
/usr/bin/ld: (.text+0x83c): undefined reference to `nettle_mpz_set_str_256_u'
/usr/bin/ld: /usr/lib/x86_64-linux-gnu/libgnutls.a(rsa-keygen-fips186.o): in function `_rsa_generate_fips186_4_keypair':
(.text+0x95f): undefined reference to `__gmpz_tstbit'
/usr/bin/ld: (.text+0x974): undefined reference to `__gmpz_cmp_ui'
/usr/bin/ld: (.text+0x999): undefined reference to `__gmpz_init'
/usr/bin/ld: (.text+0x9af): undefined reference to `__gmpz_init'
/usr/bin/ld: (.text+0x9c5): undefined reference to `__gmpz_init'
/usr/bin/ld: (.text+0x9cd): undefined reference to `__gmpz_init'
/usr/bin/ld: (.text+0x9e3): undefined reference to `__gmpz_init'
/usr/bin/ld: (.text+0x9f0): undefined reference to `__gmpz_set_ui'
/usr/bin/ld: (.text+0xa00): undefined reference to `__gmpz_mul_2exp'
/usr/bin/ld: (.text+0xa0b): undefined reference to `__gmpz_cmp'
/usr/bin/ld: (.text+0xa21): undefined reference to `__gmpz_clear'
/usr/bin/ld: (.text+0xa2d): undefined reference to `__gmpz_clear'
/usr/bin/ld: (.text+0xa39): undefined reference to `__gmpz_clear'
/usr/bin/ld: (.text+0xa41): undefined reference to `__gmpz_clear'
/usr/bin/ld: (.text+0xa4d): undefined reference to `__gmpz_clear'
/usr/bin/ld: (.text+0xb32): undefined reference to `__gmpz_set_ui'
/usr/bin/ld: (.text+0xb41): undefined reference to `__gmpz_mul_2exp'
/usr/bin/ld: (.text+0xb86): undefined reference to `__gmpz_sub'
/usr/bin/ld: (.text+0xb95): undefined reference to `__gmpz_cmp'
/usr/bin/ld: (.text+0xc12): undefined reference to `__gmpz_cmp'
/usr/bin/ld: (.text+0xc2c): undefined reference to `__gmpz_sub'
/usr/bin/ld: (.text+0xc85): undefined reference to `__gmpz_mul'
/usr/bin/ld: (.text+0xc92): undefined reference to `__gmpz_sizeinbase'
/usr/bin/ld: (.text+0xcbb): undefined reference to `__gmpz_invert'
/usr/bin/ld: (.text+0xcdb): undefined reference to `__gmpz_sub_ui'
/usr/bin/ld: (.text+0xcf2): undefined reference to `__gmpz_sub_ui'
/usr/bin/ld: (.text+0xd13): undefined reference to `__gmpz_lcm'
/usr/bin/ld: (.text+0xd25): undefined reference to `__gmpz_invert'
/usr/bin/ld: (.text+0xd3a): undefined reference to `__gmpz_sizeinbase'
/usr/bin/ld: (.text+0xd5f): undefined reference to `__gmpz_fdiv_r'
/usr/bin/ld: (.text+0xd72): undefined reference to `__gmpz_fdiv_r'
/usr/bin/ld: /usr/lib/x86_64-linux-gnu/libgnutls.a(tls1-prf.o): in function `nettle_tls10_prf.part.0':
(.text+0x1bd): undefined reference to `nettle_hmac_md5_set_key'
/usr/bin/ld: (.text+0x1ce): undefined reference to `nettle_hmac_md5_digest'
/usr/bin/ld: (.text+0x1d6): undefined reference to `nettle_hmac_md5_update'
/usr/bin/ld: (.text+0x21d): undefined reference to `nettle_hmac_sha1_set_key'
/usr/bin/ld: (.text+0x22f): undefined reference to `nettle_hmac_sha1_digest'
/usr/bin/ld: (.text+0x23b): undefined reference to `nettle_hmac_sha1_update'
/usr/bin/ld: (.text+0x262): undefined reference to `nettle_memxor'
/usr/bin/ld: /usr/lib/x86_64-linux-gnu/libgnutls.a(str-iconv.o): in function `_gnutls_ucs2_to_utf8':
(.text+0xe3): undefined reference to `u16_to_u8'
/usr/bin/ld: /usr/lib/x86_64-linux-gnu/libgnutls.a(str-iconv.o): in function `_gnutls_utf8_to_ucs2':
(.text+0x2ca): undefined reference to `u8_to_u16'
/usr/bin/ld: (.text+0x2ea): undefined reference to `uninorm_nfc'
/usr/bin/ld: (.text+0x2ef): undefined reference to `u16_normalize'
/usr/bin/ld: /usr/lib/x86_64-linux-gnu/libgnutls.a(str-unicode.o): in function `gnutls_utf8_password_normalize':
(.text+0xa5): undefined reference to `u8_check'
/usr/bin/ld: (.text+0x111): undefined reference to `u8_to_u32'
/usr/bin/ld: (.text+0x130): undefined reference to `UC_CATEGORY_Lu'
/usr/bin/ld: (.text+0x13e): undefined reference to `UC_CATEGORY_Ll'
/usr/bin/ld: (.text+0x145): undefined reference to `UC_CATEGORY_Ll'
/usr/bin/ld: (.text+0x14c): undefined reference to `UC_CATEGORY_Lu'
/usr/bin/ld: (.text+0x155): undefined reference to `uc_general_category_or'
/usr/bin/ld: (.text+0x15c): undefined reference to `UC_CATEGORY_Lo'
/usr/bin/ld: (.text+0x166): undefined reference to `UC_CATEGORY_Lo'
/usr/bin/ld: (.text+0x16e): undefined reference to `uc_general_category_or'
/usr/bin/ld: (.text+0x175): undefined reference to `UC_CATEGORY_Nd'
/usr/bin/ld: (.text+0x17f): undefined reference to `UC_CATEGORY_Nd'
/usr/bin/ld: (.text+0x187): undefined reference to `uc_general_category_or'
/usr/bin/ld: (.text+0x18e): undefined reference to `UC_CATEGORY_Lm'
/usr/bin/ld: (.text+0x198): undefined reference to `UC_CATEGORY_Lm'
/usr/bin/ld: (.text+0x1a0): undefined reference to `uc_general_category_or'
/usr/bin/ld: (.text+0x1a7): undefined reference to `UC_CATEGORY_Mn'
/usr/bin/ld: (.text+0x1b1): undefined reference to `UC_CATEGORY_Mn'
/usr/bin/ld: (.text+0x1b9): undefined reference to `uc_general_category_or'
/usr/bin/ld: (.text+0x1c0): undefined reference to `UC_CATEGORY_Mc'
/usr/bin/ld: (.text+0x1ca): undefined reference to `UC_CATEGORY_Mc'
/usr/bin/ld: (.text+0x1d2): undefined reference to `uc_general_category_or'
/usr/bin/ld: (.text+0x1d9): undefined reference to `UC_CATEGORY_Lt'
/usr/bin/ld: (.text+0x1e3): undefined reference to `UC_CATEGORY_Lt'
/usr/bin/ld: (.text+0x1eb): undefined reference to `uc_general_category_or'
/usr/bin/ld: (.text+0x1f2): undefined reference to `UC_CATEGORY_Nl'
/usr/bin/ld: (.text+0x1fc): undefined reference to `UC_CATEGORY_Nl'
/usr/bin/ld: (.text+0x204): undefined reference to `uc_general_category_or'
/usr/bin/ld: (.text+0x20b): undefined reference to `UC_CATEGORY_No'
/usr/bin/ld: (.text+0x215): undefined reference to `UC_CATEGORY_No'
/usr/bin/ld: (.text+0x21d): undefined reference to `uc_general_category_or'
/usr/bin/ld: (.text+0x224): undefined reference to `UC_CATEGORY_Me'
/usr/bin/ld: (.text+0x22e): undefined reference to `UC_CATEGORY_Me'
/usr/bin/ld: (.text+0x236): undefined reference to `uc_general_category_or'
/usr/bin/ld: (.text+0x23d): undefined reference to `UC_CATEGORY_Sm'
/usr/bin/ld: (.text+0x247): undefined reference to `UC_CATEGORY_Sm'
/usr/bin/ld: (.text+0x24f): undefined reference to `uc_general_category_or'
/usr/bin/ld: (.text+0x256): undefined reference to `UC_CATEGORY_Sc'
/usr/bin/ld: (.text+0x260): undefined reference to `UC_CATEGORY_Sc'
/usr/bin/ld: (.text+0x268): undefined reference to `uc_general_category_or'
/usr/bin/ld: (.text+0x26f): undefined reference to `UC_CATEGORY_So'
/usr/bin/ld: (.text+0x279): undefined reference to `UC_CATEGORY_So'
/usr/bin/ld: (.text+0x281): undefined reference to `uc_general_category_or'
/usr/bin/ld: (.text+0x288): undefined reference to `UC_CATEGORY_Sk'
/usr/bin/ld: (.text+0x292): undefined reference to `UC_CATEGORY_Sk'
/usr/bin/ld: (.text+0x29a): undefined reference to `uc_general_category_or'
/usr/bin/ld: (.text+0x2a1): undefined reference to `UC_CATEGORY_Pc'
/usr/bin/ld: (.text+0x2ab): undefined reference to `UC_CATEGORY_Pc'
/usr/bin/ld: (.text+0x2b3): undefined reference to `uc_general_category_or'
/usr/bin/ld: (.text+0x2ba): undefined reference to `UC_CATEGORY_Pd'
/usr/bin/ld: (.text+0x2c4): undefined reference to `UC_CATEGORY_Pd'
/usr/bin/ld: (.text+0x2cc): undefined reference to `uc_general_category_or'
/usr/bin/ld: (.text+0x2d3): undefined reference to `UC_CATEGORY_Ps'
/usr/bin/ld: (.text+0x2dd): undefined reference to `UC_CATEGORY_Ps'
/usr/bin/ld: (.text+0x2e5): undefined reference to `uc_general_category_or'
/usr/bin/ld: (.text+0x2ec): undefined reference to `UC_CATEGORY_Pe'
/usr/bin/ld: (.text+0x2f6): undefined reference to `UC_CATEGORY_Pe'
/usr/bin/ld: (.text+0x2fe): undefined reference to `uc_general_category_or'
/usr/bin/ld: (.text+0x305): undefined reference to `UC_CATEGORY_Pi'
/usr/bin/ld: (.text+0x30f): undefined reference to `UC_CATEGORY_Pi'
/usr/bin/ld: (.text+0x317): undefined reference to `uc_general_category_or'
/usr/bin/ld: (.text+0x31e): undefined reference to `UC_CATEGORY_Pf'
/usr/bin/ld: (.text+0x328): undefined reference to `UC_CATEGORY_Pf'
/usr/bin/ld: (.text+0x330): undefined reference to `uc_general_category_or'
/usr/bin/ld: (.text+0x337): undefined reference to `UC_CATEGORY_Po'
/usr/bin/ld: (.text+0x341): undefined reference to `UC_CATEGORY_Po'
/usr/bin/ld: (.text+0x349): undefined reference to `uc_general_category_or'
/usr/bin/ld: (.text+0x350): undefined reference to `UC_CATEGORY_Zs'
/usr/bin/ld: (.text+0x35a): undefined reference to `UC_CATEGORY_Zs'
/usr/bin/ld: (.text+0x362): undefined reference to `uc_general_category_or'
/usr/bin/ld: (.text+0x369): undefined reference to `UC_CATEGORY_Cc'
/usr/bin/ld: (.text+0x373): undefined reference to `UC_CATEGORY_Cc'
/usr/bin/ld: (.text+0x37b): undefined reference to `uc_general_category_and_not'
/usr/bin/ld: (.text+0x3d7): undefined reference to `uc_is_property_default_ignorable_code_point'
/usr/bin/ld: (.text+0x3e7): undefined reference to `uc_is_property_not_a_character'
/usr/bin/ld: (.text+0x44b): undefined reference to `uc_is_property_join_control'
/usr/bin/ld: (.text+0x45a): undefined reference to `UC_CATEGORY_Zs'
/usr/bin/ld: (.text+0x461): undefined reference to `UC_CATEGORY_Zs'
/usr/bin/ld: (.text+0x469): undefined reference to `uc_is_general_category'
/usr/bin/ld: (.text+0x491): undefined reference to `uc_is_general_category'
/usr/bin/ld: (.text+0x4c5): undefined reference to `uninorm_nfc'
/usr/bin/ld: (.text+0x4ca): undefined reference to `u32_normalize'
/usr/bin/ld: (.text+0x4f4): undefined reference to `u32_to_u8'
/usr/bin/ld: (.text+0x656): undefined reference to `uc_is_property_join_control'
/usr/bin/ld: (.text+0x6c3): undefined reference to `uninorm_nfkc'
/usr/bin/ld: (.text+0x6d0): undefined reference to `u32_normalize'
/usr/bin/ld: /usr/lib/x86_64-linux-gnu/libgnutls.a(attributes.o): in function `_x509_parse_attribute':
(.text+0xc7): undefined reference to `asn1_read_value'
/usr/bin/ld: (.text+0x12a): undefined reference to `asn1_read_value'
/usr/bin/ld: /usr/lib/x86_64-linux-gnu/libgnutls.a(attributes.o): in function `_x509_set_attribute':
(.text+0x4ec): undefined reference to `asn1_read_value'
/usr/bin/ld: (.text+0x541): undefined reference to `asn1_read_value'
/usr/bin/ld: (.text+0x69a): undefined reference to `asn1_write_value'
/usr/bin/ld: (.text+0x742): undefined reference to `asn1_write_value'
/usr/bin/ld: (.text+0x7c0): undefined reference to `asn1_write_value'
/usr/bin/ld: /usr/lib/x86_64-linux-gnu/libgnutls.a(krb5.o): in function `_gnutls_krb5_principal_to_der':
(.text+0x18e): undefined reference to `asn1_create_element'
/usr/bin/ld: (.text+0x1b7): undefined reference to `asn1_write_value'
/usr/bin/ld: (.text+0x1d9): undefined reference to `asn1_write_value'
/usr/bin/ld: (.text+0x22e): undefined reference to `asn1_write_value'
/usr/bin/ld: (.text+0x255): undefined reference to `asn1_write_value'
/usr/bin/ld: (.text+0x28d): undefined reference to `asn1_delete_structure'
/usr/bin/ld: /usr/lib/x86_64-linux-gnu/libgnutls.a(krb5.o): in function `_gnutls_krb5_der_to_principal':
(.text+0x673): undefined reference to `asn1_create_element'
/usr/bin/ld: (.text+0x6bc): undefined reference to `asn1_der_decoding'
/usr/bin/ld: (.text+0x6e6): undefined reference to `asn1_delete_structure'
/usr/bin/ld: (.text+0x78a): undefined reference to `asn1_read_value'
/usr/bin/ld: (.text+0x97a): undefined reference to `asn1_delete_structure'
/usr/bin/ld: /usr/lib/x86_64-linux-gnu/libgnutls.a(vko_gost.o): in function `proc_vko_gost_client_kx':
(.text+0x17d): undefined reference to `asn1_get_length_der'
/usr/bin/ld: (.text+0x1d2): undefined reference to `asn1_get_length_der'
/usr/bin/ld: /usr/lib/x86_64-linux-gnu/libgnutls.a(vko_gost.o): in function `gen_vko_gost_client_kx':
(.text+0x68f): undefined reference to `asn1_length_der'
/usr/bin/ld: /usr/lib/x86_64-linux-gnu/libgnutls.a(aes-ccm-x86-aesni.o): in function `aes_ccm_aead_decrypt':
(.text+0x91): undefined reference to `nettle_ccm_decrypt_message'
/usr/bin/ld: /usr/lib/x86_64-linux-gnu/libgnutls.a(aes-ccm-x86-aesni.o): in function `aes_ccm_aead_encrypt':
(.text+0x22f): undefined reference to `nettle_ccm_encrypt_message'
/usr/bin/ld: /usr/lib/x86_64-linux-gnu/libgnutls.a(aes-gcm-padlock.o): in function `aes_gcm_auth':
(.text+0x79): undefined reference to `nettle_gcm_update'
/usr/bin/ld: /usr/lib/x86_64-linux-gnu/libgnutls.a(aes-gcm-padlock.o): in function `aes_gcm_encrypt':
(.text+0x126): undefined reference to `nettle_gcm_encrypt'
/usr/bin/ld: /usr/lib/x86_64-linux-gnu/libgnutls.a(aes-gcm-padlock.o): in function `aes_gcm_cipher_setkey':
(.text+0x241): undefined reference to `nettle_gcm_set_key'
/usr/bin/ld: /usr/lib/x86_64-linux-gnu/libgnutls.a(aes-gcm-padlock.o): in function `aes_gcm_decrypt':
(.text+0x337): undefined reference to `nettle_gcm_decrypt'
/usr/bin/ld: /usr/lib/x86_64-linux-gnu/libgnutls.a(aes-gcm-padlock.o): in function `aes_gcm_setiv':
(.text+0x3b9): undefined reference to `nettle_gcm_set_iv'
/usr/bin/ld: /usr/lib/x86_64-linux-gnu/libgnutls.a(aes-gcm-padlock.o): in function `aes_gcm_aead_encrypt':
(.text+0x465): undefined reference to `nettle_gcm_set_iv'
/usr/bin/ld: (.text+0x481): undefined reference to `nettle_gcm_update'
/usr/bin/ld: (.text+0x4c1): undefined reference to `nettle_gcm_digest'
/usr/bin/ld: /usr/lib/x86_64-linux-gnu/libgnutls.a(aes-gcm-padlock.o): in function `aes_gcm_aead_decrypt':
(.text+0x627): undefined reference to `nettle_gcm_set_iv'
/usr/bin/ld: (.text+0x651): undefined reference to `nettle_gcm_update'
/usr/bin/ld: (.text+0x685): undefined reference to `nettle_gcm_decrypt'
/usr/bin/ld: (.text+0x6a4): undefined reference to `nettle_gcm_digest'
/usr/bin/ld: /usr/lib/x86_64-linux-gnu/libgnutls.a(aes-gcm-padlock.o): in function `aes_gcm_tag':
(.text+0x26): undefined reference to `nettle_gcm_digest'
/usr/bin/ld: /usr/lib/x86_64-linux-gnu/libgnutls.a(aes-gcm-x86-aesni.o): in function `aes_gcm_auth':
(.text+0x79): undefined reference to `nettle_gcm_update'
/usr/bin/ld: /usr/lib/x86_64-linux-gnu/libgnutls.a(aes-gcm-x86-aesni.o): in function `aes_gcm_encrypt':
(.text+0x126): undefined reference to `nettle_gcm_encrypt'
/usr/bin/ld: /usr/lib/x86_64-linux-gnu/libgnutls.a(aes-gcm-x86-aesni.o): in function `aes_gcm_cipher_setkey':
(.text+0x245): undefined reference to `nettle_gcm_set_key'
/usr/bin/ld: /usr/lib/x86_64-linux-gnu/libgnutls.a(aes-gcm-x86-aesni.o): in function `aes_gcm_decrypt':
(.text+0x367): undefined reference to `nettle_gcm_decrypt'
/usr/bin/ld: /usr/lib/x86_64-linux-gnu/libgnutls.a(aes-gcm-x86-aesni.o): in function `aes_gcm_setiv':
(.text+0x3e9): undefined reference to `nettle_gcm_set_iv'
/usr/bin/ld: /usr/lib/x86_64-linux-gnu/libgnutls.a(aes-gcm-x86-aesni.o): in function `aes_gcm_aead_encrypt':
(.text+0x495): undefined reference to `nettle_gcm_set_iv'
/usr/bin/ld: (.text+0x4b1): undefined reference to `nettle_gcm_update'
/usr/bin/ld: (.text+0x4f1): undefined reference to `nettle_gcm_digest'
/usr/bin/ld: /usr/lib/x86_64-linux-gnu/libgnutls.a(aes-gcm-x86-aesni.o): in function `aes_gcm_aead_decrypt':
(.text+0x657): undefined reference to `nettle_gcm_set_iv'
/usr/bin/ld: (.text+0x681): undefined reference to `nettle_gcm_update'
/usr/bin/ld: (.text+0x6b5): undefined reference to `nettle_gcm_decrypt'
/usr/bin/ld: (.text+0x6d4): undefined reference to `nettle_gcm_digest'
/usr/bin/ld: /usr/lib/x86_64-linux-gnu/libgnutls.a(aes-gcm-x86-aesni.o): in function `aes_gcm_tag':
(.text+0x26): undefined reference to `nettle_gcm_digest'
/usr/bin/ld: /usr/lib/x86_64-linux-gnu/libgnutls.a(aes-gcm-x86-pclmul-avx.o): in function `gcm_ghash':
(.text+0x72): undefined reference to `nettle_memxor'
/usr/bin/ld: /usr/lib/x86_64-linux-gnu/libgnutls.a(aes-gcm-x86-pclmul-avx.o): in function `aes_gcm_auth':
(.text+0x984): undefined reference to `nettle_memxor'
/usr/bin/ld: /usr/lib/x86_64-linux-gnu/libgnutls.a(aes-gcm-x86-pclmul.o): in function `gcm_ghash':
(.text+0x72): undefined reference to `nettle_memxor'
/usr/bin/ld: /usr/lib/x86_64-linux-gnu/libgnutls.a(aes-gcm-x86-pclmul.o): in function `aes_gcm_auth':
(.text+0x984): undefined reference to `nettle_memxor'
/usr/bin/ld: /usr/lib/x86_64-linux-gnu/libgnutls.a(aes-gcm-x86-ssse3.o): in function `aes_gcm_auth':
(.text+0x49): undefined reference to `nettle_gcm_update'
/usr/bin/ld: /usr/lib/x86_64-linux-gnu/libgnutls.a(aes-gcm-x86-ssse3.o): in function `aes_gcm_encrypt':
(.text+0xf6): undefined reference to `nettle_gcm_encrypt'
/usr/bin/ld: /usr/lib/x86_64-linux-gnu/libgnutls.a(aes-gcm-x86-ssse3.o): in function `aes_gcm_cipher_setkey':
(.text+0x215): undefined reference to `nettle_gcm_set_key'
/usr/bin/ld: /usr/lib/x86_64-linux-gnu/libgnutls.a(aes-gcm-x86-ssse3.o): in function `aes_gcm_decrypt':
(.text+0x3c7): undefined reference to `nettle_gcm_decrypt'
/usr/bin/ld: /usr/lib/x86_64-linux-gnu/libgnutls.a(aes-gcm-x86-ssse3.o): in function `aes_gcm_setiv':
(.text+0x449): undefined reference to `nettle_gcm_set_iv'
/usr/bin/ld: /usr/lib/x86_64-linux-gnu/libgnutls.a(aes-gcm-x86-ssse3.o): in function `aes_gcm_aead_encrypt':
(.text+0x4f5): undefined reference to `nettle_gcm_set_iv'
/usr/bin/ld: (.text+0x511): undefined reference to `nettle_gcm_update'
/usr/bin/ld: (.text+0x551): undefined reference to `nettle_gcm_digest'
/usr/bin/ld: /usr/lib/x86_64-linux-gnu/libgnutls.a(aes-gcm-x86-ssse3.o): in function `aes_gcm_aead_decrypt':
(.text+0x6b7): undefined reference to `nettle_gcm_set_iv'
/usr/bin/ld: (.text+0x6e1): undefined reference to `nettle_gcm_update'
/usr/bin/ld: (.text+0x715): undefined reference to `nettle_gcm_decrypt'
/usr/bin/ld: (.text+0x734): undefined reference to `nettle_gcm_digest'
/usr/bin/ld: /usr/lib/x86_64-linux-gnu/libgnutls.a(aes-gcm-x86-ssse3.o): in function `aes_gcm_tag':
(.text+0x26): undefined reference to `nettle_gcm_digest'
/usr/bin/ld: /usr/lib/x86_64-linux-gnu/libgnutls.a(aes-padlock.o): in function `padlock_aes_cipher_setkey':
(.text+0xf8): undefined reference to `nettle_aes256_set_decrypt_key'
/usr/bin/ld: (.text+0x1f0): undefined reference to `nettle_aes192_set_decrypt_key'
/usr/bin/ld: (.text+0x2e1): undefined reference to `nettle_aes192_set_encrypt_key'
/usr/bin/ld: (.text+0x2f1): undefined reference to `nettle_aes256_set_encrypt_key'
/usr/bin/ld: /usr/lib/x86_64-linux-gnu/libgnutls.a(hmac-padlock.o): in function `wrap_padlock_hmac_fast':
(.text+0x70d): undefined reference to `nettle_memxor'
/usr/bin/ld: (.text+0x788): undefined reference to `nettle_memxor'
/usr/bin/ld: /usr/lib/x86_64-linux-gnu/libgnutls.a(hmac-padlock.o): in function `padlock_hmac_sha512_set_key':
(.text+0x380): undefined reference to `nettle_hmac_set_key'
/usr/bin/ld: /usr/lib/x86_64-linux-gnu/libgnutls.a(hmac-padlock.o): in function `padlock_hmac_sha384_set_key':
(.text+0x3b0): undefined reference to `nettle_hmac_set_key'
/usr/bin/ld: /usr/lib/x86_64-linux-gnu/libgnutls.a(hmac-padlock.o): in function `padlock_hmac_sha256_set_key':
(.text+0x3dd): undefined reference to `nettle_hmac_set_key'
/usr/bin/ld: /usr/lib/x86_64-linux-gnu/libgnutls.a(hmac-padlock.o): in function `padlock_hmac_sha224_set_key':
(.text+0x40d): undefined reference to `nettle_hmac_set_key'
/usr/bin/ld: /usr/lib/x86_64-linux-gnu/libgnutls.a(hmac-padlock.o): in function `padlock_hmac_sha1_set_key':
(.text+0x43d): undefined reference to `nettle_hmac_set_key'
/usr/bin/ld: /usr/lib/x86_64-linux-gnu/libgnutls.a(hmac-padlock.o): in function `padlock_hmac_sha512_digest':
(.text+0x470): undefined reference to `nettle_hmac_digest'
/usr/bin/ld: /usr/lib/x86_64-linux-gnu/libgnutls.a(hmac-padlock.o): in function `padlock_hmac_sha384_digest':
(.text+0x4a0): undefined reference to `nettle_hmac_digest'
/usr/bin/ld: /usr/lib/x86_64-linux-gnu/libgnutls.a(hmac-padlock.o): in function `padlock_hmac_sha256_digest':
(.text+0x4cd): undefined reference to `nettle_hmac_digest'
/usr/bin/ld: /usr/lib/x86_64-linux-gnu/libgnutls.a(hmac-padlock.o): in function `padlock_hmac_sha224_digest':
(.text+0x4fd): undefined reference to `nettle_hmac_digest'
/usr/bin/ld: /usr/lib/x86_64-linux-gnu/libgnutls.a(hmac-padlock.o): in function `padlock_hmac_sha1_digest':
(.text+0x52d): undefined reference to `nettle_hmac_digest'
/usr/bin/ld: /usr/lib/x86_64-linux-gnu/libgnutls.a(hmac-x86-ssse3.o): in function `x86_hmac_sha512_set_key':
(.text+0x480): undefined reference to `nettle_hmac_set_key'
/usr/bin/ld: /usr/lib/x86_64-linux-gnu/libgnutls.a(hmac-x86-ssse3.o): in function `x86_hmac_sha384_set_key':
(.text+0x4b0): undefined reference to `nettle_hmac_set_key'
/usr/bin/ld: /usr/lib/x86_64-linux-gnu/libgnutls.a(hmac-x86-ssse3.o): in function `x86_hmac_sha256_set_key':
(.text+0x4dd): undefined reference to `nettle_hmac_set_key'
/usr/bin/ld: /usr/lib/x86_64-linux-gnu/libgnutls.a(hmac-x86-ssse3.o): in function `x86_hmac_sha224_set_key':
(.text+0x50d): undefined reference to `nettle_hmac_set_key'
/usr/bin/ld: /usr/lib/x86_64-linux-gnu/libgnutls.a(hmac-x86-ssse3.o): in function `x86_hmac_sha1_set_key':
(.text+0x53d): undefined reference to `nettle_hmac_set_key'
/usr/bin/ld: /usr/lib/x86_64-linux-gnu/libgnutls.a(hmac-x86-ssse3.o): in function `x86_hmac_sha512_digest':
(.text+0x570): undefined reference to `nettle_hmac_digest'
/usr/bin/ld: /usr/lib/x86_64-linux-gnu/libgnutls.a(hmac-x86-ssse3.o): in function `x86_hmac_sha384_digest':
(.text+0x5a0): undefined reference to `nettle_hmac_digest'
/usr/bin/ld: /usr/lib/x86_64-linux-gnu/libgnutls.a(hmac-x86-ssse3.o): in function `x86_hmac_sha256_digest':
(.text+0x5cd): undefined reference to `nettle_hmac_digest'
/usr/bin/ld: /usr/lib/x86_64-linux-gnu/libgnutls.a(hmac-x86-ssse3.o): in function `x86_hmac_sha224_digest':
(.text+0x5fd): undefined reference to `nettle_hmac_digest'
/usr/bin/ld: /usr/lib/x86_64-linux-gnu/libgnutls.a(hmac-x86-ssse3.o): in function `x86_hmac_sha1_digest':
(.text+0x62d): undefined reference to `nettle_hmac_digest'
/usr/bin/ld: /usr/lib/x86_64-linux-gnu/libgnutls.a(sha-padlock.o): in function `_ctx_init':
(.text+0x5d0): undefined reference to `nettle_sha224_init'
/usr/bin/ld: (.text+0x5d7): undefined reference to `nettle_sha224_init'
/usr/bin/ld: (.text+0x634): undefined reference to `nettle_sha1_init'
/usr/bin/ld: (.text+0x661): undefined reference to `nettle_sha1_init'
/usr/bin/ld: (.text+0x688): undefined reference to `nettle_sha256_init'
/usr/bin/ld: (.text+0x694): undefined reference to `nettle_sha256_init'
/usr/bin/ld: (.text+0x6c8): undefined reference to `nettle_sha384_init'
/usr/bin/ld: (.text+0x6d4): undefined reference to `nettle_sha384_init'
/usr/bin/ld: (.text+0x708): undefined reference to `nettle_sha512_init'
/usr/bin/ld: (.text+0x714): undefined reference to `nettle_sha512_init'
/usr/bin/ld: /usr/lib/x86_64-linux-gnu/libgnutls.a(sha-padlock.o):(.data.rel.ro+0x98): undefined reference to `nettle_sha512_init'
/usr/bin/ld: /usr/lib/x86_64-linux-gnu/libgnutls.a(sha-padlock.o):(.data.rel.ro+0xd8): undefined reference to `nettle_sha384_init'
/usr/bin/ld: /usr/lib/x86_64-linux-gnu/libgnutls.a(sha-padlock.o):(.data.rel.ro+0x118): undefined reference to `nettle_sha256_init'
/usr/bin/ld: /usr/lib/x86_64-linux-gnu/libgnutls.a(sha-padlock.o):(.data.rel.ro+0x158): undefined reference to `nettle_sha224_init'
/usr/bin/ld: /usr/lib/x86_64-linux-gnu/libgnutls.a(sha-padlock.o):(.data.rel.ro+0x198): undefined reference to `nettle_sha1_init'
/usr/bin/ld: /usr/lib/x86_64-linux-gnu/libgnutls.a(sha-x86-ssse3.o): in function `_ctx_init':
(.text+0x6c): undefined reference to `nettle_sha224_init'
/usr/bin/ld: (.text+0x73): undefined reference to `nettle_sha224_init'
/usr/bin/ld: (.text+0x9b): undefined reference to `nettle_sha224_digest'
/usr/bin/ld: (.text+0xd4): undefined reference to `nettle_sha1_init'
/usr/bin/ld: (.text+0xdb): undefined reference to `nettle_sha1_init'
/usr/bin/ld: (.text+0xfc): undefined reference to `nettle_sha1_digest'
/usr/bin/ld: (.text+0x114): undefined reference to `nettle_sha256_init'
/usr/bin/ld: (.text+0x11b): undefined reference to `nettle_sha256_init'
/usr/bin/ld: (.text+0x13c): undefined reference to `nettle_sha256_digest'
/usr/bin/ld: (.text+0x15c): undefined reference to `nettle_sha384_init'
/usr/bin/ld: (.text+0x163): undefined reference to `nettle_sha384_init'
/usr/bin/ld: (.text+0x184): undefined reference to `nettle_sha384_digest'
/usr/bin/ld: (.text+0x1a4): undefined reference to `nettle_sha512_init'
/usr/bin/ld: (.text+0x1ab): undefined reference to `nettle_sha512_init'
/usr/bin/ld: (.text+0x1cc): undefined reference to `nettle_sha512_digest'
/usr/bin/ld: /usr/lib/x86_64-linux-gnu/libgnutls.a(sha-x86-ssse3.o): in function `x86_sha1_update':
(.text+0x54a): undefined reference to `nettle_sha1_update'
/usr/bin/ld: (.text+0x562): undefined reference to `nettle_sha1_update'
/usr/bin/ld: /usr/lib/x86_64-linux-gnu/libgnutls.a(sha-x86-ssse3.o): in function `x86_sha256_update':
(.text+0x6ea): undefined reference to `nettle_sha256_update'
/usr/bin/ld: (.text+0x702): undefined reference to `nettle_sha256_update'
/usr/bin/ld: /usr/lib/x86_64-linux-gnu/libgnutls.a(sha-x86-ssse3.o): in function `x86_sha512_update':
(.text+0x8da): undefined reference to `nettle_sha512_update'
/usr/bin/ld: (.text+0x8f2): undefined reference to `nettle_sha512_update'
/usr/bin/ld: /usr/lib/x86_64-linux-gnu/libgnutls.a(sha-x86-ssse3.o):(.data.rel.ro+0x18): undefined reference to `nettle_sha512_init'
/usr/bin/ld: /usr/lib/x86_64-linux-gnu/libgnutls.a(sha-x86-ssse3.o):(.data.rel.ro+0x28): undefined reference to `nettle_sha512_digest'
/usr/bin/ld: /usr/lib/x86_64-linux-gnu/libgnutls.a(sha-x86-ssse3.o):(.data.rel.ro+0x58): undefined reference to `nettle_sha384_init'
/usr/bin/ld: /usr/lib/x86_64-linux-gnu/libgnutls.a(sha-x86-ssse3.o):(.data.rel.ro+0x68): undefined reference to `nettle_sha384_digest'
/usr/bin/ld: /usr/lib/x86_64-linux-gnu/libgnutls.a(sha-x86-ssse3.o):(.data.rel.ro+0x98): undefined reference to `nettle_sha256_init'
/usr/bin/ld: /usr/lib/x86_64-linux-gnu/libgnutls.a(sha-x86-ssse3.o):(.data.rel.ro+0xa8): undefined reference to `nettle_sha256_digest'
/usr/bin/ld: /usr/lib/x86_64-linux-gnu/libgnutls.a(sha-x86-ssse3.o):(.data.rel.ro+0xd8): undefined reference to `nettle_sha224_init'
/usr/bin/ld: /usr/lib/x86_64-linux-gnu/libgnutls.a(sha-x86-ssse3.o):(.data.rel.ro+0xe8): undefined reference to `nettle_sha224_digest'
/usr/bin/ld: /usr/lib/x86_64-linux-gnu/libgnutls.a(sha-x86-ssse3.o):(.data.rel.ro+0x118): undefined reference to `nettle_sha1_init'
/usr/bin/ld: /usr/lib/x86_64-linux-gnu/libgnutls.a(sha-x86-ssse3.o):(.data.rel.ro+0x128): undefined reference to `nettle_sha1_digest'
/usr/bin/ld: /usr/lib/x86_64-linux-gnu/libgnutls.a(bignum-le.o): in function `_gnutls_mpz_get_str_256_u_le':
(.text+0x5a): undefined reference to `nettle_mpz_sizeinbase_256_u'
/usr/bin/ld: (.text+0x81): undefined reference to `__gmpz_export'
/usr/bin/ld: /usr/lib/x86_64-linux-gnu/libgnutls.a(bignum-le.o): in function `_gnutls_mpz_set_str_256_u_le':
(.text+0x11e): undefined reference to `__gmpz_import'
/usr/bin/ld: /usr/lib/x86_64-linux-gnu/libgnutls.a(bignum-le.o): in function `_gnutls_mpz_init_set_str_256_u_le':
(.text+0x14b): undefined reference to `__gmpz_init'
/usr/bin/ld: (.text+0x16c): undefined reference to `__gmpz_import'
/usr/bin/ld: /usr/lib/x86_64-linux-gnu/libgnutls.a(cmac-kuznyechik.o): in function `_gnutls_cmac_kuznyechik_set_key':
(.text+0x28): undefined reference to `nettle_cmac128_set_key'
/usr/bin/ld: (.text+0x35): undefined reference to `nettle_cmac128_init'
/usr/bin/ld: /usr/lib/x86_64-linux-gnu/libgnutls.a(cmac-kuznyechik.o): in function `_gnutls_cmac_kuznyechik_update':
(.text+0x5a): undefined reference to `nettle_cmac128_update'
/usr/bin/ld: /usr/lib/x86_64-linux-gnu/libgnutls.a(cmac-kuznyechik.o): in function `_gnutls_cmac_kuznyechik_digest':
(.text+0x80): undefined reference to `nettle_cmac128_digest'
/usr/bin/ld: /usr/lib/x86_64-linux-gnu/libgnutls.a(cmac-magma.o): in function `_gnutls_cmac_magma_set_key':
(.text+0x28): undefined reference to `nettle_cmac64_set_key'
/usr/bin/ld: (.text+0x35): undefined reference to `nettle_cmac64_init'
/usr/bin/ld: /usr/lib/x86_64-linux-gnu/libgnutls.a(cmac-magma.o): in function `_gnutls_cmac_magma_update':
(.text+0x5a): undefined reference to `nettle_cmac64_update'
/usr/bin/ld: /usr/lib/x86_64-linux-gnu/libgnutls.a(cmac-magma.o): in function `_gnutls_cmac_magma_digest':
(.text+0x80): undefined reference to `nettle_cmac64_digest'
/usr/bin/ld: /usr/lib/x86_64-linux-gnu/libgnutls.a(dsa-compute-k.o): in function `_gnutls_dsa_compute_k':
(.text+0x111): undefined reference to `__gmpn_rshift'
/usr/bin/ld: (.text+0x133): undefined reference to `__gmpn_sub_n'
/usr/bin/ld: (.text+0x14e): undefined reference to `__gmpn_cnd_add_n'
/usr/bin/ld: (.text+0x472): undefined reference to `__gmpn_zero'
/usr/bin/ld: (.text+0x49d): undefined reference to `__gmpn_copyi'
/usr/bin/ld: (.text+0x56d): undefined reference to `__gmpn_rshift'
/usr/bin/ld: (.text+0x5db): undefined reference to `__gmpn_sub_n'
/usr/bin/ld: /usr/lib/x86_64-linux-gnu/libgnutls.a(dsa-compute-k.o): in function `_gnutls_dsa_compute_k_finish':
(.text+0x6f1): undefined reference to `__gmpn_sec_sub_1'
/usr/bin/ld: /usr/lib/x86_64-linux-gnu/libgnutls.a(dsa-keygen-fips186.o): in function `_dsa_generate_dss_pq':
(.text+0xe9): undefined reference to `__gmpz_init'
/usr/bin/ld: (.text+0xff): undefined reference to `__gmpz_init'
/usr/bin/ld: (.text+0x115): undefined reference to `__gmpz_init'
/usr/bin/ld: (.text+0x12b): undefined reference to `__gmpz_init'
/usr/bin/ld: (.text+0x141): undefined reference to `__gmpz_init'
/usr/bin/ld: /usr/lib/x86_64-linux-gnu/libgnutls.a(dsa-keygen-fips186.o):(.text+0x149): more undefined references to `__gmpz_init' follow
/usr/bin/ld: /usr/lib/x86_64-linux-gnu/libgnutls.a(dsa-keygen-fips186.o): in function `_dsa_generate_dss_pq':
(.text+0x170): undefined reference to `__gmpz_set_ui'
/usr/bin/ld: (.text+0x183): undefined reference to `__gmpz_mul_2exp'
/usr/bin/ld: (.text+0x191): undefined reference to `nettle_mpz_set_str_256_u'
/usr/bin/ld: (.text+0x1a0): undefined reference to `__gmpz_cmp'
/usr/bin/ld: (.text+0x30a): undefined reference to `__gmpz_set_ui'
/usr/bin/ld: (.text+0x328): undefined reference to `__gmpz_mul_2exp'
/usr/bin/ld: (.text+0x33d): undefined reference to `__gmpz_fdiv_r_2exp'
/usr/bin/ld: (.text+0x34b): undefined reference to `__gmpz_add'
/usr/bin/ld: (.text+0x366): undefined reference to `__gmpz_mul_2exp'
/usr/bin/ld: (.text+0x378): undefined reference to `__gmpz_mul'
/usr/bin/ld: (.text+0x398): undefined reference to `__gmpz_cdiv_q'
/usr/bin/ld: (.text+0x3fb): undefined reference to `__gmpz_set_ui'
/usr/bin/ld: (.text+0x413): undefined reference to `nettle_mpz_sizeinbase_256_u'
/usr/bin/ld: (.text+0x42c): undefined reference to `nettle_mpz_get_str_256'
/usr/bin/ld: (.text+0x43c): undefined reference to `__gmpz_sub_ui'
/usr/bin/ld: (.text+0x44e): undefined reference to `__gmpz_mod'
/usr/bin/ld: (.text+0x462): undefined reference to `__gmpz_add_ui'
/usr/bin/ld: (.text+0x476): undefined reference to `__gmpz_mul_2exp'
/usr/bin/ld: (.text+0x488): undefined reference to `__gmpz_mul'
/usr/bin/ld: (.text+0x4a1): undefined reference to `__gmpz_powm'
/usr/bin/ld: (.text+0x4b5): undefined reference to `__gmpz_sub_ui'
/usr/bin/ld: (.text+0x4c3): undefined reference to `__gmpz_gcd'
/usr/bin/ld: (.text+0x4d0): undefined reference to `__gmpz_cmp_ui'
/usr/bin/ld: (.text+0x51a): undefined reference to `__gmpz_add_ui'
/usr/bin/ld: (.text+0x530): undefined reference to `__gmpz_mul'
/usr/bin/ld: (.text+0x540): undefined reference to `__gmpz_add_ui'
/usr/bin/ld: (.text+0x54d): undefined reference to `__gmpz_sizeinbase'
/usr/bin/ld: (.text+0x567): undefined reference to `__gmpz_set_ui'
/usr/bin/ld: (.text+0x579): undefined reference to `__gmpz_mul_2exp'
/usr/bin/ld: (.text+0x58f): undefined reference to `__gmpz_cdiv_q'
/usr/bin/ld: (.text+0x5a5): undefined reference to `__gmpz_mul'
/usr/bin/ld: (.text+0x5b5): undefined reference to `__gmpz_add_ui'
/usr/bin/ld: (.text+0x5d6): undefined reference to `__gmpz_clear'
/usr/bin/ld: (.text+0x5e2): undefined reference to `__gmpz_clear'
/usr/bin/ld: (.text+0x5ee): undefined reference to `__gmpz_clear'
/usr/bin/ld: (.text+0x5fa): undefined reference to `__gmpz_clear'
/usr/bin/ld: (.text+0x606): undefined reference to `__gmpz_clear'
/usr/bin/ld: /usr/lib/x86_64-linux-gnu/libgnutls.a(dsa-keygen-fips186.o):(.text+0x60e): more undefined references to `__gmpz_clear' follow
/usr/bin/ld: /usr/lib/x86_64-linux-gnu/libgnutls.a(dsa-keygen-fips186.o): in function `_dsa_generate_dss_pq':
(.text+0x6a0): undefined reference to `nettle_mpz_set_str_256_u'
/usr/bin/ld: (.text+0x6cf): undefined reference to `nettle_mpz_sizeinbase_256_u'
/usr/bin/ld: (.text+0x6e8): undefined reference to `nettle_mpz_get_str_256'
/usr/bin/ld: (.text+0x70c): undefined reference to `nettle_sha384_init'
/usr/bin/ld: (.text+0x725): undefined reference to `nettle_sha512_update'
/usr/bin/ld: (.text+0x739): undefined reference to `nettle_sha384_digest'
/usr/bin/ld: (.text+0x749): undefined reference to `__gmpz_add_ui'
/usr/bin/ld: (.text+0x779): undefined reference to `nettle_mpz_set_str_256_u'
/usr/bin/ld: (.text+0x79d): undefined reference to `__gmpz_powm'
/usr/bin/ld: (.text+0x7aa): undefined reference to `__gmpz_cmp_ui'
/usr/bin/ld: (.text+0x811): undefined reference to `nettle_mpz_sizeinbase_256_u'
/usr/bin/ld: (.text+0x82a): undefined reference to `nettle_mpz_get_str_256'
/usr/bin/ld: (.text+0x84a): undefined reference to `nettle_sha384_init'
/usr/bin/ld: (.text+0x85f): undefined reference to `nettle_sha512_update'
/usr/bin/ld: (.text+0x86f): undefined reference to `nettle_sha384_digest'
/usr/bin/ld: (.text+0x87f): undefined reference to `__gmpz_add_ui'
/usr/bin/ld: (.text+0x8bd): undefined reference to `nettle_mpz_set_str_256_u'
/usr/bin/ld: /usr/lib/x86_64-linux-gnu/libgnutls.a(dsa-keygen-fips186.o): in function `_dsa_generate_dss_g':
(.text+0x987): undefined reference to `__gmpz_init'
/usr/bin/ld: (.text+0x98f): undefined reference to `__gmpz_init'
/usr/bin/ld: (.text+0x9fe): undefined reference to `__gmpz_sub_ui'
/usr/bin/ld: (.text+0xa0d): undefined reference to `__gmpz_fdiv_q'
/usr/bin/ld: (.text+0xa9d): undefined reference to `nettle_sha384_init'
/usr/bin/ld: (.text+0xab3): undefined reference to `nettle_sha512_update'
/usr/bin/ld: (.text+0xac7): undefined reference to `nettle_sha384_digest'
/usr/bin/ld: (.text+0xadb): undefined reference to `nettle_mpz_set_str_256_u'
/usr/bin/ld: (.text+0xaf4): undefined reference to `__gmpz_powm'
/usr/bin/ld: (.text+0xb01): undefined reference to `__gmpz_cmp_ui'
/usr/bin/ld: (.text+0xb45): undefined reference to `__gmpz_clear'
/usr/bin/ld: (.text+0xb4d): undefined reference to `__gmpz_clear'
/usr/bin/ld: /usr/lib/x86_64-linux-gnu/libgnutls.a(dsa-keygen-fips186.o): in function `_dsa_generate_dss_xy':
(.text+0xbdc): undefined reference to `__gmpz_init'
/usr/bin/ld: (.text+0xbe8): undefined reference to `__gmpz_set'
/usr/bin/ld: (.text+0xbf8): undefined reference to `__gmpz_sub_ui'
/usr/bin/ld: (.text+0xc09): undefined reference to `nettle_mpz_random'
/usr/bin/ld: (.text+0xc19): undefined reference to `__gmpz_add_ui'
/usr/bin/ld: (.text+0xc2c): undefined reference to `__gmpz_powm'
/usr/bin/ld: (.text+0xc34): undefined reference to `__gmpz_clear'
/usr/bin/ld: /usr/lib/x86_64-linux-gnu/libgnutls.a(dsa-validate.o): in function `_dsa_validate_dss_g':
(.text+0x41): undefined reference to `__gmpz_sizeinbase'
/usr/bin/ld: (.text+0x51): undefined reference to `__gmpz_sizeinbase'
/usr/bin/ld: (.text+0x9c): undefined reference to `__gmpz_init'
/usr/bin/ld: (.text+0xa4): undefined reference to `nettle_dsa_params_init'
/usr/bin/ld: (.text+0xaf): undefined reference to `__gmpz_set'
/usr/bin/ld: (.text+0xbb): undefined reference to `__gmpz_set'
/usr/bin/ld: (.text+0xcf): undefined reference to `__gmpz_set'
/usr/bin/ld: (.text+0xdf): undefined reference to `__gmpz_sub_ui'
/usr/bin/ld: (.text+0xf7): undefined reference to `__gmpz_cmp_ui'
/usr/bin/ld: (.text+0x10a): undefined reference to `__gmpz_cmp'
/usr/bin/ld: (.text+0x126): undefined reference to `__gmpz_powm'
/usr/bin/ld: (.text+0x133): undefined reference to `__gmpz_cmp_ui'
/usr/bin/ld: (.text+0x14c): undefined reference to `nettle_dsa_params_clear'
/usr/bin/ld: (.text+0x154): undefined reference to `__gmpz_clear'
/usr/bin/ld: (.text+0x191): undefined reference to `__gmpz_cmp'
/usr/bin/ld: /usr/lib/x86_64-linux-gnu/libgnutls.a(dsa-validate.o): in function `_dsa_validate_dss_pq':
(.text+0x1e3): undefined reference to `__gmpz_sizeinbase'
/usr/bin/ld: (.text+0x1ff): undefined reference to `__gmpz_sizeinbase'
/usr/bin/ld: (.text+0x24b): undefined reference to `__gmpz_init'
/usr/bin/ld: (.text+0x261): undefined reference to `__gmpz_init'
/usr/bin/ld: (.text+0x277): undefined reference to `nettle_dsa_params_init'
/usr/bin/ld: (.text+0x294): undefined reference to `nettle_mpz_set_str_256_u'
/usr/bin/ld: (.text+0x2a1): undefined reference to `__gmpz_set_ui'
/usr/bin/ld: (.text+0x2ba): undefined reference to `__gmpz_mul_2exp'
/usr/bin/ld: (.text+0x2c9): undefined reference to `__gmpz_cmp'
/usr/bin/ld: (.text+0x2de): undefined reference to `__gmpz_set_ui'
/usr/bin/ld: (.text+0x2ec): undefined reference to `__gmpz_mul_2exp'
/usr/bin/ld: (.text+0x2fb): undefined reference to `__gmpz_cmp'
/usr/bin/ld: (.text+0x30c): undefined reference to `__gmpz_set_ui'
/usr/bin/ld: (.text+0x31a): undefined reference to `__gmpz_mul_2exp'
/usr/bin/ld: (.text+0x325): undefined reference to `__gmpz_cmp'
/usr/bin/ld: (.text+0x334): undefined reference to `__gmpz_set'
/usr/bin/ld: (.text+0x344): undefined reference to `__gmpz_sub_ui'
/usr/bin/ld: (.text+0x356): undefined reference to `__gmpz_mod'
/usr/bin/ld: (.text+0x378): undefined reference to `nettle_dsa_params_clear'
/usr/bin/ld: (.text+0x380): undefined reference to `__gmpz_clear'
/usr/bin/ld: (.text+0x38c): undefined reference to `__gmpz_clear'
/usr/bin/ld: (.text+0x449): undefined reference to `__gmpz_cmp'
/usr/bin/ld: (.text+0x460): undefined reference to `__gmpz_cmp'
/usr/bin/ld: (.text+0x479): undefined reference to `__gmpz_sizeinbase'
/usr/bin/ld: /usr/lib/x86_64-linux-gnu/libgnutls.a(ecdsa-compute-k.o): in function `_gnutls_ecc_curve_to_dsa_q':
(.text+0x35): undefined reference to `__gmpz_init_set_str'
/usr/bin/ld: (.text+0x4d): undefined reference to `__gmpz_init_set_str'
/usr/bin/ld: (.text+0x65): undefined reference to `__gmpz_init_set_str'
/usr/bin/ld: (.text+0x7d): undefined reference to `__gmpz_init_set_str'
/usr/bin/ld: (.text+0x95): undefined reference to `__gmpz_init_set_str'
/usr/bin/ld: /usr/lib/x86_64-linux-gnu/libgnutls.a(mpn-base256.o): in function `mpn_set_base256':
(.text+0x9a): undefined reference to `__gmpn_zero'
/usr/bin/ld: (.text+0xb7): undefined reference to `__gmpn_zero'
/usr/bin/ld: /usr/lib/x86_64-linux-gnu/libgnutls.a(provable-prime.o): in function `mpz_seed_sizeinbase_256_u':
(.text+0x10): undefined reference to `nettle_mpz_sizeinbase_256_u'
/usr/bin/ld: /usr/lib/x86_64-linux-gnu/libgnutls.a(provable-prime.o): in function `st_provable_prime.localalias':
(.text+0xa3): undefined reference to `__gmpz_init'
/usr/bin/ld: (.text+0xb9): undefined reference to `__gmpz_init'
/usr/bin/ld: (.text+0xc1): undefined reference to `__gmpz_init'
/usr/bin/ld: (.text+0xd7): undefined reference to `__gmpz_init'
/usr/bin/ld: (.text+0xed): undefined reference to `__gmpz_init'
/usr/bin/ld: /usr/lib/x86_64-linux-gnu/libgnutls.a(provable-prime.o):(.text+0x103): more undefined references to `__gmpz_init' follow
/usr/bin/ld: /usr/lib/x86_64-linux-gnu/libgnutls.a(provable-prime.o): in function `st_provable_prime.localalias':
(.text+0x1b9): undefined reference to `nettle_mpz_set_str_256_u'
/usr/bin/ld: (.text+0x1fa): undefined reference to `__gmpz_set_ui'
/usr/bin/ld: (.text+0x299): undefined reference to `nettle_mpz_get_str_256'
/usr/bin/ld: (.text+0x2ab): undefined reference to `nettle_sha384_init'
/usr/bin/ld: (.text+0x2c1): undefined reference to `nettle_sha512_update'
/usr/bin/ld: (.text+0x2d1): undefined reference to `nettle_sha384_digest'
/usr/bin/ld: (.text+0x2e1): undefined reference to `__gmpz_add_ui'
/usr/bin/ld: (.text+0x335): undefined reference to `__gmpz_clear'
/usr/bin/ld: (.text+0x341): undefined reference to `__gmpz_clear'
/usr/bin/ld: (.text+0x349): undefined reference to `__gmpz_clear'
/usr/bin/ld: (.text+0x351): undefined reference to `__gmpz_clear'
/usr/bin/ld: (.text+0x35d): undefined reference to `__gmpz_clear'
/usr/bin/ld: /usr/lib/x86_64-linux-gnu/libgnutls.a(provable-prime.o):(.text+0x369): more undefined references to `__gmpz_clear' follow
/usr/bin/ld: /usr/lib/x86_64-linux-gnu/libgnutls.a(provable-prime.o): in function `st_provable_prime.localalias':
(.text+0x3f8): undefined reference to `__gmpz_init'
/usr/bin/ld: (.text+0x406): undefined reference to `nettle_mpz_set_str_256_u'
/usr/bin/ld: (.text+0x472): undefined reference to `nettle_mpz_get_str_256'
/usr/bin/ld: (.text+0x47a): undefined reference to `nettle_sha384_init'
/usr/bin/ld: (.text+0x488): undefined reference to `nettle_sha512_update'
/usr/bin/ld: (.text+0x49f): undefined reference to `nettle_sha384_digest'
/usr/bin/ld: (.text+0x4af): undefined reference to `__gmpz_add_ui'
/usr/bin/ld: (.text+0x4e6): undefined reference to `nettle_mpz_get_str_256'
/usr/bin/ld: (.text+0x4ee): undefined reference to `nettle_sha384_init'
/usr/bin/ld: (.text+0x500): undefined reference to `nettle_sha512_update'
/usr/bin/ld: (.text+0x51e): undefined reference to `nettle_sha384_digest'
/usr/bin/ld: (.text+0x532): undefined reference to `nettle_memxor'
/usr/bin/ld: (.text+0x561): undefined reference to `__gmpz_add_ui'
/usr/bin/ld: (.text+0x5b4): undefined reference to `__gmpz_set_ui'
/usr/bin/ld: (.text+0x5f0): undefined reference to `nettle_mpz_get_str_256'
/usr/bin/ld: (.text+0x618): undefined reference to `__gmpz_clear'
/usr/bin/ld: (.text+0x663): undefined reference to `__gmpz_clear'
/usr/bin/ld: (.text+0x698): undefined reference to `__gmpz_set_ui'
/usr/bin/ld: (.text+0x6b0): undefined reference to `__gmpz_mul_2exp'
/usr/bin/ld: (.text+0x6c5): undefined reference to `__gmpz_fdiv_r_2exp'
/usr/bin/ld: (.text+0x6d3): undefined reference to `__gmpz_add'
/usr/bin/ld: (.text+0x6ee): undefined reference to `__gmpz_mul_2exp'
/usr/bin/ld: (.text+0x704): undefined reference to `__gmpz_cdiv_q'
/usr/bin/ld: (.text+0x76c): undefined reference to `__gmpz_mul'
/usr/bin/ld: (.text+0x77c): undefined reference to `__gmpz_add_ui'
/usr/bin/ld: (.text+0x789): undefined reference to `__gmpz_set_ui'
/usr/bin/ld: (.text+0x79b): undefined reference to `__gmpz_mul_2exp'
/usr/bin/ld: (.text+0x7a6): undefined reference to `__gmpz_cmp'
/usr/bin/ld: (.text+0x7ba): undefined reference to `__gmpz_fdiv_q_2exp'
/usr/bin/ld: (.text+0x7c8): undefined reference to `__gmpz_cdiv_q'
/usr/bin/ld: (.text+0x7d6): undefined reference to `__gmpz_mul'
/usr/bin/ld: (.text+0x7e6): undefined reference to `__gmpz_add_ui'
/usr/bin/ld: (.text+0x7fc): undefined reference to `__gmpz_set_ui'
/usr/bin/ld: (.text+0x823): undefined reference to `__gmpz_sub_ui'
/usr/bin/ld: (.text+0x831): undefined reference to `__gmpz_mod'
/usr/bin/ld: (.text+0x841): undefined reference to `__gmpz_add_ui'
/usr/bin/ld: (.text+0x855): undefined reference to `__gmpz_mul_2exp'
/usr/bin/ld: (.text+0x86d): undefined reference to `__gmpz_powm'
/usr/bin/ld: (.text+0x87d): undefined reference to `__gmpz_sub_ui'
/usr/bin/ld: (.text+0x88b): undefined reference to `__gmpz_gcd'
/usr/bin/ld: (.text+0x898): undefined reference to `__gmpz_cmp_ui'
/usr/bin/ld: (.text+0x8e8): undefined reference to `__gmpz_add_ui'
/usr/bin/ld: (.text+0x941): undefined reference to `nettle_mpz_get_str_256'
/usr/bin/ld: (.text+0x953): undefined reference to `nettle_sha384_init'
/usr/bin/ld: (.text+0x969): undefined reference to `nettle_sha512_update'
/usr/bin/ld: (.text+0x979): undefined reference to `nettle_sha384_digest'
/usr/bin/ld: (.text+0x989): undefined reference to `__gmpz_add_ui'
/usr/bin/ld: (.text+0x9ed): undefined reference to `__gmpz_powm'
/usr/bin/ld: (.text+0x9fa): undefined reference to `__gmpz_cmp_ui'
/usr/bin/ld: (.text+0xa1b): undefined reference to `__gmpz_set'
/usr/bin/ld: (.text+0xa58): undefined reference to `nettle_mpz_get_str_256'
/usr/bin/ld: (.text+0xa9f): undefined reference to `nettle_mpz_set_str_256_u'
/usr/bin/ld: (.text+0xacc): undefined reference to `nettle_mpz_set_str_256_u'
/usr/bin/ld: /usr/lib/x86_64-linux-gnu/libgnutls.a(vko.o): in function `_gnutls_gost_keytrans_encrypt':
(.text+0x28c): undefined reference to `asn1_create_element'
/usr/bin/ld: (.text+0x3b7): undefined reference to `asn1_write_value'
/usr/bin/ld: (.text+0x407): undefined reference to `asn1_delete_structure'
/usr/bin/ld: /usr/lib/x86_64-linux-gnu/libgnutls.a(vko.o): in function `_gnutls_gost_keytrans_decrypt':
(.text+0x620): undefined reference to `asn1_create_element'
/usr/bin/ld: (.text+0x6a4): undefined reference to `asn1_der_decoding2'
/usr/bin/ld: (.text+0x6db): undefined reference to `asn1_delete_structure'
/usr/bin/ld: (.text+0x77f): undefined reference to `asn1_read_value'
/usr/bin/ld: (.text+0x7f0): undefined reference to `asn1_delete_structure'
/usr/bin/ld: /usr/lib/x86_64-linux-gnu/libgnutls.a(gost-wrap.o): in function `_gnutls_gost28147_kdf_cryptopro':
(.text+0x13b): undefined reference to `nettle_cfb_encrypt'
/usr/bin/ld: /usr/lib/x86_64-linux-gnu/libgnutls.a(gost-wrap.o): in function `_gnutls_gost28147_key_unwrap_cryptopro':
(.text+0x390): undefined reference to `nettle_memeql_sec'
/usr/bin/ld: warning: creating DT_TEXTREL in a PIE
collect2: error: ld returned 1 exit status
make[2]: *** [examples/CMakeFiles/friendly_example_client.dir/build.make:1082: examples/friendly_example_client] Error 1
make[1]: *** [CMakeFiles/Makefile2:1492: examples/CMakeFiles/friendly_example_client.dir/all] Error 2
make: *** [Makefile:166: all] Error 2
