[  2%] Building CXX object CMakeFiles/test_dtls_integration.dir/test/test_dtls_integration.cpp.o
[  3%] Building CXX object CMakeFiles/test_dtls_providers.dir/test/test_dtls_providers.cpp.o
[  4%] Building CXX object CMakeFiles/test_dtls_integration.dir/examples/platform/connection_dtls/DtlsProviderFactory.cpp.o
[  4%] Building CXX object CMakeFiles/test_dtls_providers.dir/examples/platform/connection_dtls/DtlsProviderFactory.cpp.o
[  6%] Building CXX object CMakeFiles/test_dtls_integration.dir/examples/platform/connection_dtls/MbedTlsProvider.cpp.o
[  6%] Building CXX object CMakeFiles/test_dtls_providers.dir/examples/platform/connection_dtls/MbedTlsProvider.cpp.o
[  7%] Building CXX object CMakeFiles/friendly_lwm2m.dir/src/platform/openwrt_platform.cpp.o
[  9%] Building CXX object CMakeFiles/friendly_lwm2m.dir/src/platform/linux_platform.cpp.o
[ 10%] Building CXX object CMakeFiles/friendly_lwm2m.dir/src/firmware/delta_algorithms.cpp.o
[ 11%] Building CXX object CMakeFiles/friendly_lwm2m.dir/src/firmware/rollback_manager.cpp.o
[ 12%] Building CXX object CMakeFiles/friendly_lwm2m.dir/src/transport/blockwise_transfer.cpp.o
[ 13%] Building CXX object CMakeFiles/friendly_lwm2m.dir/src/transport/mqtt_transport.cpp.o
[ 14%] Building CXX object CMakeFiles/friendly_lwm2m.dir/src/objects/advanced_firmware_update_object.cpp.o
[ 15%] Building CXX object CMakeFiles/friendly_lwm2m.dir/src/objects/mqtt_server_object.cpp.o
[ 17%] Building CXX object CMakeFiles/friendly_lwm2m.dir/src/objects/lwm2m_cose_object.cpp.o
[ 18%] Building C object examples/CMakeFiles/friendly_example_client.dir/__/2305-Wakaama/core/bootstrap.c.o
[ 19%] Building C object examples/CMakeFiles/friendly_example_client.dir/__/2305-Wakaama/core/discover.c.o
[ 20%] Building C object examples/CMakeFiles/friendly_example_client.dir/__/2305-Wakaama/core/liblwm2m.c.o
[ 21%] Building C object examples/CMakeFiles/friendly_example_client.dir/__/2305-Wakaama/core/list.c.o
[ 22%] Building C object examples/CMakeFiles/friendly_example_client.dir/__/2305-Wakaama/core/management.c.o
[ 23%] Building C object examples/CMakeFiles/friendly_example_client.dir/__/2305-Wakaama/core/objects.c.o
[ 26%] Building C object examples/CMakeFiles/friendly_example_client.dir/__/2305-Wakaama/core/observe.c.o
[ 26%] Building C object examples/CMakeFiles/friendly_example_client.dir/__/2305-Wakaama/core/packet.c.o
[ 27%] Building C object examples/CMakeFiles/friendly_example_client.dir/__/2305-Wakaama/core/registration.c.o
/mnt/d/Dev/Friendly-LwM2M-Client/examples/platform/connection_dtls/MbedTlsProvider.cpp: In member function ‘virtual int MbedTlsProvider::setRPK(void*, const uint8_t*, size_t, const uint8_t*, size_t)’:
/mnt/d/Dev/Friendly-LwM2M-Client/examples/platform/connection_dtls/MbedTlsProvider.cpp:349:72: warning: unused parameter ‘priv_len’ [-Wunused-parameter]
  349 | int MbedTlsProvider::setRPK(void* ctx, const uint8_t* priv_key, size_t priv_len,
      |                                                                 ~~~~~~~^~~~~~~~
/mnt/d/Dev/Friendly-LwM2M-Client/examples/platform/connection_dtls/MbedTlsProvider.cpp:350:60: warning: unused parameter ‘pub_len’ [-Wunused-parameter]
  350 |                             const uint8_t* pub_key, size_t pub_len) {
      |                                                     ~~~~~~~^~~~~~~
/mnt/d/Dev/Friendly-LwM2M-Client/examples/platform/connection_dtls/MbedTlsProvider.cpp: In member function ‘virtual int MbedTlsProvider::setRPK(void*, const uint8_t*, size_t, const uint8_t*, size_t)’:
/mnt/d/Dev/Friendly-LwM2M-Client/examples/platform/connection_dtls/MbedTlsProvider.cpp:349:72: warning: unused parameter ‘priv_len’ [-Wunused-parameter]
  349 | int MbedTlsProvider::setRPK(void* ctx, const uint8_t* priv_key, size_t priv_len,
      |                                                                 ~~~~~~~^~~~~~~~
/mnt/d/Dev/Friendly-LwM2M-Client/examples/platform/connection_dtls/MbedTlsProvider.cpp:350:60: warning: unused parameter ‘pub_len’ [-Wunused-parameter]
  350 |                             const uint8_t* pub_key, size_t pub_len) {
      |                                                     ~~~~~~~^~~~~~~
/mnt/d/Dev/Friendly-LwM2M-Client/examples/platform/connection_dtls/MbedTlsProvider.cpp: In member function ‘virtual int MbedTlsProvider::enableCID(void*, uint8_t)’:
/mnt/d/Dev/Friendly-LwM2M-Client/examples/platform/connection_dtls/MbedTlsProvider.cpp:549:38: warning: unused parameter ‘dtls_session’ [-Wunused-parameter]
  549 | int MbedTlsProvider::enableCID(void* dtls_session, uint8_t cid_len) {
      |                                ~~~~~~^~~~~~~~~~~~
/mnt/d/Dev/Friendly-LwM2M-Client/examples/platform/connection_dtls/MbedTlsProvider.cpp:549:60: warning: unused parameter ‘cid_len’ [-Wunused-parameter]
  549 | int MbedTlsProvider::enableCID(void* dtls_session, uint8_t cid_len) {
      |                                                    ~~~~~~~~^~~~~~~
/mnt/d/Dev/Friendly-LwM2M-Client/examples/platform/connection_dtls/MbedTlsProvider.cpp: In member function ‘virtual bool MbedTlsProvider::isCIDNegotiated(void*) const’:
/mnt/d/Dev/Friendly-LwM2M-Client/examples/platform/connection_dtls/MbedTlsProvider.cpp:573:45: warning: unused parameter ‘dtls_session’ [-Wunused-parameter]
  573 | bool MbedTlsProvider::isCIDNegotiated(void* dtls_session) const {
      |                                       ~~~~~~^~~~~~~~~~~~
/mnt/d/Dev/Friendly-LwM2M-Client/examples/platform/connection_dtls/MbedTlsProvider.cpp: In member function ‘virtual int MbedTlsProvider::getCIDVersion(void*) const’:
/mnt/d/Dev/Friendly-LwM2M-Client/examples/platform/connection_dtls/MbedTlsProvider.cpp:597:42: warning: unused parameter ‘dtls_session’ [-Wunused-parameter]
  597 | int MbedTlsProvider::getCIDVersion(void* dtls_session) const {
      |                                    ~~~~~~^~~~~~~~~~~~
/mnt/d/Dev/Friendly-LwM2M-Client/examples/platform/connection_dtls/MbedTlsProvider.cpp: In member function ‘virtual void* MbedTlsProvider::getPeerByCID(void*, const uint8_t*, uint8_t)’:
/mnt/d/Dev/Friendly-LwM2M-Client/examples/platform/connection_dtls/MbedTlsProvider.cpp:605:43: warning: unused parameter ‘ctx’ [-Wunused-parameter]
  605 | void* MbedTlsProvider::getPeerByCID(void* ctx, const uint8_t* cid, uint8_t cid_len) {
      |                                     ~~~~~~^~~
/mnt/d/Dev/Friendly-LwM2M-Client/examples/platform/connection_dtls/MbedTlsProvider.cpp:605:63: warning: unused parameter ‘cid’ [-Wunused-parameter]
  605 | void* MbedTlsProvider::getPeerByCID(void* ctx, const uint8_t* cid, uint8_t cid_len) {
      |                                                ~~~~~~~~~~~~~~~^~~
/mnt/d/Dev/Friendly-LwM2M-Client/examples/platform/connection_dtls/MbedTlsProvider.cpp:605:76: warning: unused parameter ‘cid_len’ [-Wunused-parameter]
  605 | void* MbedTlsProvider::getPeerByCID(void* ctx, const uint8_t* cid, uint8_t cid_len) {
      |                                                                    ~~~~~~~~^~~~~~~
/mnt/d/Dev/Friendly-LwM2M-Client/examples/platform/connection_dtls/MbedTlsProvider.cpp: In static member function ‘static int MbedTlsProvider::staticRecvTimeoutCallback(void*, unsigned char*, size_t, uint32_t)’:
/mnt/d/Dev/Friendly-LwM2M-Client/examples/platform/connection_dtls/MbedTlsProvider.cpp:669:58: warning: unused parameter ‘timeout’ [-Wunused-parameter]
  669 |                                                 uint32_t timeout) {
      |                                                 ~~~~~~~~~^~~~~~~
/mnt/d/Dev/Friendly-LwM2M-Client/examples/platform/connection_dtls/MbedTlsProvider.cpp: In member function ‘virtual int MbedTlsProvider::enableCID(void*, uint8_t)’:
/mnt/d/Dev/Friendly-LwM2M-Client/examples/platform/connection_dtls/MbedTlsProvider.cpp:549:38: warning: unused parameter ‘dtls_session’ [-Wunused-parameter]
  549 | int MbedTlsProvider::enableCID(void* dtls_session, uint8_t cid_len) {
      |                                ~~~~~~^~~~~~~~~~~~
/mnt/d/Dev/Friendly-LwM2M-Client/examples/platform/connection_dtls/MbedTlsProvider.cpp:549:60: warning: unused parameter ‘cid_len’ [-Wunused-parameter]
  549 | int MbedTlsProvider::enableCID(void* dtls_session, uint8_t cid_len) {
      |                                                    ~~~~~~~~^~~~~~~
/mnt/d/Dev/Friendly-LwM2M-Client/examples/platform/connection_dtls/MbedTlsProvider.cpp: In member function ‘virtual bool MbedTlsProvider::isCIDNegotiated(void*) const’:
/mnt/d/Dev/Friendly-LwM2M-Client/examples/platform/connection_dtls/MbedTlsProvider.cpp:573:45: warning: unused parameter ‘dtls_session’ [-Wunused-parameter]
  573 | bool MbedTlsProvider::isCIDNegotiated(void* dtls_session) const {
      |                                       ~~~~~~^~~~~~~~~~~~
/mnt/d/Dev/Friendly-LwM2M-Client/examples/platform/connection_dtls/MbedTlsProvider.cpp: In member function ‘virtual int MbedTlsProvider::getCIDVersion(void*) const’:
/mnt/d/Dev/Friendly-LwM2M-Client/examples/platform/connection_dtls/MbedTlsProvider.cpp:597:42: warning: unused parameter ‘dtls_session’ [-Wunused-parameter]
  597 | int MbedTlsProvider::getCIDVersion(void* dtls_session) const {
      |                                    ~~~~~~^~~~~~~~~~~~
/mnt/d/Dev/Friendly-LwM2M-Client/examples/platform/connection_dtls/MbedTlsProvider.cpp: In member function ‘virtual void* MbedTlsProvider::getPeerByCID(void*, const uint8_t*, uint8_t)’:
/mnt/d/Dev/Friendly-LwM2M-Client/examples/platform/connection_dtls/MbedTlsProvider.cpp:605:43: warning: unused parameter ‘ctx’ [-Wunused-parameter]
  605 | void* MbedTlsProvider::getPeerByCID(void* ctx, const uint8_t* cid, uint8_t cid_len) {
      |                                     ~~~~~~^~~
/mnt/d/Dev/Friendly-LwM2M-Client/examples/platform/connection_dtls/MbedTlsProvider.cpp:605:63: warning: unused parameter ‘cid’ [-Wunused-parameter]
  605 | void* MbedTlsProvider::getPeerByCID(void* ctx, const uint8_t* cid, uint8_t cid_len) {
      |                                                ~~~~~~~~~~~~~~~^~~
/mnt/d/Dev/Friendly-LwM2M-Client/examples/platform/connection_dtls/MbedTlsProvider.cpp:605:76: warning: unused parameter ‘cid_len’ [-Wunused-parameter]
  605 | void* MbedTlsProvider::getPeerByCID(void* ctx, const uint8_t* cid, uint8_t cid_len) {
      |                                                                    ~~~~~~~~^~~~~~~
/mnt/d/Dev/Friendly-LwM2M-Client/examples/platform/connection_dtls/MbedTlsProvider.cpp: In static member function ‘static int MbedTlsProvider::staticRecvTimeoutCallback(void*, unsigned char*, size_t, uint32_t)’:
/mnt/d/Dev/Friendly-LwM2M-Client/examples/platform/connection_dtls/MbedTlsProvider.cpp:669:58: warning: unused parameter ‘timeout’ [-Wunused-parameter]
  669 |                                                 uint32_t timeout) {
      |                                                 ~~~~~~~~~^~~~~~~
/mnt/d/Dev/Friendly-LwM2M-Client/test/test_dtls_integration.cpp: In member function ‘virtual void DtlsIntegrationTest_HandshakeInitiation_Test::TestBody()’:
/mnt/d/Dev/Friendly-LwM2M-Client/test/test_dtls_integration.cpp:169:9: warning: unused variable ‘result’ [-Wunused-variable]
  169 |     int result = provider->connect(session);
      |         ^~~~~~
[ 29%] Building C object examples/CMakeFiles/friendly_example_client.dir/__/2305-Wakaama/core/uri.c.o
[ 29%] Building C object examples/CMakeFiles/friendly_example_client.dir/__/2305-Wakaama/core/utils.c.o
[ 30%] Building C object examples/CMakeFiles/friendly_example_client.dir/__/2305-Wakaama/core/send.c.o
[ 31%] Building C object examples/CMakeFiles/friendly_example_client.dir/__/2305-Wakaama/core/objects/access_control.c.o
[ 32%] Building C object examples/CMakeFiles/friendly_example_client.dir/__/2305-Wakaama/coap/block.c.o
[ 34%] Building C object examples/CMakeFiles/friendly_example_client.dir/__/2305-Wakaama/coap/er-coap-13/er-coap-13.c.o
[ 35%] Building C object examples/CMakeFiles/friendly_example_client.dir/__/2305-Wakaama/coap/transaction.c.o
[ 36%] Building C object examples/CMakeFiles/friendly_example_client.dir/__/2305-Wakaama/data/data.c.o
[ 37%] Building C object examples/CMakeFiles/friendly_example_client.dir/__/2305-Wakaama/data/json.c.o
[ 38%] Building C object examples/CMakeFiles/friendly_example_client.dir/__/2305-Wakaama/data/json_common.c.o
[ 39%] Building C object examples/CMakeFiles/friendly_example_client.dir/__/2305-Wakaama/data/senml_json.c.o
/mnt/d/Dev/Friendly-LwM2M-Client/src/firmware/delta_algorithms.cpp: In member function ‘virtual lwm2m::firmware::DeltaResult lwm2m::firmware::BSDiffAlgorithm::validateDelta(const std::vector<unsigned char>&, uint64_t)’:
/mnt/d/Dev/Friendly-LwM2M-Client/src/firmware/delta_algorithms.cpp:385:54: warning: unused parameter ‘expectedSourceSize’ [-Wunused-parameter]
  385 |                                             uint64_t expectedSourceSize) {
      |                                             ~~~~~~~~~^~~~~~~~~~~~~~~~~~
/mnt/d/Dev/Friendly-LwM2M-Client/src/firmware/delta_algorithms.cpp: In member function ‘virtual lwm2m::firmware::DeltaResult lwm2m::firmware::VCDiffAlgorithm::createDelta(const std::vector<unsigned char>&, const std::vector<unsigned char>&, std::vector<unsigned char>&, lwm2m::firmware::DeltaProgressCallback)’:
/mnt/d/Dev/Friendly-LwM2M-Client/src/firmware/delta_algorithms.cpp:484:14: warning: variable ‘fromSource’ set but not used [-Wunused-but-set-variable]
  484 |         bool fromSource = false;
      |              ^~~~~~~~~~
/mnt/d/Dev/Friendly-LwM2M-Client/src/firmware/delta_algorithms.cpp:479:12: warning: variable ‘lastCopyAddr’ set but not used [-Wunused-but-set-variable]
  479 |     size_t lastCopyAddr = 0;
      |            ^~~~~~~~~~~~
/mnt/d/Dev/Friendly-LwM2M-Client/src/firmware/delta_algorithms.cpp: In member function ‘virtual lwm2m::firmware::DeltaResult lwm2m::firmware::VCDiffAlgorithm::applyDelta(const std::vector<unsigned char>&, const std::vector<unsigned char>&, std::vector<unsigned char>&, lwm2m::firmware::DeltaProgressCallback)’:
/mnt/d/Dev/Friendly-LwM2M-Client/src/firmware/delta_algorithms.cpp:598:13: warning: unused variable ‘hdrIndicator’ [-Wunused-variable]
  598 |     uint8_t hdrIndicator = *ptr++;
      |             ^~~~~~~~~~~~
/mnt/d/Dev/Friendly-LwM2M-Client/src/firmware/delta_algorithms.cpp:601:13: warning: unused variable ‘winIndicator’ [-Wunused-variable]
  601 |     uint8_t winIndicator = *ptr++;
      |             ^~~~~~~~~~~~
/mnt/d/Dev/Friendly-LwM2M-Client/src/firmware/delta_algorithms.cpp:602:14: warning: unused variable ‘sourceLen’ [-Wunused-variable]
  602 |     uint64_t sourceLen = Impl::readVarInt(ptr);
      |              ^~~~~~~~~
/mnt/d/Dev/Friendly-LwM2M-Client/src/firmware/delta_algorithms.cpp:603:14: warning: unused variable ‘sourcePos’ [-Wunused-variable]
  603 |     uint64_t sourcePos = Impl::readVarInt(ptr);
      |              ^~~~~~~~~
/mnt/d/Dev/Friendly-LwM2M-Client/src/firmware/delta_algorithms.cpp:606:14: warning: unused variable ‘deltaLen’ [-Wunused-variable]
  606 |     uint64_t deltaLen = Impl::readVarInt(ptr);
      |              ^~~~~~~~
/mnt/d/Dev/Friendly-LwM2M-Client/src/firmware/delta_algorithms.cpp:608:13: warning: unused variable ‘deltaIndicator’ [-Wunused-variable]
  608 |     uint8_t deltaIndicator = *ptr++;
      |             ^~~~~~~~~~~~~~
/mnt/d/Dev/Friendly-LwM2M-Client/src/firmware/delta_algorithms.cpp:611:14: warning: unused variable ‘addrLen’ [-Wunused-variable]
  611 |     uint64_t addrLen = Impl::readVarInt(ptr);
      |              ^~~~~~~
/mnt/d/Dev/Friendly-LwM2M-Client/src/firmware/delta_algorithms.cpp: In member function ‘virtual lwm2m::firmware::DeltaResult lwm2m::firmware::VCDiffAlgorithm::validateDelta(const std::vector<unsigned char>&, uint64_t)’:
/mnt/d/Dev/Friendly-LwM2M-Client/src/firmware/delta_algorithms.cpp:660:54: warning: unused parameter ‘expectedSourceSize’ [-Wunused-parameter]
  660 |                                             uint64_t expectedSourceSize) {
      |                                             ~~~~~~~~~^~~~~~~~~~~~~~~~~~
/mnt/d/Dev/Friendly-LwM2M-Client/src/firmware/delta_algorithms.cpp: In member function ‘virtual lwm2m::firmware::DeltaResult lwm2m::firmware::CourgetteAlgorithm::applyDelta(const std::vector<unsigned char>&, const std::vector<unsigned char>&, std::vector<unsigned char>&, lwm2m::firmware::DeltaProgressCallback)’:
/mnt/d/Dev/Friendly-LwM2M-Client/src/firmware/delta_algorithms.cpp:1011:22: warning: unused variable ‘format’ [-Wunused-variable]
 1011 |     ExecutableFormat format = static_cast<ExecutableFormat>(delta[8]);
      |                      ^~~~~~
/mnt/d/Dev/Friendly-LwM2M-Client/src/firmware/delta_algorithms.cpp: In member function ‘virtual lwm2m::firmware::DeltaResult lwm2m::firmware::CourgetteAlgorithm::validateDelta(const std::vector<unsigned char>&, uint64_t)’:
/mnt/d/Dev/Friendly-LwM2M-Client/src/firmware/delta_algorithms.cpp:1074:57: warning: unused parameter ‘expectedSourceSize’ [-Wunused-parameter]
 1074 |                                                uint64_t expectedSourceSize) {
      |                                                ~~~~~~~~~^~~~~~~~~~~~~~~~~~
[ 40%] Building C object examples/CMakeFiles/friendly_example_client.dir/__/2305-Wakaama/data/tlv.c.o
[ 42%] Building C object examples/CMakeFiles/friendly_example_client.dir/__/2305-Wakaama/data/cbor.c.o
[ 43%] Building C object examples/CMakeFiles/friendly_example_client.dir/__/2305-Wakaama/data/senml_cbor.c.o
/mnt/d/Dev/Friendly-LwM2M-Client/src/transport/mqtt_transport.cpp: In member function ‘lwm2m::transport::MqttResult lwm2m::transport::MqttTransport::disconnect(bool)’:
/mnt/d/Dev/Friendly-LwM2M-Client/src/transport/mqtt_transport.cpp:123:43: warning: unused parameter ‘sendWill’ [-Wunused-parameter]
  123 | MqttResult MqttTransport::disconnect(bool sendWill) {
      |                                      ~~~~~^~~~~~~~
/mnt/d/Dev/Friendly-LwM2M-Client/src/transport/mqtt_transport.cpp: In member function ‘lwm2m::transport::MqttResult lwm2m::transport::MqttTransport::process(uint32_t)’:
/mnt/d/Dev/Friendly-LwM2M-Client/src/transport/mqtt_transport.cpp:151:44: warning: unused parameter ‘timeoutMs’ [-Wunused-parameter]
  151 | MqttResult MqttTransport::process(uint32_t timeoutMs) {
      |                                   ~~~~~~~~~^~~~~~~~~
[ 44%] Building C object examples/CMakeFiles/friendly_example_client.dir/__/2305-Wakaama/libs/tinycbor/src/cborencoder.c.o
/mnt/d/Dev/Friendly-LwM2M-Client/src/firmware/rollback_manager.cpp: In member function ‘std::vector<unsigned char> lwm2m::firmware::RollbackManager::calculateStateChecksum()’:
/mnt/d/Dev/Friendly-LwM2M-Client/src/firmware/rollback_manager.cpp:822:16: warning: ‘int SHA256_Init(SHA256_CTX*)’ is deprecated: Since OpenSSL 3.0 [-Wdeprecated-declarations]
  822 |     SHA256_Init(&ctx);
      |     ~~~~~~~~~~~^~~~~~
In file included from /mnt/d/Dev/Friendly-LwM2M-Client/src/firmware/rollback_manager.cpp:19:
/usr/include/openssl/sha.h:73:27: note: declared here
   73 | OSSL_DEPRECATEDIN_3_0 int SHA256_Init(SHA256_CTX *c);
      |                           ^~~~~~~~~~~
/mnt/d/Dev/Friendly-LwM2M-Client/src/firmware/rollback_manager.cpp:826:22: warning: ‘int SHA256_Update(SHA256_CTX*, const void*, size_t)’ is deprecated: Since OpenSSL 3.0 [-Wdeprecated-declarations]
  826 |         SHA256_Update(&ctx, comp.checksum.data(), comp.checksum.size());
      |         ~~~~~~~~~~~~~^~~~~~~~~~~~~~~~~~~~~~~~~~~~~~~~~~~~~~~~~~~~~~~~~~
/usr/include/openssl/sha.h:74:27: note: declared here
   74 | OSSL_DEPRECATEDIN_3_0 int SHA256_Update(SHA256_CTX *c,
      |                           ^~~~~~~~~~~~~
/mnt/d/Dev/Friendly-LwM2M-Client/src/firmware/rollback_manager.cpp:827:22: warning: ‘int SHA256_Update(SHA256_CTX*, const void*, size_t)’ is deprecated: Since OpenSSL 3.0 [-Wdeprecated-declarations]
  827 |         SHA256_Update(&ctx, comp.version.data(), comp.version.size());
      |         ~~~~~~~~~~~~~^~~~~~~~~~~~~~~~~~~~~~~~~~~~~~~~~~~~~~~~~~~~~~~~
/usr/include/openssl/sha.h:74:27: note: declared here
   74 | OSSL_DEPRECATEDIN_3_0 int SHA256_Update(SHA256_CTX *c,
      |                           ^~~~~~~~~~~~~
/mnt/d/Dev/Friendly-LwM2M-Client/src/firmware/rollback_manager.cpp:831:17: warning: ‘int SHA256_Final(unsigned char*, SHA256_CTX*)’ is deprecated: Since OpenSSL 3.0 [-Wdeprecated-declarations]
  831 |     SHA256_Final(hash.data(), &ctx);
      |     ~~~~~~~~~~~~^~~~~~~~~~~~~~~~~~~
/usr/include/openssl/sha.h:76:27: note: declared here
   76 | OSSL_DEPRECATEDIN_3_0 int SHA256_Final(unsigned char *md, SHA256_CTX *c);
      |                           ^~~~~~~~~~~~
[ 45%] Building C object examples/CMakeFiles/friendly_example_client.dir/__/2305-Wakaama/libs/tinycbor/src/cborencoder_close_container_checked.c.o
[ 46%] Building C object examples/CMakeFiles/friendly_example_client.dir/__/2305-Wakaama/libs/tinycbor/src/cborencoder_float.c.o
[ 47%] Building C object examples/CMakeFiles/friendly_example_client.dir/__/2305-Wakaama/libs/tinycbor/src/cborerrorstrings.c.o
[ 48%] Building C object examples/CMakeFiles/friendly_example_client.dir/__/2305-Wakaama/libs/tinycbor/src/cborparser.c.o
[ 50%] Building C object examples/CMakeFiles/friendly_example_client.dir/__/2305-Wakaama/libs/tinycbor/src/cborparser_dup_string.c.o
[ 51%] Building C object examples/CMakeFiles/friendly_example_client.dir/__/2305-Wakaama/libs/tinycbor/src/cborparser_float.c.o
[ 52%] Building C object examples/CMakeFiles/friendly_example_client.dir/__/2305-Wakaama/libs/tinycbor/src/cborpretty.c.o
/mnt/d/Dev/Friendly-LwM2M-Client/src/platform/openwrt_platform.cpp: In function ‘std::vector<unsigned char> lwm2m::platform::openwrt::calculateFileSHA256(const std::string&, uint64_t)’:
/mnt/d/Dev/Friendly-LwM2M-Client/src/platform/openwrt_platform.cpp:163:16: warning: ‘int SHA256_Init(SHA256_CTX*)’ is deprecated: Since OpenSSL 3.0 [-Wdeprecated-declarations]
  163 |     SHA256_Init(&ctx);
      |     ~~~~~~~~~~~^~~~~~
In file included from /mnt/d/Dev/Friendly-LwM2M-Client/src/platform/openwrt_platform.cpp:37:
/usr/include/openssl/sha.h:73:27: note: declared here
   73 | OSSL_DEPRECATEDIN_3_0 int SHA256_Init(SHA256_CTX *c);
      |                           ^~~~~~~~~~~
/mnt/d/Dev/Friendly-LwM2M-Client/src/platform/openwrt_platform.cpp:182:22: warning: ‘int SHA256_Update(SHA256_CTX*, const void*, size_t)’ is deprecated: Since OpenSSL 3.0 [-Wdeprecated-declarations]
  182 |         SHA256_Update(&ctx, buffer.data(), bytesRead);
      |         ~~~~~~~~~~~~~^~~~~~~~~~~~~~~~~~~~~~~~~~~~~~~~
/usr/include/openssl/sha.h:74:27: note: declared here
   74 | OSSL_DEPRECATEDIN_3_0 int SHA256_Update(SHA256_CTX *c,
      |                           ^~~~~~~~~~~~~
/mnt/d/Dev/Friendly-LwM2M-Client/src/platform/openwrt_platform.cpp:187:17: warning: ‘int SHA256_Final(unsigned char*, SHA256_CTX*)’ is deprecated: Since OpenSSL 3.0 [-Wdeprecated-declarations]
  187 |     SHA256_Final(hash.data(), &ctx);
      |     ~~~~~~~~~~~~^~~~~~~~~~~~~~~~~~~
/usr/include/openssl/sha.h:76:27: note: declared here
   76 | OSSL_DEPRECATEDIN_3_0 int SHA256_Final(unsigned char *md, SHA256_CTX *c);
      |                           ^~~~~~~~~~~~
[ 53%] Building C object examples/CMakeFiles/friendly_example_client.dir/__/2305-Wakaama/libs/tinycbor/src/cborpretty_stdio.c.o
/mnt/d/Dev/Friendly-LwM2M-Client/src/objects/advanced_firmware_update_object.cpp: In member function ‘bool lwm2m::objects::AdvancedFirmwareUpdateObject::execute(lwm2m::objects::FirmwareResourceId, const std::string&)’:
/mnt/d/Dev/Friendly-LwM2M-Client/src/objects/advanced_firmware_update_object.cpp:364:64: warning: unused parameter ‘arguments’ [-Wunused-parameter]
  364 |                                             const std::string& arguments) {
      |                                             ~~~~~~~~~~~~~~~~~~~^~~~~~~~~
/mnt/d/Dev/Friendly-LwM2M-Client/src/objects/advanced_firmware_update_object.cpp: In member function ‘void lwm2m::objects::AdvancedFirmwareUpdateObject::downloadThread(const std::string&, bool)’:
/mnt/d/Dev/Friendly-LwM2M-Client/src/objects/advanced_firmware_update_object.cpp:411:58: warning: unused parameter ‘isDelta’ [-Wunused-parameter]
  411 |                                                     bool isDelta) {
      |                                                     ~~~~~^~~~~~~
In file included from /mnt/d/Dev/Friendly-LwM2M-Client/src/objects/advanced_firmware_update_object.cpp:21:
/mnt/d/Dev/Friendly-LwM2M-Client/src/objects/advanced_firmware_update_object.cpp: In lambda function:
/mnt/d/Dev/Friendly-LwM2M-Client/src/objects/advanced_firmware_update_object.cpp:471:23: warning: unused parameter ‘ultotal’ [-Wunused-parameter]
  471 |            curl_off_t ultotal, curl_off_t ulnow) -> int {
      |            ~~~~~~~~~~~^~~~~~~
/mnt/d/Dev/Friendly-LwM2M-Client/src/objects/advanced_firmware_update_object.cpp:471:43: warning: unused parameter ‘ulnow’ [-Wunused-parameter]
  471 |            curl_off_t ultotal, curl_off_t ulnow) -> int {
      |                                ~~~~~~~~~~~^~~~~
/mnt/d/Dev/Friendly-LwM2M-Client/src/objects/advanced_firmware_update_object.cpp: In member function ‘bool lwm2m::objects::AdvancedFirmwareUpdateObject::receivePackageData(const std::vector<unsigned char>&, uint64_t, bool)’:
/mnt/d/Dev/Friendly-LwM2M-Client/src/objects/advanced_firmware_update_object.cpp:505:61: warning: unused parameter ‘isDelta’ [-Wunused-parameter]
  505 |     const std::vector<uint8_t>& data, uint64_t offset, bool isDelta) {
      |                                                        ~~~~~^~~~~~~
[ 54%] Building C object examples/CMakeFiles/friendly_example_client.dir/__/2305-Wakaama/libs/tinycbor/src/cbortojson.c.o
/mnt/d/Dev/Friendly-LwM2M-Client/src/platform/linux_platform.cpp: In function ‘std::vector<unsigned char> lwm2m::platform::linux_generic::calculateFileSHA256(const std::string&, uint64_t)’:
/mnt/d/Dev/Friendly-LwM2M-Client/src/platform/linux_platform.cpp:108:16: warning: ‘int SHA256_Init(SHA256_CTX*)’ is deprecated: Since OpenSSL 3.0 [-Wdeprecated-declarations]
  108 |     SHA256_Init(&ctx);
      |     ~~~~~~~~~~~^~~~~~
In file included from /mnt/d/Dev/Friendly-LwM2M-Client/src/platform/linux_platform.cpp:39:
/usr/include/openssl/sha.h:73:27: note: declared here
   73 | OSSL_DEPRECATEDIN_3_0 int SHA256_Init(SHA256_CTX *c);
      |                           ^~~~~~~~~~~
/mnt/d/Dev/Friendly-LwM2M-Client/src/platform/linux_platform.cpp:128:26: warning: ‘int SHA256_Update(SHA256_CTX*, const void*, size_t)’ is deprecated: Since OpenSSL 3.0 [-Wdeprecated-declarations]
  128 |             SHA256_Update(&ctx, buffer.data(), bytesRead);
      |             ~~~~~~~~~~~~~^~~~~~~~~~~~~~~~~~~~~~~~~~~~~~~~
/usr/include/openssl/sha.h:74:27: note: declared here
   74 | OSSL_DEPRECATEDIN_3_0 int SHA256_Update(SHA256_CTX *c,
      |                           ^~~~~~~~~~~~~
/mnt/d/Dev/Friendly-LwM2M-Client/src/platform/linux_platform.cpp:133:17: warning: ‘int SHA256_Final(unsigned char*, SHA256_CTX*)’ is deprecated: Since OpenSSL 3.0 [-Wdeprecated-declarations]
  133 |     SHA256_Final(hash.data(), &ctx);
      |     ~~~~~~~~~~~~^~~~~~~~~~~~~~~~~~~
/usr/include/openssl/sha.h:76:27: note: declared here
   76 | OSSL_DEPRECATEDIN_3_0 int SHA256_Final(unsigned char *md, SHA256_CTX *c);
      |                           ^~~~~~~~~~~~
/mnt/d/Dev/Friendly-LwM2M-Client/src/platform/linux_platform.cpp: In member function ‘virtual lwm2m::platform::PlatformResult lwm2m::platform::linux_generic::LinuxFlashManager::lock(const std::string&, uint64_t, uint64_t)’:
/mnt/d/Dev/Friendly-LwM2M-Client/src/platform/linux_platform.cpp:498:44: warning: unused parameter ‘device’ [-Wunused-parameter]
  498 |     PlatformResult lock(const std::string& device, uint64_t offset, uint64_t size) override {
      |                         ~~~~~~~~~~~~~~~~~~~^~~~~~
/mnt/d/Dev/Friendly-LwM2M-Client/src/platform/linux_platform.cpp:498:61: warning: unused parameter ‘offset’ [-Wunused-parameter]
  498 |     PlatformResult lock(const std::string& device, uint64_t offset, uint64_t size) override {
      |                                                    ~~~~~~~~~^~~~~~
/mnt/d/Dev/Friendly-LwM2M-Client/src/platform/linux_platform.cpp:498:78: warning: unused parameter ‘size’ [-Wunused-parameter]
  498 |     PlatformResult lock(const std::string& device, uint64_t offset, uint64_t size) override {
      |                                                                     ~~~~~~~~~^~~~
/mnt/d/Dev/Friendly-LwM2M-Client/src/platform/linux_platform.cpp: In member function ‘virtual lwm2m::platform::PlatformResult lwm2m::platform::linux_generic::LinuxFlashManager::unlock(const std::string&, uint64_t, uint64_t)’:
/mnt/d/Dev/Friendly-LwM2M-Client/src/platform/linux_platform.cpp:503:46: warning: unused parameter ‘device’ [-Wunused-parameter]
  503 |     PlatformResult unlock(const std::string& device, uint64_t offset, uint64_t size) override {
      |                           ~~~~~~~~~~~~~~~~~~~^~~~~~
/mnt/d/Dev/Friendly-LwM2M-Client/src/platform/linux_platform.cpp:503:63: warning: unused parameter ‘offset’ [-Wunused-parameter]
  503 |     PlatformResult unlock(const std::string& device, uint64_t offset, uint64_t size) override {
      |                                                      ~~~~~~~~~^~~~~~
/mnt/d/Dev/Friendly-LwM2M-Client/src/platform/linux_platform.cpp:503:80: warning: unused parameter ‘size’ [-Wunused-parameter]
  503 |     PlatformResult unlock(const std::string& device, uint64_t offset, uint64_t size) override {
      |                                                                       ~~~~~~~~~^~~~
/mnt/d/Dev/Friendly-LwM2M-Client/src/platform/linux_platform.cpp: In member function ‘virtual lwm2m::platform::PlatformResult lwm2m::platform::linux_generic::LinuxBootloaderControl::setBootAttempts(lwm2m::platform::PartitionSlot, int)’:
/mnt/d/Dev/Friendly-LwM2M-Client/src/platform/linux_platform.cpp:609:50: warning: unused parameter ‘slot’ [-Wunused-parameter]
  609 |     PlatformResult setBootAttempts(PartitionSlot slot, int attempts) override {
      |                                    ~~~~~~~~~~~~~~^~~~
/mnt/d/Dev/Friendly-LwM2M-Client/src/platform/linux_platform.cpp: In member function ‘virtual int lwm2m::platform::linux_generic::LinuxBootloaderControl::getBootAttempts(lwm2m::platform::PartitionSlot)’:
/mnt/d/Dev/Friendly-LwM2M-Client/src/platform/linux_platform.cpp:613:39: warning: unused parameter ‘slot’ [-Wunused-parameter]
  613 |     int getBootAttempts(PartitionSlot slot) override {
      |                         ~~~~~~~~~~~~~~^~~~
[ 55%] Building C object examples/CMakeFiles/friendly_example_client.dir/__/2305-Wakaama/libs/tinycbor/src/cborvalidation.c.o
[ 56%] Building CXX object examples/CMakeFiles/friendly_example_client.dir/__/wpp/client/WppClient.cpp.o
/mnt/d/Dev/Friendly-LwM2M-Client/src/platform/openwrt_platform.cpp: At global scope:
/mnt/d/Dev/Friendly-LwM2M-Client/src/platform/openwrt_platform.cpp:151:29: warning: ‘std::vector<unsigned char> lwm2m::platform::openwrt::calculateSHA256(const std::vector<unsigned char>&)’ defined but not used [-Wunused-function]
  151 | static std::vector<uint8_t> calculateSHA256(const std::vector<uint8_t>& data) {
      |                             ^~~~~~~~~~~~~~~
/mnt/d/Dev/Friendly-LwM2M-Client/src/platform/linux_platform.cpp: At global scope:
/mnt/d/Dev/Friendly-LwM2M-Client/src/platform/linux_platform.cpp:96:13: warning: ‘bool lwm2m::platform::linux_generic::writeFile(const std::string&, const std::string&)’ defined but not used [-Wunused-function]
   96 | static bool writeFile(const std::string& path, const std::string& content) {
      |             ^~~~~~~~~
[ 57%] Building CXX object examples/CMakeFiles/friendly_example_client.dir/__/wpp/registry/data_model/object/Object.cpp.o
[ 59%] Building CXX object examples/CMakeFiles/friendly_example_client.dir/__/wpp/registry/data_model/instance/Instance.cpp.o
[ 60%] Building CXX object examples/CMakeFiles/friendly_example_client.dir/__/wpp/registry/data_model/resource/Resource.cpp.o
[ 61%] Building CXX object examples/CMakeFiles/friendly_example_client.dir/__/wpp/registry/data_model/resource/ResourceContainer.cpp.o
[ 62%] Building CXX object examples/CMakeFiles/friendly_example_client.dir/__/wpp/registry/objects/m_0_lwm2m_security/Lwm2mSecurity.cpp.o
[ 63%] Building CXX object examples/CMakeFiles/friendly_example_client.dir/__/wpp/registry/objects/m_1_lwm2m_server/Lwm2mServer.cpp.o
[ 64%] Building CXX object examples/CMakeFiles/friendly_example_client.dir/__/wpp/registry/objects/m_3_device/Device.cpp.o
[ 65%] Building CXX object examples/CMakeFiles/friendly_example_client.dir/__/wpp/registry/objects/o_2_lwm2m_access_control/Lwm2mAccessControl.cpp.o
[ 67%] Building CXX object examples/CMakeFiles/friendly_example_client.dir/__/wpp/registry/objects/o_3339_audio_clip/AudioClip.cpp.o
[ 68%] Building CXX object examples/CMakeFiles/friendly_example_client.dir/__/wpp/registry/objects/o_4_connectivity_monitoring/ConnectivityMonitoring.cpp.o
[ 69%] Building CXX object examples/CMakeFiles/friendly_example_client.dir/__/wpp/registry/objects/o_5_firmware_update/FirmwareUpdate.cpp.o
[ 70%] Building CXX object examples/CMakeFiles/friendly_example_client.dir/__/wpp/registry/objects/o_6_location/Location.cpp.o
[ 71%] Building CXX object examples/CMakeFiles/friendly_example_client.dir/__/wpp/registry/WppRegistry.cpp.o
[ 72%] Building CXX object examples/CMakeFiles/friendly_example_client.dir/__/wpp/platform/connection/WppConnection.cpp.o
[ 73%] Building CXX object examples/CMakeFiles/friendly_example_client.dir/__/wpp/platform/WppPlatform.cpp.o
[ 75%] Building CXX object examples/CMakeFiles/friendly_example_client.dir/__/wpp/utils/bindings/WppBindings.cpp.o
[ 76%] Building CXX object examples/CMakeFiles/friendly_example_client.dir/__/wpp/utils/task_queue/WppTaskQueue.cpp.o
[ 77%] Linking CXX executable test_dtls_providers
[ 78%] Building CXX object examples/CMakeFiles/friendly_example_client.dir/main.cpp.o
[ 79%] Building CXX object examples/CMakeFiles/friendly_example_client.dir/objects.cpp.o
[ 80%] Building CXX object examples/CMakeFiles/friendly_example_client.dir/ConfigLoader.cpp.o
[ 81%] Building CXX object examples/CMakeFiles/friendly_example_client.dir/platform/connection_dtls/Connection_new.cpp.o
[ 82%] Building CXX object examples/CMakeFiles/friendly_example_client.dir/platform/Guard.cpp.o
[ 84%] Building CXX object examples/CMakeFiles/friendly_example_client.dir/platform/Platform.cpp.o
[ 85%] Building CXX object examples/CMakeFiles/friendly_example_client.dir/FirmwareUpdater/FirmwareUpdater.cpp.o
[ 86%] Building CXX object examples/CMakeFiles/friendly_example_client.dir/platform/connection_dtls/MbedTlsProvider.cpp.o
[ 87%] Building CXX object examples/CMakeFiles/friendly_example_client.dir/platform/connection_dtls/DtlsProviderFactory.cpp.o
[ 88%] Linking CXX executable test_dtls_integration
[ 88%] Built target test_dtls_providers
In file included from /usr/include/c++/13/functional:59,
                 from /mnt/d/Dev/Friendly-LwM2M-Client/include/platform/platform_abstraction.h:21,
                 from /mnt/d/Dev/Friendly-LwM2M-Client/src/platform/openwrt_platform.cpp:16:
In constructor ‘std::function<_Res(_ArgTypes ...)>::function(std::function<_Res(_ArgTypes ...)>&&) [with _Res = bool; _ArgTypes = {char}]’,
    inlined from ‘std::__detail::_State<_Char_type>::_State(std::__detail::_State<_Char_type>&&) [with _Char_type = char]’ at /usr/include/c++/13/bits/regex_automaton.h:149:4,
    inlined from ‘std::__detail::_StateIdT std::__detail::_NFA<_TraitsT>::_M_insert_alt(std::__detail::_StateIdT, std::__detail::_StateIdT, bool) [with _TraitsT = std::__cxx11::regex_traits<char>]’ at /usr/include/c++/13/bits/regex_automaton.h:251:24,
    inlined from ‘void std::__detail::_Compiler<_TraitsT>::_M_disjunction() [with _TraitsT = std::__cxx11::regex_traits<char>]’ at /usr/include/c++/13/bits/regex_compiler.tcc:103:18:
/usr/include/c++/13/bits/std_function.h:405:42: warning: ‘*(std::function<bool(char)>*)((char*)&__tmp + offsetof(std::__detail::_StateT, std::__detail::_State<char>::<unnamed>.std::__detail::_State_base::<unnamed>)).std::function<bool(char)>::_M_invoker’ may be used uninitialized [-Wmaybe-uninitialized]
  405 |       : _Function_base(), _M_invoker(__x._M_invoker)
      |                                      ~~~~^~~~~~~~~~
In file included from /usr/include/c++/13/regex:65,
                 from /mnt/d/Dev/Friendly-LwM2M-Client/src/platform/openwrt_platform.cpp:21:
/usr/include/c++/13/bits/regex_automaton.h: In member function ‘void std::__detail::_Compiler<_TraitsT>::_M_disjunction() [with _TraitsT = std::__cxx11::regex_traits<char>]’:
/usr/include/c++/13/bits/regex_automaton.h:246:17: note: ‘__tmp’ declared here
  246 |         _StateT __tmp(_S_opcode_alternative);
      |                 ^~~~~
In member function ‘bool std::_Function_base::_M_empty() const’,
    inlined from ‘std::function<_Res(_ArgTypes ...)>::operator bool() const [with _Res = bool; _ArgTypes = {char}]’ at /usr/include/c++/13/bits/std_function.h:574:25,
    inlined from ‘std::function<_Res(_ArgTypes ...)>::function(std::function<_Res(_ArgTypes ...)>&&) [with _Res = bool; _ArgTypes = {char}]’ at /usr/include/c++/13/bits/std_function.h:407:6,
    inlined from ‘std::__detail::_State<_Char_type>::_State(std::__detail::_State<_Char_type>&&) [with _Char_type = char]’ at /usr/include/c++/13/bits/regex_automaton.h:149:4,
    inlined from ‘std::__detail::_StateIdT std::__detail::_NFA<_TraitsT>::_M_insert_alt(std::__detail::_StateIdT, std::__detail::_StateIdT, bool) [with _TraitsT = std::__cxx11::regex_traits<char>]’ at /usr/include/c++/13/bits/regex_automaton.h:251:24,
    inlined from ‘void std::__detail::_Compiler<_TraitsT>::_M_disjunction() [with _TraitsT = std::__cxx11::regex_traits<char>]’ at /usr/include/c++/13/bits/regex_compiler.tcc:103:18:
/usr/include/c++/13/bits/std_function.h:247:37: warning: ‘*(const std::_Function_base*)((char*)&__tmp + offsetof(std::__detail::_StateT, std::__detail::_State<char>::<unnamed>.std::__detail::_State_base::<unnamed>)).std::_Function_base::_M_manager’ may be used uninitialized [-Wmaybe-uninitialized]
  247 |     bool _M_empty() const { return !_M_manager; }
      |                                     ^~~~~~~~~~
/usr/include/c++/13/bits/regex_automaton.h: In member function ‘void std::__detail::_Compiler<_TraitsT>::_M_disjunction() [with _TraitsT = std::__cxx11::regex_traits<char>]’:
/usr/include/c++/13/bits/regex_automaton.h:246:17: note: ‘__tmp’ declared here
  246 |         _StateT __tmp(_S_opcode_alternative);
      |                 ^~~~~
[ 88%] Built target test_dtls_integration
In file included from /usr/include/c++/13/functional:59,
                 from /mnt/d/Dev/Friendly-LwM2M-Client/include/platform/platform_abstraction.h:21,
                 from /mnt/d/Dev/Friendly-LwM2M-Client/src/platform/linux_platform.cpp:14:
In constructor ‘std::function<_Res(_ArgTypes ...)>::function(std::function<_Res(_ArgTypes ...)>&&) [with _Res = bool; _ArgTypes = {char}]’,
    inlined from ‘std::__detail::_State<_Char_type>::_State(std::__detail::_State<_Char_type>&&) [with _Char_type = char]’ at /usr/include/c++/13/bits/regex_automaton.h:149:4,
    inlined from ‘std::__detail::_StateIdT std::__detail::_NFA<_TraitsT>::_M_insert_alt(std::__detail::_StateIdT, std::__detail::_StateIdT, bool) [with _TraitsT = std::__cxx11::regex_traits<char>]’ at /usr/include/c++/13/bits/regex_automaton.h:251:24,
    inlined from ‘void std::__detail::_Compiler<_TraitsT>::_M_disjunction() [with _TraitsT = std::__cxx11::regex_traits<char>]’ at /usr/include/c++/13/bits/regex_compiler.tcc:103:18:
/usr/include/c++/13/bits/std_function.h:405:42: warning: ‘*(std::function<bool(char)>*)((char*)&__tmp + offsetof(std::__detail::_StateT, std::__detail::_State<char>::<unnamed>.std::__detail::_State_base::<unnamed>)).std::function<bool(char)>::_M_invoker’ may be used uninitialized [-Wmaybe-uninitialized]
  405 |       : _Function_base(), _M_invoker(__x._M_invoker)
      |                                      ~~~~^~~~~~~~~~
In file included from /usr/include/c++/13/regex:65,
                 from /mnt/d/Dev/Friendly-LwM2M-Client/src/platform/linux_platform.cpp:19:
/usr/include/c++/13/bits/regex_automaton.h: In member function ‘void std::__detail::_Compiler<_TraitsT>::_M_disjunction() [with _TraitsT = std::__cxx11::regex_traits<char>]’:
/usr/include/c++/13/bits/regex_automaton.h:246:17: note: ‘__tmp’ declared here
  246 |         _StateT __tmp(_S_opcode_alternative);
      |                 ^~~~~
In member function ‘bool std::_Function_base::_M_empty() const’,
    inlined from ‘std::function<_Res(_ArgTypes ...)>::operator bool() const [with _Res = bool; _ArgTypes = {char}]’ at /usr/include/c++/13/bits/std_function.h:574:25,
    inlined from ‘std::function<_Res(_ArgTypes ...)>::function(std::function<_Res(_ArgTypes ...)>&&) [with _Res = bool; _ArgTypes = {char}]’ at /usr/include/c++/13/bits/std_function.h:407:6,
    inlined from ‘std::__detail::_State<_Char_type>::_State(std::__detail::_State<_Char_type>&&) [with _Char_type = char]’ at /usr/include/c++/13/bits/regex_automaton.h:149:4,
    inlined from ‘std::__detail::_StateIdT std::__detail::_NFA<_TraitsT>::_M_insert_alt(std::__detail::_StateIdT, std::__detail::_StateIdT, bool) [with _TraitsT = std::__cxx11::regex_traits<char>]’ at /usr/include/c++/13/bits/regex_automaton.h:251:24,
    inlined from ‘void std::__detail::_Compiler<_TraitsT>::_M_disjunction() [with _TraitsT = std::__cxx11::regex_traits<char>]’ at /usr/include/c++/13/bits/regex_compiler.tcc:103:18:
/usr/include/c++/13/bits/std_function.h:247:37: warning: ‘*(const std::_Function_base*)((char*)&__tmp + offsetof(std::__detail::_StateT, std::__detail::_State<char>::<unnamed>.std::__detail::_State_base::<unnamed>)).std::_Function_base::_M_manager’ may be used uninitialized [-Wmaybe-uninitialized]
  247 |     bool _M_empty() const { return !_M_manager; }
      |                                     ^~~~~~~~~~
/usr/include/c++/13/bits/regex_automaton.h: In member function ‘void std::__detail::_Compiler<_TraitsT>::_M_disjunction() [with _TraitsT = std::__cxx11::regex_traits<char>]’:
/usr/include/c++/13/bits/regex_automaton.h:246:17: note: ‘__tmp’ declared here
  246 |         _StateT __tmp(_S_opcode_alternative);
      |                 ^~~~~
[ 89%] Linking CXX executable friendly_example_client
[ 90%] Linking CXX static library libfriendly_lwm2m.a
lto-wrapper: warning: using serial compilation of 10 LTRANS jobs
lto-wrapper: note: see the ‘-flto’ option documentation for more information
/mnt/d/Dev/Friendly-LwM2M-Client/2305-Wakaama/core/packet.c: In function ‘lwm2m_handle_packet’:
/mnt/d/Dev/Friendly-LwM2M-Client/2305-Wakaama/core/packet.c:794:25: warning: ‘block2_size’ may be used uninitialized [-Wmaybe-uninitialized]
  794 |                         LOG_ARG("Blockwise: block2 response NUM %u (SZX %u/ SZX Max%u) MORE %u", block2_num,
      |                         ^
/mnt/d/Dev/Friendly-LwM2M-Client/2305-Wakaama/core/packet.c:788:34: note: ‘block2_size’ was declared here
  788 |                         uint16_t block2_size;
      |                                  ^
/mnt/d/Dev/Friendly-LwM2M-Client/2305-Wakaama/core/packet.c:798:43: warning: ‘block2_more’ may be used uninitialized [-Wmaybe-uninitialized]
  798 |                         coap_error_code = coap_block2_handler(&peerP->blockData, message->mid, message->payload, message->payload_len, block2_size, block2_num, block2_more, &complete_buffer, &complete_buffer_size);
      |                                           ^
/mnt/d/Dev/Friendly-LwM2M-Client/2305-Wakaama/core/packet.c:787:34: note: ‘block2_more’ was declared here
  787 |                         uint8_t  block2_more;
      |                                  ^
In function ‘coap_block2_handler’,
    inlined from ‘lwm2m_handle_packet’ at /mnt/d/Dev/Friendly-LwM2M-Client/2305-Wakaama/core/packet.c:798:43:
/mnt/d/Dev/Friendly-LwM2M-Client/2305-Wakaama/coap/block.c:345:12: warning: ‘block2_num’ may be used uninitialized [-Wmaybe-uninitialized]
  345 |     return prv_coap_block_handler(pBlockDataHead, identifier, BLOCK_2, buffer, length, blockSize, blockNum, blockMore, outputBuffer, outputLength);
      |            ^
/mnt/d/Dev/Friendly-LwM2M-Client/2305-Wakaama/core/packet.c: In function ‘lwm2m_handle_packet’:
/mnt/d/Dev/Friendly-LwM2M-Client/2305-Wakaama/core/packet.c:786:34: note: ‘block2_num’ was declared here
  786 |                         uint32_t block2_num;
      |                                  ^
/mnt/d/Dev/Friendly-LwM2M-Client/2305-Wakaama/core/packet.c:583:21: warning: ‘block1_size’ may be used uninitialized [-Wmaybe-uninitialized]
  583 |                     LOG_ARG("Blockwise: block1 request NUM %u (SZX %u/ SZX Max%u) MORE %u", block1_num, block1_size,
      |                     ^
/mnt/d/Dev/Friendly-LwM2M-Client/2305-Wakaama/core/packet.c:577:30: note: ‘block1_size’ was declared here
  577 |                     uint16_t block1_size;
      |                              ^
/mnt/d/Dev/Friendly-LwM2M-Client/2305-Wakaama/core/packet.c:583:21: warning: ‘block1_more’ may be used uninitialized [-Wmaybe-uninitialized]
  583 |                     LOG_ARG("Blockwise: block1 request NUM %u (SZX %u/ SZX Max%u) MORE %u", block1_num, block1_size,
      |                     ^
/mnt/d/Dev/Friendly-LwM2M-Client/2305-Wakaama/core/packet.c:576:30: note: ‘block1_more’ was declared here
  576 |                     uint8_t  block1_more;
      |                              ^
/mnt/d/Dev/Friendly-LwM2M-Client/2305-Wakaama/core/packet.c:583:21: warning: ‘block1_num’ may be used uninitialized [-Wmaybe-uninitialized]
  583 |                     LOG_ARG("Blockwise: block1 request NUM %u (SZX %u/ SZX Max%u) MORE %u", block1_num, block1_size,
      |                     ^
/mnt/d/Dev/Friendly-LwM2M-Client/2305-Wakaama/core/packet.c:575:30: note: ‘block1_num’ was declared here
  575 |                     uint32_t block1_num;
      |                              ^
/mnt/d/Dev/Friendly-LwM2M-Client/2305-Wakaama/data/json.c: In function ‘json_parse’:
/mnt/d/Dev/Friendly-LwM2M-Client/2305-Wakaama/data/json.c:631:36: warning: ‘size’ may be used uninitialized [-Wmaybe-uninitialized]
  631 |                     for (i = 0 ; i < size && resP == NULL; i++)
      |                                    ^
/mnt/d/Dev/Friendly-LwM2M-Client/2305-Wakaama/data/json.c:556:13: note: ‘size’ was declared here
  556 |         int size;
      |             ^
In function ‘senml_json_parse’,
    inlined from ‘lwm2m_data_parse’ at /mnt/d/Dev/Friendly-LwM2M-Client/2305-Wakaama/data/data.c:856:16:
/mnt/d/Dev/Friendly-LwM2M-Client/2305-Wakaama/data/senml_json.c:713:32: warning: ‘size’ may be used uninitialized [-Wmaybe-uninitialized]
  713 |                 for (i = 0 ; i < size && resP == NULL; i++)
      |                                ^
/mnt/d/Dev/Friendly-LwM2M-Client/2305-Wakaama/data/senml_json.c: In function ‘lwm2m_data_parse’:
/mnt/d/Dev/Friendly-LwM2M-Client/2305-Wakaama/data/senml_json.c:673:9: note: ‘size’ was declared here
  673 |     int size;
      |         ^
[ 90%] Built target friendly_lwm2m
[ 95%] Building CXX object CMakeFiles/test_firmware_update_object.dir/test/test_firmware_update_object.cpp.o
[ 95%] Building CXX object CMakeFiles/test_rollback_manager.dir/test/test_rollback_manager.cpp.o
[ 95%] Building CXX object CMakeFiles/test_blockwise_transfer.dir/test/test_blockwise_transfer.cpp.o
[ 95%] Building CXX object CMakeFiles/test_delta_algorithms.dir/test/test_delta_algorithms.cpp.o
/mnt/d/Dev/Friendly-LwM2M-Client/test/test_rollback_manager.cpp: In member function ‘virtual lwm2m::platform::PlatformResult lwm2m::firmware::test::MockPartitionManager::verifyPartition(lwm2m::platform::PartitionSlot, const std::vector<unsigned char>&)’:
/mnt/d/Dev/Friendly-LwM2M-Client/test/test_rollback_manager.cpp:98:70: warning: unused parameter ‘slot’ [-Wunused-parameter]
   98 |     platform::PlatformResult verifyPartition(platform::PartitionSlot slot,
      |                                              ~~~~~~~~~~~~~~~~~~~~~~~~^~~~
/mnt/d/Dev/Friendly-LwM2M-Client/test/test_rollback_manager.cpp:99:75: warning: unused parameter ‘expectedChecksum’ [-Wunused-parameter]
   99 |                                               const std::vector<uint8_t>& expectedChecksum) override {
      |                                               ~~~~~~~~~~~~~~~~~~~~~~~~~~~~^~~~~~~~~~~~~~~~
[ 96%] Linking CXX executable test_blockwise_transfer
[ 97%] Linking CXX executable test_rollback_manager
[ 98%] Linking CXX executable test_firmware_update_object
[100%] Linking CXX executable test_delta_algorithms
[100%] Built target test_blockwise_transfer
[100%] Built target test_delta_algorithms
[100%] Built target test_rollback_manager
/usr/bin/ld: /usr/lib/x86_64-linux-gnu/libsasl2.a(digestmd5.o): in function `dec_des':
(.text+0xc3e): undefined reference to `DES_cbc_encrypt'
/usr/bin/ld: /usr/lib/x86_64-linux-gnu/libsasl2.a(digestmd5.o): in function `enc_des':
(.text+0xd7b): undefined reference to `DES_cbc_encrypt'
/usr/bin/ld: /usr/lib/x86_64-linux-gnu/libcurl.a(libcurl_la-libssh.o): in function `myssh_statemach_act':
(.text+0x105): undefined reference to `ssh_scp_free'
/usr/bin/ld: (.text+0x11e): undefined reference to `ssh_set_blocking'
/usr/bin/ld: (.text+0x13d): undefined reference to `ssh_scp_free'
/usr/bin/ld: (.text+0x154): undefined reference to `ssh_disconnect'
/usr/bin/ld: (.text+0x15e): undefined reference to `ssh_version'
/usr/bin/ld: (.text+0x178): undefined reference to `ssh_string_free_char'
/usr/bin/ld: (.text+0x1ad): undefined reference to `ssh_free'
/usr/bin/ld: (.text+0x1c9): undefined reference to `ssh_string_free_char'
/usr/bin/ld: (.text+0x1e5): undefined reference to `sftp_attributes_free'
/usr/bin/ld: (.text+0x1f6): undefined reference to `sftp_attributes_free'
/usr/bin/ld: (.text+0x207): undefined reference to `sftp_attributes_free'
/usr/bin/ld: (.text+0x218): undefined reference to `ssh_key_free'
/usr/bin/ld: (.text+0x229): undefined reference to `ssh_key_free'
/usr/bin/ld: (.text+0x2bb): undefined reference to `ssh_string_free_char'
/usr/bin/ld: (.text+0x391): undefined reference to `ssh_set_blocking'
/usr/bin/ld: (.text+0x3ab): undefined reference to `ssh_connect'
/usr/bin/ld: (.text+0x41e): undefined reference to `ssh_get_server_publickey'
/usr/bin/ld: (.text+0x45c): undefined reference to `ssh_get_publickey_hash'
/usr/bin/ld: (.text+0x4c4): undefined reference to `ssh_clean_pubkey_hash'
/usr/bin/ld: (.text+0x4d0): undefined reference to `ssh_key_free'
/usr/bin/ld: (.text+0x4e1): undefined reference to `ssh_knownhosts_entry_free'
/usr/bin/ld: (.text+0x515): undefined reference to `ssh_userauth_none'
/usr/bin/ld: (.text+0x560): undefined reference to `ssh_scp_init'
/usr/bin/ld: (.text+0x582): undefined reference to `ssh_scp_pull_request'
/usr/bin/ld: (.text+0x597): undefined reference to `ssh_get_error'
/usr/bin/ld: (.text+0x5fc): undefined reference to `ssh_userauth_password'
/usr/bin/ld: (.text+0x64d): undefined reference to `ssh_set_blocking'
/usr/bin/ld: (.text+0x659): undefined reference to `sftp_new'
/usr/bin/ld: (.text+0x671): undefined reference to `sftp_init'
/usr/bin/ld: (.text+0x69a): undefined reference to `sftp_canonicalize_path'
/usr/bin/ld: (.text+0x6cc): undefined reference to `ssh_get_error'
/usr/bin/ld: (.text+0x741): undefined reference to `ssh_scp_close'
/usr/bin/ld: (.text+0x788): undefined reference to `ssh_scp_init'
/usr/bin/ld: (.text+0x7af): undefined reference to `ssh_scp_push_file'
/usr/bin/ld: (.text+0x7c3): undefined reference to `ssh_get_error'
/usr/bin/ld: (.text+0x830): undefined reference to `sftp_fstat'
/usr/bin/ld: (.text+0x8a5): undefined reference to `sftp_close'
/usr/bin/ld: (.text+0x8c3): undefined reference to `sftp_open'
/usr/bin/ld: (.text+0x8db): undefined reference to `sftp_file_set_nonblocking'
/usr/bin/ld: (.text+0x900): undefined reference to `sftp_closedir'
/usr/bin/ld: (.text+0x94d): undefined reference to `sftp_close'
/usr/bin/ld: (.text+0x969): undefined reference to `sftp_free'
/usr/bin/ld: (.text+0x985): undefined reference to `ssh_string_free_char'
/usr/bin/ld: (.text+0x9c5): undefined reference to `sftp_close'
/usr/bin/ld: (.text+0xa7d): undefined reference to `sftp_attributes_free'
/usr/bin/ld: (.text+0xa90): undefined reference to `sftp_lstat'
/usr/bin/ld: (.text+0xb5c): undefined reference to `sftp_attributes_free'
/usr/bin/ld: (.text+0xb6f): undefined reference to `sftp_readdir'
/usr/bin/ld: (.text+0xc78): undefined reference to `sftp_mkdir'
/usr/bin/ld: (.text+0xd79): undefined reference to `sftp_close'
/usr/bin/ld: (.text+0xd98): undefined reference to `sftp_open'
/usr/bin/ld: (.text+0xe44): undefined reference to `sftp_seek64'
/usr/bin/ld: (.text+0xe66): undefined reference to `sftp_get_error'
/usr/bin/ld: (.text+0xece): undefined reference to `sftp_setstat'
/usr/bin/ld: (.text+0xf32): undefined reference to `sftp_stat'
/usr/bin/ld: (.text+0xf49): undefined reference to `sftp_attributes_free'
/usr/bin/ld: (.text+0x1041): undefined reference to `ssh_userauth_publickey'
/usr/bin/ld: (.text+0x1266): undefined reference to `sftp_attributes_free'
/usr/bin/ld: (.text+0x1279): undefined reference to `sftp_stat'
/usr/bin/ld: (.text+0x1447): undefined reference to `sftp_rmdir'
/usr/bin/ld: (.text+0x1487): undefined reference to `ssh_get_error'
/usr/bin/ld: (.text+0x14af): undefined reference to `sftp_statvfs'
/usr/bin/ld: (.text+0x14fd): undefined reference to `sftp_statvfs_free'
/usr/bin/ld: (.text+0x158d): undefined reference to `sftp_mkdir'
/usr/bin/ld: (.text+0x15cd): undefined reference to `ssh_get_error'
/usr/bin/ld: (.text+0x161f): undefined reference to `sftp_unlink'
/usr/bin/ld: (.text+0x165f): undefined reference to `ssh_get_error'
/usr/bin/ld: (.text+0x168e): undefined reference to `sftp_rename'
/usr/bin/ld: (.text+0x16e6): undefined reference to `ssh_get_error'
/usr/bin/ld: (.text+0x1716): undefined reference to `sftp_symlink'
/usr/bin/ld: (.text+0x176e): undefined reference to `ssh_get_error'
/usr/bin/ld: (.text+0x17b3): undefined reference to `ssh_string_free_char'
/usr/bin/ld: (.text+0x1842): undefined reference to `ssh_userauth_kbdint'
/usr/bin/ld: (.text+0x1860): undefined reference to `ssh_userauth_kbdint_getnprompts'
/usr/bin/ld: (.text+0x187e): undefined reference to `ssh_userauth_kbdint_setanswer'
/usr/bin/ld: (.text+0x18a1): undefined reference to `ssh_userauth_kbdint'
/usr/bin/ld: (.text+0x18c3): undefined reference to `ssh_userauth_kbdint_getnprompts'
/usr/bin/ld: (.text+0x18e6): undefined reference to `ssh_userauth_kbdint'
/usr/bin/ld: (.text+0x1942): undefined reference to `sftp_attributes_free'
/usr/bin/ld: (.text+0x19bf): undefined reference to `sftp_seek64'
/usr/bin/ld: (.text+0x1af8): undefined reference to `ssh_scp_request_get_size'
/usr/bin/ld: (.text+0x1c1d): undefined reference to `ssh_pki_import_privkey_file'
/usr/bin/ld: (.text+0x1cdd): undefined reference to `ssh_get_error'
/usr/bin/ld: (.text+0x1d50): undefined reference to `ssh_string_free_char'
/usr/bin/ld: (.text+0x1ef4): undefined reference to `ssh_userauth_list'
/usr/bin/ld: (.text+0x1f34): undefined reference to `ssh_session_get_known_hosts_entry'
/usr/bin/ld: (.text+0x1f68): undefined reference to `ssh_pki_export_pubkey_base64'
/usr/bin/ld: (.text+0x1f9a): undefined reference to `ssh_key_type'
/usr/bin/ld: (.text+0x2182): undefined reference to `ssh_get_error'
/usr/bin/ld: (.text+0x2323): undefined reference to `ssh_get_error'
/usr/bin/ld: (.text+0x2361): undefined reference to `sftp_opendir'
/usr/bin/ld: (.text+0x23c4): undefined reference to `ssh_set_blocking'
/usr/bin/ld: (.text+0x23f7): undefined reference to `ssh_scp_new'
/usr/bin/ld: (.text+0x2421): undefined reference to `ssh_get_error'
/usr/bin/ld: (.text+0x245f): undefined reference to `ssh_userauth_gssapi'
/usr/bin/ld: (.text+0x258f): undefined reference to `sftp_get_error'
/usr/bin/ld: (.text+0x25d2): undefined reference to `ssh_get_error'
/usr/bin/ld: (.text+0x263d): undefined reference to `sftp_attributes_free'
/usr/bin/ld: (.text+0x2673): undefined reference to `sftp_get_error'
/usr/bin/ld: (.text+0x26a3): undefined reference to `ssh_get_error'
/usr/bin/ld: (.text+0x2857): undefined reference to `ssh_get_error'
/usr/bin/ld: (.text+0x287c): undefined reference to `sftp_dir_eof'
/usr/bin/ld: (.text+0x2976): undefined reference to `sftp_get_error'
/usr/bin/ld: (.text+0x2a5b): undefined reference to `sftp_readlink'
/usr/bin/ld: (.text+0x2ae8): undefined reference to `sftp_stat'
/usr/bin/ld: (.text+0x2b0d): undefined reference to `sftp_attributes_free'
/usr/bin/ld: (.text+0x2bc9): undefined reference to `ssh_scp_new'
/usr/bin/ld: (.text+0x2c4a): undefined reference to `ssh_userauth_publickey_auto'
/usr/bin/ld: (.text+0x2ddf): undefined reference to `ssh_pki_export_pubkey_base64'
/usr/bin/ld: (.text+0x2e13): undefined reference to `ssh_key_type'
/usr/bin/ld: (.text+0x3037): undefined reference to `sftp_seek64'
/usr/bin/ld: (.text+0x31d1): undefined reference to `ssh_get_error'
/usr/bin/ld: (.text+0x31f6): undefined reference to `ssh_userauth_try_publickey'
/usr/bin/ld: (.text+0x3226): undefined reference to `ssh_get_error'
/usr/bin/ld: (.text+0x3390): undefined reference to `ssh_session_update_known_hosts'
/usr/bin/ld: /usr/lib/x86_64-linux-gnu/libcurl.a(libcurl_la-libssh.o): in function `sftp_send':
(.text+0x382d): undefined reference to `sftp_write'
/usr/bin/ld: /usr/lib/x86_64-linux-gnu/libcurl.a(libcurl_la-libssh.o): in function `scp_send':
(.text+0x3883): undefined reference to `ssh_scp_write'
/usr/bin/ld: /usr/lib/x86_64-linux-gnu/libcurl.a(libcurl_la-libssh.o): in function `scp_recv':
(.text+0x38ca): undefined reference to `ssh_scp_read'
/usr/bin/ld: /usr/lib/x86_64-linux-gnu/libcurl.a(libcurl_la-libssh.o): in function `sftp_recv':
(.text+0x3aed): undefined reference to `sftp_async_read'
/usr/bin/ld: (.text+0x3b28): undefined reference to `ssh_get_poll_flags'
/usr/bin/ld: (.text+0x3b65): undefined reference to `sftp_async_read_begin'
/usr/bin/ld: /usr/lib/x86_64-linux-gnu/libcurl.a(libcurl_la-libssh.o): in function `myssh_multi_statemach':
(.text+0x3c18): undefined reference to `ssh_get_poll_flags'
/usr/bin/ld: /usr/lib/x86_64-linux-gnu/libcurl.a(libcurl_la-libssh.o): in function `scp_doing':
(.text+0x3d98): undefined reference to `ssh_get_poll_flags'
/usr/bin/ld: /usr/lib/x86_64-linux-gnu/libcurl.a(libcurl_la-libssh.o): in function `sftp_doing':
(.text+0x3e48): undefined reference to `ssh_get_poll_flags'
/usr/bin/ld: /usr/lib/x86_64-linux-gnu/libcurl.a(libcurl_la-libssh.o): in function `myssh_connect':
(.text+0x3f0c): undefined reference to `ssh_new'
/usr/bin/ld: (.text+0x3f2d): undefined reference to `ssh_options_set'
/usr/bin/ld: (.text+0x3f43): undefined reference to `ssh_options_parse_config'
/usr/bin/ld: (.text+0x3f60): undefined reference to `ssh_options_set'
/usr/bin/ld: (.text+0x3f99): undefined reference to `ssh_options_set'
/usr/bin/ld: (.text+0x3fce): undefined reference to `ssh_options_set'
/usr/bin/ld: (.text+0x3fef): undefined reference to `ssh_options_set'
/usr/bin/ld: (.text+0x4038): undefined reference to `ssh_pki_import_pubkey_file'
/usr/bin/ld: (.text+0x4154): undefined reference to `ssh_options_set'
/usr/bin/ld: (.text+0x41b4): undefined reference to `ssh_options_set'
/usr/bin/ld: /usr/lib/x86_64-linux-gnu/libcurl.a(libcurl_la-libssh.o): in function `Curl_ssh_init':
(.text+0x4269): undefined reference to `ssh_init'
/usr/bin/ld: /usr/lib/x86_64-linux-gnu/libcurl.a(libcurl_la-libssh.o): in function `Curl_ssh_version':
(.text+0x42a4): undefined reference to `ssh_version'
/usr/bin/ld: /usr/lib/x86_64-linux-gnu/libcurl.a(libcurl_la-libssh.o): in function `Curl_ssh_cleanup':
(.text+0x4285): undefined reference to `ssh_finalize'
/usr/bin/ld: /usr/lib/x86_64-linux-gnu/libcurl.a(libcurl_la-http2.o): in function `cf_h2_query':
(.text+0x113): undefined reference to `nghttp2_session_check_request_allowed'
/usr/bin/ld: /usr/lib/x86_64-linux-gnu/libcurl.a(libcurl_la-http2.o): in function `h2_process_pending_input':
(.text+0x2c0): undefined reference to `nghttp2_session_mem_recv'
/usr/bin/ld: (.text+0x325): undefined reference to `nghttp2_session_check_request_allowed'
/usr/bin/ld: (.text+0x367): undefined reference to `nghttp2_strerror'
/usr/bin/ld: /usr/lib/x86_64-linux-gnu/libcurl.a(libcurl_la-http2.o): in function `cf_h2_is_alive':
(.text+0x562): undefined reference to `nghttp2_session_want_read'
/usr/bin/ld: (.text+0x576): undefined reference to `nghttp2_session_want_write'
/usr/bin/ld: /usr/lib/x86_64-linux-gnu/libcurl.a(libcurl_la-http2.o): in function `h2_pri_spec':
(.text+0x6bf): undefined reference to `nghttp2_priority_spec_init'
/usr/bin/ld: /usr/lib/x86_64-linux-gnu/libcurl.a(libcurl_la-http2.o): in function `h2_progress_egress':
(.text+0x7ae): undefined reference to `nghttp2_submit_priority'
/usr/bin/ld: (.text+0x7bb): undefined reference to `nghttp2_is_fatal'
/usr/bin/ld: (.text+0x824): undefined reference to `nghttp2_session_want_write'
/usr/bin/ld: (.text+0x830): undefined reference to `nghttp2_session_send'
/usr/bin/ld: (.text+0x849): undefined reference to `nghttp2_is_fatal'
/usr/bin/ld: (.text+0x8de): undefined reference to `nghttp2_strerror'
/usr/bin/ld: /usr/lib/x86_64-linux-gnu/libcurl.a(libcurl_la-http2.o): in function `on_begin_headers':
(.text+0xa0c): undefined reference to `nghttp2_session_get_stream_user_data'
/usr/bin/ld: /usr/lib/x86_64-linux-gnu/libcurl.a(libcurl_la-http2.o): in function `req_body_read_callback':
(.text+0xcbe): undefined reference to `nghttp2_session_get_stream_user_data'
/usr/bin/ld: /usr/lib/x86_64-linux-gnu/libcurl.a(libcurl_la-http2.o): in function `on_stream_close':
(.text+0xeb9): undefined reference to `nghttp2_session_get_stream_user_data'
/usr/bin/ld: (.text+0xf29): undefined reference to `nghttp2_session_set_stream_user_data'
/usr/bin/ld: (.text+0xf7d): undefined reference to `nghttp2_http2_strerror'
/usr/bin/ld: /usr/lib/x86_64-linux-gnu/libcurl.a(libcurl_la-http2.o): in function `http2_handle_stream_close':
(.text+0x129d): undefined reference to `nghttp2_http2_strerror'
/usr/bin/ld: /usr/lib/x86_64-linux-gnu/libcurl.a(libcurl_la-http2.o): in function `cf_h2_recv':
(.text+0x15e2): undefined reference to `nghttp2_session_consume'
/usr/bin/ld: (.text+0x166d): undefined reference to `nghttp2_session_get_local_window_size'
/usr/bin/ld: (.text+0x167c): undefined reference to `nghttp2_session_get_stream_effective_local_window_size'
/usr/bin/ld: (.text+0x168b): undefined reference to `nghttp2_session_get_stream_effective_recv_data_length'
/usr/bin/ld: /usr/lib/x86_64-linux-gnu/libcurl.a(libcurl_la-http2.o): in function `on_data_chunk_recv':
(.text+0x17f6): undefined reference to `nghttp2_session_get_stream_user_data'
/usr/bin/ld: (.text+0x18b9): undefined reference to `nghttp2_session_consume'
/usr/bin/ld: /usr/lib/x86_64-linux-gnu/libcurl.a(libcurl_la-http2.o): in function `cf_h2_adjust_pollset':
(.text+0x1968): undefined reference to `nghttp2_session_get_remote_window_size'
/usr/bin/ld: (.text+0x19d7): undefined reference to `nghttp2_session_get_stream_remote_window_size'
/usr/bin/ld: (.text+0x1a01): undefined reference to `nghttp2_session_want_write'
/usr/bin/ld: (.text+0x1a48): undefined reference to `nghttp2_session_get_remote_window_size'
/usr/bin/ld: /usr/lib/x86_64-linux-gnu/libcurl.a(libcurl_la-http2.o): in function `cf_h2_ctx_clear':
(.text+0x1a87): undefined reference to `nghttp2_session_del'
/usr/bin/ld: /usr/lib/x86_64-linux-gnu/libcurl.a(libcurl_la-http2.o): in function `cf_h2_keep_alive':
(.text+0x2013): undefined reference to `nghttp2_submit_ping'
/usr/bin/ld: (.text+0x201f): undefined reference to `nghttp2_session_send'
/usr/bin/ld: (.text+0x204e): undefined reference to `nghttp2_strerror'
/usr/bin/ld: (.text+0x2074): undefined reference to `nghttp2_strerror'
/usr/bin/ld: /usr/lib/x86_64-linux-gnu/libcurl.a(libcurl_la-http2.o): in function `http2_data_done.isra.0':
(.text+0x211c): undefined reference to `nghttp2_submit_rst_stream'
/usr/bin/ld: (.text+0x214a): undefined reference to `nghttp2_session_get_stream_user_data'
/usr/bin/ld: (.text+0x215b): undefined reference to `nghttp2_session_set_stream_user_data'
/usr/bin/ld: (.text+0x2209): undefined reference to `nghttp2_session_consume'
/usr/bin/ld: (.text+0x2224): undefined reference to `nghttp2_session_send'
/usr/bin/ld: /usr/lib/x86_64-linux-gnu/libcurl.a(libcurl_la-http2.o): in function `cf_h2_cntrl':
(.text+0x22d1): undefined reference to `nghttp2_session_set_local_window_size'
/usr/bin/ld: (.text+0x2396): undefined reference to `nghttp2_session_resume_data'
/usr/bin/ld: (.text+0x23da): undefined reference to `nghttp2_session_set_local_window_size'
/usr/bin/ld: (.text+0x2434): undefined reference to `nghttp2_strerror'
/usr/bin/ld: /usr/lib/x86_64-linux-gnu/libcurl.a(libcurl_la-http2.o): in function `cf_h2_ctx_init':
(.text+0x262c): undefined reference to `nghttp2_session_callbacks_new'
/usr/bin/ld: (.text+0x264e): undefined reference to `nghttp2_session_callbacks_set_send_callback'
/usr/bin/ld: (.text+0x2661): undefined reference to `nghttp2_session_callbacks_set_on_frame_recv_callback'
/usr/bin/ld: (.text+0x2674): undefined reference to `nghttp2_session_callbacks_set_on_frame_send_callback'
/usr/bin/ld: (.text+0x2687): undefined reference to `nghttp2_session_callbacks_set_on_data_chunk_recv_callback'
/usr/bin/ld: (.text+0x269a): undefined reference to `nghttp2_session_callbacks_set_on_stream_close_callback'
/usr/bin/ld: (.text+0x26ad): undefined reference to `nghttp2_session_callbacks_set_on_begin_headers_callback'
/usr/bin/ld: (.text+0x26c0): undefined reference to `nghttp2_session_callbacks_set_on_header_callback'
/usr/bin/ld: (.text+0x26d3): undefined reference to `nghttp2_session_callbacks_set_error_callback'
/usr/bin/ld: (.text+0x26f4): undefined reference to `nghttp2_option_new'
/usr/bin/ld: (.text+0x2725): undefined reference to `nghttp2_option_set_no_auto_window_update'
/usr/bin/ld: (.text+0x2736): undefined reference to `nghttp2_option_set_no_rfc9113_leading_and_trailing_ws_validation'
/usr/bin/ld: (.text+0x2753): undefined reference to `nghttp2_session_client_new2'
/usr/bin/ld: (.text+0x2765): undefined reference to `nghttp2_option_del'
/usr/bin/ld: (.text+0x27fa): undefined reference to `nghttp2_pack_settings_payload'
/usr/bin/ld: (.text+0x2835): undefined reference to `nghttp2_session_callbacks_del'
/usr/bin/ld: (.text+0x28bc): undefined reference to `nghttp2_submit_settings'
/usr/bin/ld: (.text+0x28d8): undefined reference to `nghttp2_session_set_local_window_size'
/usr/bin/ld: (.text+0x2981): undefined reference to `nghttp2_session_upgrade2'
/usr/bin/ld: (.text+0x2997): undefined reference to `nghttp2_session_set_stream_user_data'
/usr/bin/ld: (.text+0x2a23): undefined reference to `nghttp2_strerror'
/usr/bin/ld: (.text+0x2a5f): undefined reference to `nghttp2_strerror'
/usr/bin/ld: (.text+0x2a8b): undefined reference to `nghttp2_strerror'
/usr/bin/ld: /usr/lib/x86_64-linux-gnu/libcurl.a(libcurl_la-http2.o): in function `cf_h2_send':
(.text+0x2fec): undefined reference to `nghttp2_session_get_remote_window_size'
/usr/bin/ld: (.text+0x30c9): undefined reference to `nghttp2_session_check_request_allowed'
/usr/bin/ld: (.text+0x3139): undefined reference to `nghttp2_submit_request'
/usr/bin/ld: (.text+0x3365): undefined reference to `nghttp2_session_get_remote_window_size'
/usr/bin/ld: (.text+0x3374): undefined reference to `nghttp2_session_get_stream_remote_window_size'
/usr/bin/ld: (.text+0x342c): undefined reference to `nghttp2_session_want_read'
/usr/bin/ld: (.text+0x343c): undefined reference to `nghttp2_session_want_write'
/usr/bin/ld: (.text+0x3474): undefined reference to `nghttp2_session_want_read'
/usr/bin/ld: (.text+0x3484): undefined reference to `nghttp2_session_want_write'
/usr/bin/ld: (.text+0x34c8): undefined reference to `nghttp2_session_resume_data'
/usr/bin/ld: (.text+0x34cf): undefined reference to `nghttp2_is_fatal'
/usr/bin/ld: (.text+0x354d): undefined reference to `nghttp2_submit_request'
/usr/bin/ld: (.text+0x37ee): undefined reference to `nghttp2_session_get_stream_remote_window_size'
/usr/bin/ld: (.text+0x3818): undefined reference to `nghttp2_session_get_stream_remote_window_size'
/usr/bin/ld: (.text+0x38c8): undefined reference to `nghttp2_session_get_remote_window_size'
/usr/bin/ld: (.text+0x391e): undefined reference to `nghttp2_strerror'
/usr/bin/ld: /usr/lib/x86_64-linux-gnu/libcurl.a(libcurl_la-http2.o): in function `on_header':
(.text+0x39be): undefined reference to `nghttp2_session_get_stream_user_data'
/usr/bin/ld: (.text+0x3d4d): undefined reference to `nghttp2_submit_rst_stream'
/usr/bin/ld: /usr/lib/x86_64-linux-gnu/libcurl.a(libcurl_la-http2.o): in function `Curl_http2_ver':
(.text+0x40c4): undefined reference to `nghttp2_version'
/usr/bin/ld: /usr/lib/x86_64-linux-gnu/libcurl.a(libcurl_la-http2.o): in function `on_frame_recv':
(.text+0x436e): undefined reference to `nghttp2_session_get_stream_user_data'
/usr/bin/ld: (.text+0x43e7): undefined reference to `nghttp2_session_get_remote_settings'
/usr/bin/ld: (.text+0x43f8): undefined reference to `nghttp2_session_get_remote_settings'
/usr/bin/ld: (.text+0x45b2): undefined reference to `nghttp2_session_get_stream_effective_local_window_size'
/usr/bin/ld: (.text+0x45cb): undefined reference to `nghttp2_session_get_stream_effective_recv_data_length'
/usr/bin/ld: (.text+0x4647): undefined reference to `nghttp2_session_get_stream_local_window_size'
/usr/bin/ld: (.text+0x4673): undefined reference to `nghttp2_session_set_local_window_size'
/usr/bin/ld: (.text+0x4ab7): undefined reference to `nghttp2_submit_rst_stream'
/usr/bin/ld: (.text+0x4ac0): undefined reference to `nghttp2_is_fatal'
/usr/bin/ld: (.text+0x4b5d): undefined reference to `nghttp2_submit_rst_stream'
/usr/bin/ld: (.text+0x4b64): undefined reference to `nghttp2_is_fatal'
/usr/bin/ld: (.text+0x4d95): undefined reference to `nghttp2_session_set_stream_user_data'
/usr/bin/ld: /usr/lib/x86_64-linux-gnu/libcurl.a(libcurl_la-http2.o): in function `Curl_http2_request_upgrade':
(.text+0x4e85): undefined reference to `nghttp2_pack_settings_payload'
/usr/bin/ld: /usr/lib/x86_64-linux-gnu/libcurl.a(libcurl_la-cf-h2-proxy.o): in function `proxy_h2_process_pending_input':
(.text+0xe3): undefined reference to `nghttp2_session_mem_recv'
/usr/bin/ld: (.text+0x1a0): undefined reference to `nghttp2_strerror'
/usr/bin/ld: /usr/lib/x86_64-linux-gnu/libcurl.a(libcurl_la-cf-h2-proxy.o): in function `proxy_h2_on_stream_close':
(.text+0x499): undefined reference to `nghttp2_http2_strerror'
/usr/bin/ld: /usr/lib/x86_64-linux-gnu/libcurl.a(libcurl_la-cf-h2-proxy.o): in function `proxy_h2_progress_egress':
(.text+0x51d): undefined reference to `nghttp2_session_want_write'
/usr/bin/ld: (.text+0x52a): undefined reference to `nghttp2_session_send'
/usr/bin/ld: (.text+0x544): undefined reference to `nghttp2_is_fatal'
/usr/bin/ld: (.text+0x5fd): undefined reference to `nghttp2_strerror'
/usr/bin/ld: /usr/lib/x86_64-linux-gnu/libcurl.a(libcurl_la-cf-h2-proxy.o): in function `cf_h2_proxy_recv':
(.text+0x975): undefined reference to `nghttp2_session_consume'
/usr/bin/ld: (.text+0xd0f): undefined reference to `nghttp2_http2_strerror'
/usr/bin/ld: /usr/lib/x86_64-linux-gnu/libcurl.a(libcurl_la-cf-h2-proxy.o): in function `cf_h2_proxy_send':
(.text+0xead): undefined reference to `nghttp2_session_resume_data'
/usr/bin/ld: (.text+0xeb4): undefined reference to `nghttp2_is_fatal'
/usr/bin/ld: (.text+0xf07): undefined reference to `nghttp2_session_get_stream_remote_window_size'
/usr/bin/ld: (.text+0xf43): undefined reference to `nghttp2_session_get_remote_window_size'
/usr/bin/ld: (.text+0x1064): undefined reference to `nghttp2_session_get_remote_window_size'
/usr/bin/ld: (.text+0x1076): undefined reference to `nghttp2_session_get_stream_remote_window_size'
/usr/bin/ld: (.text+0x1154): undefined reference to `nghttp2_session_want_read'
/usr/bin/ld: (.text+0x121c): undefined reference to `nghttp2_session_want_write'
/usr/bin/ld: /usr/lib/x86_64-linux-gnu/libcurl.a(libcurl_la-cf-h2-proxy.o): in function `cf_h2_proxy_adjust_pollset':
(.text+0x1383): undefined reference to `nghttp2_session_get_remote_window_size'
/usr/bin/ld: (.text+0x140a): undefined reference to `nghttp2_session_get_stream_remote_window_size'
/usr/bin/ld: (.text+0x1424): undefined reference to `nghttp2_session_want_write'
/usr/bin/ld: /usr/lib/x86_64-linux-gnu/libcurl.a(libcurl_la-cf-h2-proxy.o): in function `cf_h2_proxy_ctx_clear':
(.text+0x14c7): undefined reference to `nghttp2_session_del'
/usr/bin/ld: /usr/lib/x86_64-linux-gnu/libcurl.a(libcurl_la-cf-h2-proxy.o): in function `tunnel_send_callback':
(.text+0x1892): undefined reference to `nghttp2_session_get_stream_user_data'
/usr/bin/ld: /usr/lib/x86_64-linux-gnu/libcurl.a(libcurl_la-cf-h2-proxy.o): in function `cf_h2_proxy_is_alive':
(.text+0x22bb): undefined reference to `nghttp2_session_want_read'
/usr/bin/ld: (.text+0x22cf): undefined reference to `nghttp2_session_want_write'
/usr/bin/ld: /usr/lib/x86_64-linux-gnu/libcurl.a(libcurl_la-cf-h2-proxy.o): in function `cf_h2_proxy_connect':
(.text+0x258f): undefined reference to `nghttp2_submit_request'
/usr/bin/ld: (.text+0x28d0): undefined reference to `nghttp2_session_callbacks_new'
/usr/bin/ld: (.text+0x28eb): undefined reference to `nghttp2_session_callbacks_set_send_callback'
/usr/bin/ld: (.text+0x28fe): undefined reference to `nghttp2_session_callbacks_set_on_frame_recv_callback'
/usr/bin/ld: (.text+0x2911): undefined reference to `nghttp2_session_callbacks_set_on_frame_send_callback'
/usr/bin/ld: (.text+0x2924): undefined reference to `nghttp2_session_callbacks_set_on_data_chunk_recv_callback'
/usr/bin/ld: (.text+0x2937): undefined reference to `nghttp2_session_callbacks_set_on_stream_close_callback'
/usr/bin/ld: (.text+0x294a): undefined reference to `nghttp2_session_callbacks_set_on_header_callback'
/usr/bin/ld: (.text+0x296f): undefined reference to `nghttp2_option_new'
/usr/bin/ld: (.text+0x2999): undefined reference to `nghttp2_session_callbacks_del'
/usr/bin/ld: (.text+0x2e62): undefined reference to `nghttp2_strerror'
/usr/bin/ld: (.text+0x2eb5): undefined reference to `nghttp2_option_set_no_auto_window_update'
/usr/bin/ld: (.text+0x2ec6): undefined reference to `nghttp2_option_set_no_rfc9113_leading_and_trailing_ws_validation'
/usr/bin/ld: (.text+0x2ee3): undefined reference to `nghttp2_session_client_new2'
/usr/bin/ld: (.text+0x2ef5): undefined reference to `nghttp2_option_del'
/usr/bin/ld: (.text+0x2f42): undefined reference to `nghttp2_submit_settings'
/usr/bin/ld: (.text+0x2f5b): undefined reference to `nghttp2_session_set_local_window_size'
/usr/bin/ld: (.text+0x2f7b): undefined reference to `nghttp2_session_callbacks_del'
/usr/bin/ld: (.text+0x3101): undefined reference to `nghttp2_strerror'
/usr/bin/ld: (.text+0x312c): undefined reference to `nghttp2_session_callbacks_del'
/usr/bin/ld: (.text+0x31b2): undefined reference to `nghttp2_strerror'
/usr/bin/ld: (.text+0x31d1): undefined reference to `nghttp2_strerror'
/usr/bin/ld: /usr/lib/x86_64-linux-gnu/libgnutls.a(str-idna.o): in function `gnutls_idna_map':
(.text+0x24a): undefined reference to `idn2_strerror'
/usr/bin/ld: /usr/lib/x86_64-linux-gnu/libgnutls.a(str-idna.o): in function `gnutls_idna_reverse_map':
(.text+0x419): undefined reference to `idn2_strerror'
/usr/bin/ld: /usr/lib/x86_64-linux-gnu/libgnutls.a(pkcs11.o): in function `_gnutls_pkcs11_reinit':
(.text+0x53): undefined reference to `p11_kit_module_initialize'
/usr/bin/ld: (.text+0x84): undefined reference to `p11_kit_strerror'
/usr/bin/ld: /usr/lib/x86_64-linux-gnu/libgnutls.a(pkcs11.o): in function `add_obj_attrs':
(.text+0xfa): undefined reference to `p11_kit_uri_get_attribute'
/usr/bin/ld: (.text+0x129): undefined reference to `p11_kit_uri_get_attribute'
/usr/bin/ld: (.text+0x165): undefined reference to `p11_kit_uri_get_attribute'
/usr/bin/ld: /usr/lib/x86_64-linux-gnu/libgnutls.a(pkcs11.o): in function `find_flags_cb':
(.text+0x286): undefined reference to `p11_kit_uri_match_token_info'
/usr/bin/ld: (.text+0x295): undefined reference to `p11_kit_uri_match_module_info'
/usr/bin/ld: (.text+0x2a2): undefined reference to `p11_kit_module_get_flags'
/usr/bin/ld: /usr/lib/x86_64-linux-gnu/libgnutls.a(pkcs11.o): in function `find_token_num_cb':
(.text+0x355): undefined reference to `p11_kit_uri_get_token_info'
/usr/bin/ld: (.text+0x3ef): undefined reference to `p11_kit_uri_get_module_info'
/usr/bin/ld: /usr/lib/x86_64-linux-gnu/libgnutls.a(pkcs11.o): in function `pkcs11_obj_import':
(.text+0x528): undefined reference to `p11_kit_uri_set_attribute'
/usr/bin/ld: (.text+0x551): undefined reference to `p11_kit_uri_get_token_info'
/usr/bin/ld: (.text+0x5eb): undefined reference to `p11_kit_uri_get_module_info'
/usr/bin/ld: (.text+0x75b): undefined reference to `p11_kit_uri_set_attribute'
/usr/bin/ld: (.text+0x79b): undefined reference to `p11_kit_uri_set_attribute'
/usr/bin/ld: /usr/lib/x86_64-linux-gnu/libgnutls.a(pkcs11.o): in function `find_token_modname_cb':
(.text+0x857): undefined reference to `p11_kit_uri_match_token_info'
/usr/bin/ld: (.text+0x866): undefined reference to `p11_kit_uri_match_module_info'
/usr/bin/ld: (.text+0x879): undefined reference to `p11_kit_config_option'
/usr/bin/ld: /usr/lib/x86_64-linux-gnu/libgnutls.a(pkcs11.o): in function `pkcs11_add_module':
(.text+0xa39): undefined reference to `p11_kit_module_get_flags'
/usr/bin/ld: /usr/lib/x86_64-linux-gnu/libgnutls.a(pkcs11.o): in function `auto_load':
(.text+0xb61): undefined reference to `p11_kit_modules_load_and_initialize'
/usr/bin/ld: (.text+0xb96): undefined reference to `p11_kit_module_get_name'
/usr/bin/ld: (.text+0xc99): undefined reference to `p11_kit_message'
/usr/bin/ld: /usr/lib/x86_64-linux-gnu/libgnutls.a(pkcs11.o): in function `retrieve_pin_from_callback':
(.text+0xe32): undefined reference to `p11_kit_space_strdup'
/usr/bin/ld: (.text+0xe43): undefined reference to `p11_kit_uri_new'
/usr/bin/ld: (.text+0xe57): undefined reference to `p11_kit_uri_get_token_info'
/usr/bin/ld: (.text+0xf09): undefined reference to `p11_kit_uri_format'
/usr/bin/ld: (.text+0xf19): undefined reference to `p11_kit_uri_free'
/usr/bin/ld: (.text+0xfa9): undefined reference to `p11_kit_pin_new_for_string'
/usr/bin/ld: (.text+0x10b1): undefined reference to `p11_kit_uri_free'
/usr/bin/ld: /usr/lib/x86_64-linux-gnu/libgnutls.a(pkcs11.o): in function `find_obj_session_cb':
(.text+0x13ad): undefined reference to `p11_kit_uri_match_token_info'
/usr/bin/ld: (.text+0x13c5): undefined reference to `p11_kit_uri_match_module_info'
/usr/bin/ld: /usr/lib/x86_64-linux-gnu/libgnutls.a(pkcs11.o): in function `gnutls_pkcs11_add_provider':
(.text+0x23ac): undefined reference to `p11_kit_module_load'
/usr/bin/ld: (.text+0x2411): undefined reference to `p11_kit_module_release'
/usr/bin/ld: (.text+0x2454): undefined reference to `p11_kit_module_release'
/usr/bin/ld: (.text+0x2494): undefined reference to `p11_kit_module_initialize'
/usr/bin/ld: (.text+0x24a4): undefined reference to `p11_kit_module_finalize'
/usr/bin/ld: /usr/lib/x86_64-linux-gnu/libgnutls.a(pkcs11.o): in function `pkcs11_get_info':
(.text+0x27a1): undefined reference to `p11_kit_uri_get_module_info'
/usr/bin/ld: (.text+0x2839): undefined reference to `p11_kit_uri_get_token_info'
/usr/bin/ld: (.text+0x2861): undefined reference to `p11_kit_uri_get_module_info'
/usr/bin/ld: (.text+0x287a): undefined reference to `p11_kit_space_strlen'
/usr/bin/ld: (.text+0x2891): undefined reference to `p11_kit_uri_get_module_info'
/usr/bin/ld: (.text+0x28a1): undefined reference to `p11_kit_uri_get_token_info'
/usr/bin/ld: (.text+0x28b1): undefined reference to `p11_kit_uri_get_token_info'
/usr/bin/ld: (.text+0x28c1): undefined reference to `p11_kit_uri_get_token_info'
/usr/bin/ld: (.text+0x28d6): undefined reference to `p11_kit_uri_get_attribute'
/usr/bin/ld: (.text+0x2906): undefined reference to `p11_kit_uri_get_attribute'
/usr/bin/ld: (.text+0x2956): undefined reference to `p11_kit_uri_get_attribute'
/usr/bin/ld: /usr/lib/x86_64-linux-gnu/libgnutls.a(pkcs11.o): in function `gnutls_pkcs11_init':
(.text+0x2a39): undefined reference to `p11_kit_pin_file_callback'
/usr/bin/ld: (.text+0x2a57): undefined reference to `p11_kit_pin_register_callback'
/usr/bin/ld: /usr/lib/x86_64-linux-gnu/libgnutls.a(pkcs11.o): in function `gnutls_pkcs11_deinit':
(.text+0x2ec1): undefined reference to `p11_kit_module_release'
/usr/bin/ld: (.text+0x2ee3): undefined reference to `p11_kit_module_finalize'
/usr/bin/ld: (.text+0x2f18): undefined reference to `p11_kit_pin_file_callback'
/usr/bin/ld: /usr/lib/x86_64-linux-gnu/libgnutls.a(pkcs11.o): in function `pkcs11_url_to_info':
(.text+0x2fa8): undefined reference to `p11_kit_uri_parse'
/usr/bin/ld: (.text+0x3028): undefined reference to `p11_kit_uri_set_attribute'
/usr/bin/ld: (.text+0x3035): undefined reference to `p11_kit_uri_new'
/usr/bin/ld: (.text+0x3052): undefined reference to `p11_kit_uri_parse'
/usr/bin/ld: (.text+0x3065): undefined reference to `p11_kit_uri_free'
/usr/bin/ld: /usr/lib/x86_64-linux-gnu/libgnutls.a(pkcs11.o): in function `pkcs11_info_to_url':
(.text+0x3143): undefined reference to `p11_kit_uri_format'
/usr/bin/ld: /usr/lib/x86_64-linux-gnu/libgnutls.a(pkcs11.o): in function `gnutls_pkcs11_obj_init':
(.text+0x31db): undefined reference to `p11_kit_uri_new'
/usr/bin/ld: /usr/lib/x86_64-linux-gnu/libgnutls.a(pkcs11.o): in function `gnutls_pkcs11_obj_deinit':
(.text+0x32da): undefined reference to `p11_kit_uri_free'
/usr/bin/ld: /usr/lib/x86_64-linux-gnu/libgnutls.a(pkcs11.o): in function `pkcs11_find_slot':
(.text+0x36d8): undefined reference to `p11_kit_uri_match_module_info'
/usr/bin/ld: (.text+0x375d): undefined reference to `p11_kit_uri_match_token_info'
/usr/bin/ld: /usr/lib/x86_64-linux-gnu/libgnutls.a(pkcs11.o): in function `find_single_obj_cb':
(.text+0x4aa6): undefined reference to `p11_kit_uri_match_token_info'
/usr/bin/ld: (.text+0x4ac1): undefined reference to `p11_kit_uri_match_module_info'
/usr/bin/ld: /usr/lib/x86_64-linux-gnu/libgnutls.a(pkcs11.o): in function `find_multi_objs_cb':
(.text+0x4e76): undefined reference to `p11_kit_uri_match_token_info'
/usr/bin/ld: (.text+0x4e8e): undefined reference to `p11_kit_uri_match_module_info'
/usr/bin/ld: (.text+0x50c7): undefined reference to `p11_kit_uri_get_attribute'
/usr/bin/ld: (.text+0x53ba): undefined reference to `p11_kit_uri_get_attribute'
/usr/bin/ld: (.text+0x5412): undefined reference to `p11_kit_uri_get_attribute'
/usr/bin/ld: (.text+0x5467): undefined reference to `p11_kit_iter_new'
/usr/bin/ld: (.text+0x548f): undefined reference to `p11_kit_iter_add_filter'
/usr/bin/ld: (.text+0x54a9): undefined reference to `p11_kit_iter_begin_with'
/usr/bin/ld: (.text+0x5508): undefined reference to `p11_kit_iter_get_object'
/usr/bin/ld: (.text+0x5561): undefined reference to `p11_kit_iter_next'
/usr/bin/ld: (.text+0x55e1): undefined reference to `p11_kit_iter_get_attributes'
/usr/bin/ld: (.text+0x5627): undefined reference to `p11_kit_iter_get_attributes'
/usr/bin/ld: (.text+0x56db): undefined reference to `p11_kit_iter_get_object'
/usr/bin/ld: (.text+0x577e): undefined reference to `p11_kit_iter_free'
/usr/bin/ld: (.text+0x5944): undefined reference to `p11_kit_iter_free'
/usr/bin/ld: /usr/lib/x86_64-linux-gnu/libgnutls.a(pkcs11.o): in function `gnutls_pkcs11_obj_export_url':
(.text+0x5d3c): undefined reference to `p11_kit_uri_format'
/usr/bin/ld: /usr/lib/x86_64-linux-gnu/libgnutls.a(pkcs11.o): in function `pkcs11_retrieve_pin':
(.text+0x5e43): undefined reference to `p11_kit_uri_get_pin_value'
/usr/bin/ld: (.text+0x5e6f): undefined reference to `p11_kit_pin_new_for_string'
/usr/bin/ld: (.text+0x5eec): undefined reference to `p11_kit_uri_get_pin_source'
/usr/bin/ld: (.text+0x5f19): undefined reference to `p11_kit_space_strdup'
/usr/bin/ld: (.text+0x5f2b): undefined reference to `p11_kit_uri_new'
/usr/bin/ld: (.text+0x5f40): undefined reference to `p11_kit_uri_get_token_info'
/usr/bin/ld: (.text+0x6025): undefined reference to `p11_kit_pin_request'
/usr/bin/ld: (.text+0x6031): undefined reference to `p11_kit_uri_free'
/usr/bin/ld: /usr/lib/x86_64-linux-gnu/libgnutls.a(pkcs11.o): in function `pkcs11_login':
(.text+0x6470): undefined reference to `p11_kit_pin_get_length'
/usr/bin/ld: (.text+0x6481): undefined reference to `p11_kit_pin_get_value'
/usr/bin/ld: (.text+0x64a6): undefined reference to `p11_kit_pin_unref'
/usr/bin/ld: (.text+0x683d): undefined reference to `p11_kit_strerror'
/usr/bin/ld: /usr/lib/x86_64-linux-gnu/libgnutls.a(pkcs11.o): in function `_pkcs11_traverse_tokens':
(.text+0x71e6): undefined reference to `p11_kit_uri_match_module_info'
/usr/bin/ld: (.text+0x72f1): undefined reference to `p11_kit_uri_match_token_info'
/usr/bin/ld: /usr/lib/x86_64-linux-gnu/libgnutls.a(pkcs11.o): in function `_gnutls_pkcs11_token_get_url':
(.text+0x79d9): undefined reference to `p11_kit_uri_new'
/usr/bin/ld: (.text+0x7a13): undefined reference to `p11_kit_uri_free'
/usr/bin/ld: (.text+0x7a45): undefined reference to `p11_kit_uri_free'
/usr/bin/ld: /usr/lib/x86_64-linux-gnu/libgnutls.a(pkcs11.o): in function `gnutls_pkcs11_token_get_info':
(.text+0x7bc4): undefined reference to `p11_kit_uri_get_token_info'
/usr/bin/ld: (.text+0x7bd5): undefined reference to `p11_kit_space_strlen'
/usr/bin/ld: (.text+0x7c25): undefined reference to `p11_kit_uri_free'
/usr/bin/ld: (.text+0x7c34): undefined reference to `p11_kit_uri_get_token_info'
/usr/bin/ld: (.text+0x7c45): undefined reference to `p11_kit_space_strlen'
/usr/bin/ld: (.text+0x7c6c): undefined reference to `p11_kit_uri_get_token_info'
/usr/bin/ld: (.text+0x7c84): undefined reference to `p11_kit_uri_get_token_info'
/usr/bin/ld: /usr/lib/x86_64-linux-gnu/libgnutls.a(pkcs11.o): in function `gnutls_pkcs11_token_get_ptr':
(.text+0x7e8e): undefined reference to `p11_kit_uri_free'
/usr/bin/ld: /usr/lib/x86_64-linux-gnu/libgnutls.a(pkcs11.o): in function `pkcs11_call_token_func':
(.text+0x7f6f): undefined reference to `p11_kit_uri_get_token_info'
/usr/bin/ld: (.text+0x7f7c): undefined reference to `p11_kit_space_strdup'
/usr/bin/ld: /usr/lib/x86_64-linux-gnu/libgnutls.a(pkcs11.o): in function `gnutls_pkcs11_obj_list_import_url4':
(.text+0x809c): undefined reference to `p11_kit_uri_free'
/usr/bin/ld: /usr/lib/x86_64-linux-gnu/libgnutls.a(pkcs11.o): in function `gnutls_pkcs11_token_get_flags':
(.text+0x85c8): undefined reference to `p11_kit_uri_free'
/usr/bin/ld: /usr/lib/x86_64-linux-gnu/libgnutls.a(pkcs11.o): in function `gnutls_pkcs11_token_get_mechanism':
(.text+0x879a): undefined reference to `p11_kit_uri_free'
/usr/bin/ld: /usr/lib/x86_64-linux-gnu/libgnutls.a(pkcs11.o): in function `gnutls_pkcs11_token_check_mechanism':
(.text+0x89cf): undefined reference to `p11_kit_uri_free'
/usr/bin/ld: /usr/lib/x86_64-linux-gnu/libgnutls.a(pkcs11.o): in function `gnutls_pkcs11_get_raw_issuer':
(.text+0x8e0d): undefined reference to `p11_kit_uri_free'
/usr/bin/ld: /usr/lib/x86_64-linux-gnu/libgnutls.a(pkcs11.o):(.text+0x910c): more undefined references to `p11_kit_uri_free' follow
/usr/bin/ld: /usr/lib/x86_64-linux-gnu/libgnutls.a(pkcs11.o): in function `gnutls_pkcs11_deinit':
(.text+0x2f40): undefined reference to `p11_kit_pin_unregister_callback'
/usr/bin/ld: /usr/lib/x86_64-linux-gnu/libgnutls.a(pkcs11x.o): in function `find_ext_cb':
(.text+0x4f): undefined reference to `p11_kit_uri_match_token_info'
/usr/bin/ld: (.text+0x66): undefined reference to `p11_kit_uri_match_module_info'
/usr/bin/ld: /usr/lib/x86_64-linux-gnu/libgnutls.a(pkcs11_privkey.o): in function `find_object.constprop.0':
(.text+0x44): undefined reference to `p11_kit_uri_get_attributes'
/usr/bin/ld: /usr/lib/x86_64-linux-gnu/libgnutls.a(pkcs11_privkey.o): in function `gnutls_pkcs11_privkey_init':
(.text+0x2ef): undefined reference to `p11_kit_uri_new'
/usr/bin/ld: (.text+0x351): undefined reference to `p11_kit_uri_free'
/usr/bin/ld: /usr/lib/x86_64-linux-gnu/libgnutls.a(pkcs11_privkey.o): in function `gnutls_pkcs11_privkey_deinit':
(.text+0x3f5): undefined reference to `p11_kit_uri_free'
/usr/bin/ld: /usr/lib/x86_64-linux-gnu/libgnutls.a(pkcs11_privkey.o): in function `gnutls_pkcs11_privkey_import_url':
(.text+0xd51): undefined reference to `p11_kit_uri_free'
/usr/bin/ld: (.text+0xd9a): undefined reference to `p11_kit_uri_get_attribute'
/usr/bin/ld: (.text+0xddf): undefined reference to `p11_kit_uri_free'
/usr/bin/ld: (.text+0xe78): undefined reference to `p11_kit_uri_get_attribute'
/usr/bin/ld: (.text+0x1046): undefined reference to `p11_kit_uri_get_attribute'
/usr/bin/ld: /usr/lib/x86_64-linux-gnu/libgnutls.a(pkcs11_privkey.o): in function `gnutls_pkcs11_privkey_generate3':
(.text+0x1ee7): undefined reference to `p11_kit_uri_free'
/usr/bin/ld: /usr/lib/x86_64-linux-gnu/libgnutls.a(pkcs11_int.o): in function `pkcs11_strerror':
(.text+0x475): undefined reference to `p11_kit_strerror'
/usr/bin/ld: /usr/lib/x86_64-linux-gnu/libsasl2.a(ntlm.o): in function `P16_nt':
(.text+0x526): undefined reference to `MD4'
/usr/bin/ld: /usr/lib/x86_64-linux-gnu/libsasl2.a(ldapdb.o): in function `ldapdb_connect':
(.text+0x276): undefined reference to `ldap_whoami_s'
/usr/bin/ld: /usr/lib/x86_64-linux-gnu/libsasl2.a(ldapdb.o): in function `ldapdb_auxprop_store':
(.text+0x4bb): undefined reference to `ldap_modify_ext_s'
/usr/bin/ld: /usr/lib/x86_64-linux-gnu/libsasl2.a(ldapdb.o): in function `ldapdb_auxprop_lookup':
(.text+0x7b6): undefined reference to `ldap_first_message'
/usr/bin/ld: (.text+0x810): undefined reference to `ldap_next_message'
/usr/bin/ld: /usr/lib/x86_64-linux-gnu/libsasl2.a(ldapdb.o): in function `ldapdb_canon_server':
(.text+0xefc): undefined reference to `ldap_first_message'
/usr/bin/ld: (.text+0xf18): undefined reference to `ldap_next_message'
/usr/bin/ld: /usr/lib/x86_64-linux-gnu/libhogweed.a(pkcs1-sec-decrypt.o): in function `_nettle_pkcs1_sec_decrypt':
(.text+0x9d): undefined reference to `nettle_cnd_memcpy'
/usr/bin/ld: /usr/lib/x86_64-linux-gnu/libhogweed.a(pkcs1-sec-decrypt.o): in function `_nettle_pkcs1_sec_decrypt_variable':
(.text+0x1b4): undefined reference to `nettle_cnd_memcpy'
/usr/bin/ld: (.text+0x1f2): undefined reference to `nettle_cnd_memcpy'
/usr/bin/ld: /usr/lib/x86_64-linux-gnu/libhogweed.a(ed448-shake256.o):(.data.rel.ro+0x8): undefined reference to `nettle_sha3_256_shake'
/usr/bin/ld: /usr/lib/x86_64-linux-gnu/libpq.a(fe-connect.o): in function `sslVerifyProtocolVersion':
(.text+0x970): undefined reference to `pg_strcasecmp'
/usr/bin/ld: (.text+0x983): undefined reference to `pg_strcasecmp'
/usr/bin/ld: (.text+0x996): undefined reference to `pg_strcasecmp'
/usr/bin/ld: (.text+0x9a9): undefined reference to `pg_strcasecmp'
/usr/bin/ld: /usr/lib/x86_64-linux-gnu/libpq.a(fe-connect.o): in function `parseServiceFile':
(.text+0xb6d): undefined reference to `pg_strncasecmp'
/usr/bin/ld: (.text+0xf53): undefined reference to `pg_strcasecmp'
/usr/bin/ld: (.text+0xf6c): undefined reference to `pg_strcasecmp'
/usr/bin/ld: (.text+0xf8d): undefined reference to `pg_strcasecmp'
/usr/bin/ld: (.text+0xfe4): undefined reference to `ldap_simple_bind'
/usr/bin/ld: /usr/lib/x86_64-linux-gnu/libpq.a(fe-connect.o): in function `emitHostIdentityInfo':
(.text+0x17c8): undefined reference to `pg_getnameinfo_all'
/usr/bin/ld: /usr/lib/x86_64-linux-gnu/libpq.a(fe-connect.o): in function `connectFailureMessage':
(.text+0x18cd): undefined reference to `pg_strerror_r'
/usr/bin/ld: /usr/lib/x86_64-linux-gnu/libpq.a(fe-connect.o): in function `PQconnectPoll':
(.text+0x28db): undefined reference to `pg_snprintf'
/usr/bin/ld: (.text+0x2916): undefined reference to `pg_getaddrinfo_all'
/usr/bin/ld: (.text+0x29ed): undefined reference to `pg_freeaddrinfo_all'
/usr/bin/ld: (.text+0x2d3e): undefined reference to `pg_freeaddrinfo_all'
/usr/bin/ld: (.text+0x3197): undefined reference to `getpeereid'
/usr/bin/ld: (.text+0x31bb): undefined reference to `pg_strerror_r'
/usr/bin/ld: (.text+0x33a0): undefined reference to `pg_snprintf'
/usr/bin/ld: (.text+0x33c6): undefined reference to `pg_getaddrinfo_all'
/usr/bin/ld: (.text+0x3424): undefined reference to `pg_getaddrinfo_all'
/usr/bin/ld: (.text+0x34e9): undefined reference to `pg_prng_uint64_range'
/usr/bin/ld: (.text+0x38da): undefined reference to `pg_inet_net_ntop'
/usr/bin/ld: (.text+0x3c4e): undefined reference to `pg_strerror_r'
/usr/bin/ld: (.text+0x3cb3): undefined reference to `pg_inet_net_ntop'
/usr/bin/ld: (.text+0x3e4b): undefined reference to `pg_strerror_r'
/usr/bin/ld: (.text+0x4038): undefined reference to `pg_strerror_r'
/usr/bin/ld: (.text+0x4160): undefined reference to `pg_strerror_r'
/usr/bin/ld: (.text+0x4268): undefined reference to `pg_strerror_r'
/usr/bin/ld: (.text+0x4299): undefined reference to `pg_strerror_r'
/usr/bin/ld: /usr/lib/x86_64-linux-gnu/libpq.a(fe-connect.o):(.text+0x4303): more undefined references to `pg_strerror_r' follow
/usr/bin/ld: /usr/lib/x86_64-linux-gnu/libpq.a(fe-connect.o): in function `connectDBStart':
(.text+0x4861): undefined reference to `pg_link_canary_is_frontend'
/usr/bin/ld: /usr/lib/x86_64-linux-gnu/libpq.a(fe-connect.o): in function `PQsetClientEncoding':
(.text+0x50cb): undefined reference to `pg_sprintf'
/usr/bin/ld: (.text+0x5120): undefined reference to `pg_get_encoding_from_locale'
/usr/bin/ld: (.text+0x5127): undefined reference to `pg_encoding_to_char'
/usr/bin/ld: /usr/lib/x86_64-linux-gnu/libpq.a(fe-connect.o): in function `parseServiceInfo':
(.text+0x537e): undefined reference to `pg_snprintf'
/usr/bin/ld: (.text+0x544f): undefined reference to `pg_snprintf'
/usr/bin/ld: /usr/lib/x86_64-linux-gnu/libpq.a(fe-connect.o): in function `connectOptions2':
(.text+0x6962): undefined reference to `pg_strip_crlf'
/usr/bin/ld: (.text+0x72d9): undefined reference to `pg_strong_random'
/usr/bin/ld: (.text+0x72f3): undefined reference to `pg_prng_seed_check'
/usr/bin/ld: (.text+0x733e): undefined reference to `pg_prng_seed'
/usr/bin/ld: (.text+0x7369): undefined reference to `pg_prng_uint64_range'
/usr/bin/ld: (.text+0x7615): undefined reference to `pg_fprintf'
/usr/bin/ld: (.text+0x7873): undefined reference to `pg_snprintf'
/usr/bin/ld: (.text+0x7919): undefined reference to `pg_strcasecmp'
/usr/bin/ld: (.text+0x7933): undefined reference to `pg_strcasecmp'
/usr/bin/ld: (.text+0x7950): undefined reference to `pg_strcasecmp'
/usr/bin/ld: (.text+0x7994): undefined reference to `pg_get_encoding_from_locale'
/usr/bin/ld: (.text+0x799b): undefined reference to `pg_encoding_to_char'
/usr/bin/ld: /usr/lib/x86_64-linux-gnu/libpq.a(fe-connect.o): in function `defaultNoticeProcessor':
(.text+0x2bb): undefined reference to `pg_fprintf'
/usr/bin/ld: /usr/lib/x86_64-linux-gnu/libpq.a(fe-connect.o): in function `pqGetHomeDirectory':
(.text+0x5262): undefined reference to `pg_get_user_home_dir'
/usr/bin/ld: /usr/lib/x86_64-linux-gnu/libpq.a(fe-exec.o): in function `PQescapeStringInternal':
(.text+0x5f9): undefined reference to `pg_encoding_mblen_or_incomplete'
/usr/bin/ld: (.text+0x634): undefined reference to `pg_encoding_set_invalid'
/usr/bin/ld: (.text+0x67e): undefined reference to `pg_encoding_verifymbchar'
/usr/bin/ld: /usr/lib/x86_64-linux-gnu/libpq.a(fe-exec.o): in function `PQescapeInternal':
(.text+0x96e): undefined reference to `pg_encoding_mblen_or_incomplete'
/usr/bin/ld: (.text+0x9e2): undefined reference to `pg_encoding_verifymbstr'
/usr/bin/ld: (.text+0xaa3): undefined reference to `pg_encoding_mblen'
/usr/bin/ld: /usr/lib/x86_64-linux-gnu/libpq.a(fe-exec.o): in function `pqInternalNotice':
(.text+0x1f29): undefined reference to `pg_vsnprintf'
/usr/bin/ld: (.text+0x1fd5): undefined reference to `pg_sprintf'
/usr/bin/ld: /usr/lib/x86_64-linux-gnu/libpq.a(fe-exec.o): in function `pqSaveParameterStatus':
(.text+0x26a5): undefined reference to `pg_char_to_encoding'
/usr/bin/ld: /usr/lib/x86_64-linux-gnu/libpq.a(fe-exec.o): in function `PQfnumber':
(.text+0x41d7): undefined reference to `pg_tolower'
/usr/bin/ld: (.text+0x42b1): undefined reference to `pg_tolower'
/usr/bin/ld: /usr/lib/x86_64-linux-gnu/libpq.a(fe-misc.o): in function `PQmblenBounded':
(.text+0x766): undefined reference to `pg_encoding_mblen'
/usr/bin/ld: /usr/lib/x86_64-linux-gnu/libpq.a(fe-misc.o): in function `PQenv2encoding':
(.text+0x7c9): undefined reference to `pg_char_to_encoding'
/usr/bin/ld: /usr/lib/x86_64-linux-gnu/libpq.a(fe-misc.o): in function `pqSocketCheck':
(.text+0xc55): undefined reference to `pg_strerror_r'
/usr/bin/ld: /usr/lib/x86_64-linux-gnu/libpq.a(fe-misc.o): in function `PQmblen':
(.text+0x73d): undefined reference to `pg_encoding_mblen'
/usr/bin/ld: /usr/lib/x86_64-linux-gnu/libpq.a(fe-misc.o): in function `PQdsplen':
(.text+0x78d): undefined reference to `pg_encoding_dsplen'
/usr/bin/ld: /usr/lib/x86_64-linux-gnu/libpq.a(fe-protocol3.o): in function `build_startup_packet':
(.text+0x688): undefined reference to `pg_strcasecmp'
/usr/bin/ld: /usr/lib/x86_64-linux-gnu/libpq.a(fe-protocol3.o): in function `pqBuildErrorMessage3':
(.text+0xa31): undefined reference to `pg_encoding_max_length'
/usr/bin/ld: (.text+0xaa2): undefined reference to `pg_encoding_dsplen'
/usr/bin/ld: (.text+0xd2a): undefined reference to `pg_encoding_dsplen'
/usr/bin/ld: /usr/lib/x86_64-linux-gnu/libpq.a(fe-secure.o): in function `pqsecure_raw_read':
(.text+0x136): undefined reference to `pg_strerror_r'
/usr/bin/ld: /usr/lib/x86_64-linux-gnu/libpq.a(fe-secure.o): in function `pqsecure_raw_write.part.0':
(.text+0x48b): undefined reference to `pg_snprintf'
/usr/bin/ld: (.text+0x54b): undefined reference to `pg_strerror_r'
/usr/bin/ld: (.text+0x56f): undefined reference to `pg_snprintf'
/usr/bin/ld: /usr/lib/x86_64-linux-gnu/libpq.a(fe-trace.o): in function `pqTraceOutputByte1':
(.text+0x3e): undefined reference to `pg_fprintf'
/usr/bin/ld: (.text+0x60): undefined reference to `pg_fprintf'
/usr/bin/ld: /usr/lib/x86_64-linux-gnu/libpq.a(fe-trace.o): in function `pqTraceOutputNchar':
(.text+0xaf): undefined reference to `pg_fprintf'
/usr/bin/ld: (.text+0x110): undefined reference to `pg_fprintf'
/usr/bin/ld: (.text+0x14c): undefined reference to `pg_fprintf'
/usr/bin/ld: /usr/lib/x86_64-linux-gnu/libpq.a(fe-trace.o):(.text+0x191): more undefined references to `pg_fprintf' follow
/usr/bin/ld: /usr/lib/x86_64-linux-gnu/libpq.a(fe-trace.o): in function `pqTraceFormatTimestamp.constprop.0':
(.text+0x2ef): undefined reference to `pg_snprintf'
/usr/bin/ld: /usr/lib/x86_64-linux-gnu/libpq.a(fe-trace.o): in function `pqTraceOutputMessage':
(.text+0x48d): undefined reference to `pg_fprintf'
/usr/bin/ld: (.text+0x4cd): undefined reference to `pg_fprintf'
/usr/bin/ld: (.text+0x51c): undefined reference to `pg_fprintf'
/usr/bin/ld: (.text+0x541): undefined reference to `pg_fprintf'
/usr/bin/ld: (.text+0x5c5): undefined reference to `pg_fprintf'
/usr/bin/ld: /usr/lib/x86_64-linux-gnu/libpq.a(fe-trace.o):(.text+0x5dd): more undefined references to `pg_fprintf' follow
/usr/bin/ld: /usr/lib/x86_64-linux-gnu/libpq.a(pqexpbuffer.o): in function `appendPQExpBufferVA':
(.text+0x232): undefined reference to `pg_vsnprintf'
/usr/bin/ld: /usr/lib/x86_64-linux-gnu/libpq.a(fe-auth.o): in function `pg_fe_sendauth':
(.text+0xb00): undefined reference to `pg_md5_encrypt'
/usr/bin/ld: (.text+0xb1f): undefined reference to `pg_md5_encrypt'
/usr/bin/ld: /usr/lib/x86_64-linux-gnu/libpq.a(fe-auth.o): in function `pg_fe_getusername':
(.text+0xd83): undefined reference to `pg_get_user_name'
/usr/bin/ld: /usr/lib/x86_64-linux-gnu/libpq.a(fe-auth.o): in function `PQencryptPassword':
(.text+0xe9e): undefined reference to `pg_md5_encrypt'
/usr/bin/ld: /usr/lib/x86_64-linux-gnu/libpq.a(fe-auth.o): in function `PQencryptPasswordConn':
(.text+0xf91): undefined reference to `pg_md5_encrypt'
/usr/bin/ld: /usr/lib/x86_64-linux-gnu/libpq.a(fe-secure-openssl.o): in function `SSLerrmessage':
(.text+0xc6): undefined reference to `pg_snprintf'
/usr/bin/ld: (.text+0xf2): undefined reference to `pg_snprintf'
/usr/bin/ld: (.text+0x112): undefined reference to `pg_strerror_r'
/usr/bin/ld: /usr/lib/x86_64-linux-gnu/libpq.a(fe-secure-openssl.o): in function `ssl_protocol_version_to_openssl':
(.text+0x147): undefined reference to `pg_strcasecmp'
/usr/bin/ld: (.text+0x161): undefined reference to `pg_strcasecmp'
/usr/bin/ld: (.text+0x17b): undefined reference to `pg_strcasecmp'
/usr/bin/ld: (.text+0x195): undefined reference to `pg_strcasecmp'
/usr/bin/ld: /usr/lib/x86_64-linux-gnu/libpq.a(fe-secure-openssl.o): in function `initialize_SSL':
(.text+0x5c7): undefined reference to `pg_snprintf'
/usr/bin/ld: (.text+0x957): undefined reference to `pg_snprintf'
/usr/bin/ld: (.text+0xba4): undefined reference to `pg_snprintf'
/usr/bin/ld: (.text+0xc07): undefined reference to `pg_snprintf'
/usr/bin/ld: (.text+0xd6d): undefined reference to `pg_snprintf'
/usr/bin/ld: (.text+0xf53): undefined reference to `pg_strerror_r'
/usr/bin/ld: /usr/lib/x86_64-linux-gnu/libpq.a(fe-secure-openssl.o): in function `pgtls_read':
(.text+0x1282): undefined reference to `pg_strerror_r'
/usr/bin/ld: /usr/lib/x86_64-linux-gnu/libpq.a(fe-secure-openssl.o): in function `pgtls_write':
(.text+0x152e): undefined reference to `pg_strerror_r'
/usr/bin/ld: /usr/lib/x86_64-linux-gnu/libpq.a(fe-secure-openssl.o): in function `pgtls_open_client':
(.text+0x1f13): undefined reference to `pg_strerror_r'
/usr/bin/ld: /usr/lib/x86_64-linux-gnu/libpq.a(fe-secure-openssl.o): in function `PQsslAttribute':
(.text+0x2178): undefined reference to `pg_snprintf'
/usr/bin/ld: /usr/lib/x86_64-linux-gnu/libpq.a(fe-secure-openssl.o): in function `PQdefaultSSLKeyPassHook_OpenSSL':
(.text+0x228c): undefined reference to `pg_fprintf'
/usr/bin/ld: /usr/lib/x86_64-linux-gnu/libpq.a(fe-gssapi-common.o): in function `pg_GSS_load_servicename':
(.text+0x27a): undefined reference to `pg_snprintf'
/usr/bin/ld: /usr/lib/x86_64-linux-gnu/libpq.a(fe-auth-scram.o): in function `scram_exchange':
(.text+0x19e): undefined reference to `pg_strong_random'
/usr/bin/ld: (.text+0x1b0): undefined reference to `pg_b64_enc_len'
/usr/bin/ld: (.text+0x1de): undefined reference to `pg_b64_encode'
/usr/bin/ld: (.text+0x43f): undefined reference to `pg_b64_dec_len'
/usr/bin/ld: (.text+0x480): undefined reference to `pg_b64_decode'
/usr/bin/ld: (.text+0x5a0): undefined reference to `pg_hmac_create'
/usr/bin/ld: (.text+0x5de): undefined reference to `scram_SaltedPassword'
/usr/bin/ld: (.text+0x610): undefined reference to `scram_ClientKey'
/usr/bin/ld: (.text+0x63d): undefined reference to `scram_H'
/usr/bin/ld: (.text+0x658): undefined reference to `pg_hmac_init'
/usr/bin/ld: (.text+0x67a): undefined reference to `pg_hmac_update'
/usr/bin/ld: (.text+0x699): undefined reference to `pg_hmac_update'
/usr/bin/ld: (.text+0x6c6): undefined reference to `pg_hmac_update'
/usr/bin/ld: (.text+0x6de): undefined reference to `pg_hmac_update'
/usr/bin/ld: (.text+0x6fc): undefined reference to `pg_hmac_update'
/usr/bin/ld: (.text+0x717): undefined reference to `pg_hmac_final'
/usr/bin/ld: (.text+0x752): undefined reference to `pg_hmac_free'
/usr/bin/ld: (.text+0x76a): undefined reference to `pg_b64_enc_len'
/usr/bin/ld: (.text+0x7a0): undefined reference to `pg_b64_encode'
/usr/bin/ld: (.text+0x88c): undefined reference to `pg_b64_dec_len'
/usr/bin/ld: (.text+0x8c6): undefined reference to `pg_b64_decode'
/usr/bin/ld: (.text+0x969): undefined reference to `pg_hmac_create'
/usr/bin/ld: (.text+0x994): undefined reference to `scram_ServerKey'
/usr/bin/ld: (.text+0x9ab): undefined reference to `pg_hmac_init'
/usr/bin/ld: (.text+0x9cd): undefined reference to `pg_hmac_update'
/usr/bin/ld: (.text+0x9ec): undefined reference to `pg_hmac_update'
/usr/bin/ld: (.text+0xa19): undefined reference to `pg_hmac_update'
/usr/bin/ld: (.text+0xa31): undefined reference to `pg_hmac_update'
/usr/bin/ld: (.text+0xa53): undefined reference to `pg_hmac_update'
/usr/bin/ld: (.text+0xa6a): undefined reference to `pg_hmac_final'
/usr/bin/ld: (.text+0xa76): undefined reference to `pg_hmac_free'
/usr/bin/ld: (.text+0xacc): undefined reference to `pg_hmac_error'
/usr/bin/ld: (.text+0xadb): undefined reference to `pg_hmac_free'
/usr/bin/ld: (.text+0xc12): undefined reference to `pg_hmac_error'
/usr/bin/ld: (.text+0xc21): undefined reference to `pg_hmac_free'
/usr/bin/ld: (.text+0xcfd): undefined reference to `pg_b64_enc_len'
/usr/bin/ld: (.text+0xd36): undefined reference to `pg_b64_encode'
/usr/bin/ld: (.text+0xd93): undefined reference to `pg_hmac_error'
/usr/bin/ld: (.text+0xdf7): undefined reference to `pg_hmac_error'
/usr/bin/ld: /usr/lib/x86_64-linux-gnu/libpq.a(fe-auth-scram.o): in function `scram_init':
(.text+0xf31): undefined reference to `pg_saslprep'
/usr/bin/ld: /usr/lib/x86_64-linux-gnu/libpq.a(fe-auth-scram.o): in function `pg_fe_scram_build_secret':
(.text+0x1020): undefined reference to `pg_saslprep'
/usr/bin/ld: (.text+0x103e): undefined reference to `pg_strong_random'
/usr/bin/ld: (.text+0x1065): undefined reference to `scram_build_secret'
/usr/bin/ld: /usr/lib/x86_64-linux-gnu/libpq.a(fe-secure-common.o): in function `pq_verify_peer_name_matches_certificate_name':
(.text+0xe7): undefined reference to `pg_strcasecmp'
/usr/bin/ld: (.text+0x14c): undefined reference to `pg_strcasecmp'
/usr/bin/ld: /usr/lib/x86_64-linux-gnu/libpq.a(fe-secure-common.o): in function `pq_verify_peer_name_matches_certificate_ip':
(.text+0x248): undefined reference to `pg_inet_net_ntop'
/usr/bin/ld: (.text+0x334): undefined reference to `pg_strerror_r'
collect2: error: ld returned 1 exit status
make[2]: *** [CMakeFiles/test_firmware_update_object.dir/build.make:159: test_firmware_update_object] Error 1
make[1]: *** [CMakeFiles/Makefile2:1354: CMakeFiles/test_firmware_update_object.dir/all] Error 2
make[1]: *** Waiting for unfinished jobs....
In function ‘observe_handleRequest’,
    inlined from ‘prv_handle_observe_operation’ at /mnt/d/Dev/Friendly-LwM2M-Client/2305-Wakaama/core/management.c:298:14,
    inlined from ‘dm_handleRequest’ at /mnt/d/Dev/Friendly-LwM2M-Client/2305-Wakaama/core/management.c:435:18,
    inlined from ‘handle_request.constprop’ at /mnt/d/Dev/Friendly-LwM2M-Client/2305-Wakaama/core/packet.c:168:22:
/mnt/d/Dev/Friendly-LwM2M-Client/2305-Wakaama/core/observe.c:181:5: warning: ‘count’ may be used uninitialized [-Wmaybe-uninitialized]
  181 |     switch (count)
      |     ^
/mnt/d/Dev/Friendly-LwM2M-Client/2305-Wakaama/core/observe.c: In function ‘handle_request.constprop’:
/mnt/d/Dev/Friendly-LwM2M-Client/2305-Wakaama/core/observe.c:172:14: note: ‘count’ was declared here
  172 |     uint32_t count;
      |              ^
/usr/bin/ld: /usr/lib/x86_64-linux-gnu/libgnutls.a(str-idna.o): in function `gnutls_idna_map':
(.text+0x24a): undefined reference to `idn2_strerror'
/usr/bin/ld: /usr/lib/x86_64-linux-gnu/libgnutls.a(str-idna.o): in function `gnutls_idna_reverse_map':
(.text+0x419): undefined reference to `idn2_strerror'
/usr/bin/ld: /usr/lib/x86_64-linux-gnu/libgnutls.a(pkcs11.o): in function `_gnutls_pkcs11_reinit':
(.text+0x53): undefined reference to `p11_kit_module_initialize'
/usr/bin/ld: (.text+0x84): undefined reference to `p11_kit_strerror'
/usr/bin/ld: /usr/lib/x86_64-linux-gnu/libgnutls.a(pkcs11.o): in function `add_obj_attrs':
(.text+0xfa): undefined reference to `p11_kit_uri_get_attribute'
/usr/bin/ld: (.text+0x129): undefined reference to `p11_kit_uri_get_attribute'
/usr/bin/ld: (.text+0x165): undefined reference to `p11_kit_uri_get_attribute'
/usr/bin/ld: /usr/lib/x86_64-linux-gnu/libgnutls.a(pkcs11.o): in function `find_flags_cb':
(.text+0x286): undefined reference to `p11_kit_uri_match_token_info'
/usr/bin/ld: (.text+0x295): undefined reference to `p11_kit_uri_match_module_info'
/usr/bin/ld: (.text+0x2a2): undefined reference to `p11_kit_module_get_flags'
/usr/bin/ld: /usr/lib/x86_64-linux-gnu/libgnutls.a(pkcs11.o): in function `find_token_num_cb':
(.text+0x355): undefined reference to `p11_kit_uri_get_token_info'
/usr/bin/ld: (.text+0x3ef): undefined reference to `p11_kit_uri_get_module_info'
/usr/bin/ld: /usr/lib/x86_64-linux-gnu/libgnutls.a(pkcs11.o): in function `pkcs11_obj_import':
(.text+0x528): undefined reference to `p11_kit_uri_set_attribute'
/usr/bin/ld: (.text+0x551): undefined reference to `p11_kit_uri_get_token_info'
/usr/bin/ld: (.text+0x5eb): undefined reference to `p11_kit_uri_get_module_info'
/usr/bin/ld: (.text+0x75b): undefined reference to `p11_kit_uri_set_attribute'
/usr/bin/ld: (.text+0x79b): undefined reference to `p11_kit_uri_set_attribute'
/usr/bin/ld: /usr/lib/x86_64-linux-gnu/libgnutls.a(pkcs11.o): in function `find_token_modname_cb':
(.text+0x857): undefined reference to `p11_kit_uri_match_token_info'
/usr/bin/ld: (.text+0x866): undefined reference to `p11_kit_uri_match_module_info'
/usr/bin/ld: (.text+0x879): undefined reference to `p11_kit_config_option'
/usr/bin/ld: /usr/lib/x86_64-linux-gnu/libgnutls.a(pkcs11.o): in function `pkcs11_add_module':
(.text+0xa39): undefined reference to `p11_kit_module_get_flags'
/usr/bin/ld: /usr/lib/x86_64-linux-gnu/libgnutls.a(pkcs11.o): in function `auto_load':
(.text+0xb61): undefined reference to `p11_kit_modules_load_and_initialize'
/usr/bin/ld: (.text+0xb96): undefined reference to `p11_kit_module_get_name'
/usr/bin/ld: (.text+0xc99): undefined reference to `p11_kit_message'
/usr/bin/ld: /usr/lib/x86_64-linux-gnu/libgnutls.a(pkcs11.o): in function `retrieve_pin_from_callback':
(.text+0xe32): undefined reference to `p11_kit_space_strdup'
/usr/bin/ld: (.text+0xe43): undefined reference to `p11_kit_uri_new'
/usr/bin/ld: (.text+0xe57): undefined reference to `p11_kit_uri_get_token_info'
/usr/bin/ld: (.text+0xf09): undefined reference to `p11_kit_uri_format'
/usr/bin/ld: (.text+0xf19): undefined reference to `p11_kit_uri_free'
/usr/bin/ld: (.text+0xfa9): undefined reference to `p11_kit_pin_new_for_string'
/usr/bin/ld: (.text+0x10b1): undefined reference to `p11_kit_uri_free'
/usr/bin/ld: /usr/lib/x86_64-linux-gnu/libgnutls.a(pkcs11.o): in function `find_obj_session_cb':
(.text+0x13ad): undefined reference to `p11_kit_uri_match_token_info'
/usr/bin/ld: (.text+0x13c5): undefined reference to `p11_kit_uri_match_module_info'
/usr/bin/ld: /usr/lib/x86_64-linux-gnu/libgnutls.a(pkcs11.o): in function `gnutls_pkcs11_add_provider':
(.text+0x23ac): undefined reference to `p11_kit_module_load'
/usr/bin/ld: (.text+0x2411): undefined reference to `p11_kit_module_release'
/usr/bin/ld: (.text+0x2454): undefined reference to `p11_kit_module_release'
/usr/bin/ld: (.text+0x2494): undefined reference to `p11_kit_module_initialize'
/usr/bin/ld: (.text+0x24a4): undefined reference to `p11_kit_module_finalize'
/usr/bin/ld: /usr/lib/x86_64-linux-gnu/libgnutls.a(pkcs11.o): in function `pkcs11_get_info':
(.text+0x27a1): undefined reference to `p11_kit_uri_get_module_info'
/usr/bin/ld: (.text+0x2839): undefined reference to `p11_kit_uri_get_token_info'
/usr/bin/ld: (.text+0x2861): undefined reference to `p11_kit_uri_get_module_info'
/usr/bin/ld: (.text+0x287a): undefined reference to `p11_kit_space_strlen'
/usr/bin/ld: (.text+0x2891): undefined reference to `p11_kit_uri_get_module_info'
/usr/bin/ld: (.text+0x28a1): undefined reference to `p11_kit_uri_get_token_info'
/usr/bin/ld: (.text+0x28b1): undefined reference to `p11_kit_uri_get_token_info'
/usr/bin/ld: (.text+0x28c1): undefined reference to `p11_kit_uri_get_token_info'
/usr/bin/ld: (.text+0x28d6): undefined reference to `p11_kit_uri_get_attribute'
/usr/bin/ld: (.text+0x2906): undefined reference to `p11_kit_uri_get_attribute'
/usr/bin/ld: (.text+0x2956): undefined reference to `p11_kit_uri_get_attribute'
/usr/bin/ld: /usr/lib/x86_64-linux-gnu/libgnutls.a(pkcs11.o): in function `gnutls_pkcs11_init':
(.text+0x2a39): undefined reference to `p11_kit_pin_file_callback'
/usr/bin/ld: (.text+0x2a57): undefined reference to `p11_kit_pin_register_callback'
/usr/bin/ld: /usr/lib/x86_64-linux-gnu/libgnutls.a(pkcs11.o): in function `gnutls_pkcs11_deinit':
(.text+0x2ec1): undefined reference to `p11_kit_module_release'
/usr/bin/ld: (.text+0x2ee3): undefined reference to `p11_kit_module_finalize'
/usr/bin/ld: (.text+0x2f18): undefined reference to `p11_kit_pin_file_callback'
/usr/bin/ld: /usr/lib/x86_64-linux-gnu/libgnutls.a(pkcs11.o): in function `pkcs11_url_to_info':
(.text+0x2fa8): undefined reference to `p11_kit_uri_parse'
/usr/bin/ld: (.text+0x3028): undefined reference to `p11_kit_uri_set_attribute'
/usr/bin/ld: (.text+0x3035): undefined reference to `p11_kit_uri_new'
/usr/bin/ld: (.text+0x3052): undefined reference to `p11_kit_uri_parse'
/usr/bin/ld: (.text+0x3065): undefined reference to `p11_kit_uri_free'
/usr/bin/ld: /usr/lib/x86_64-linux-gnu/libgnutls.a(pkcs11.o): in function `pkcs11_info_to_url':
(.text+0x3143): undefined reference to `p11_kit_uri_format'
/usr/bin/ld: /usr/lib/x86_64-linux-gnu/libgnutls.a(pkcs11.o): in function `gnutls_pkcs11_obj_init':
(.text+0x31db): undefined reference to `p11_kit_uri_new'
/usr/bin/ld: /usr/lib/x86_64-linux-gnu/libgnutls.a(pkcs11.o): in function `gnutls_pkcs11_obj_deinit':
(.text+0x32da): undefined reference to `p11_kit_uri_free'
/usr/bin/ld: /usr/lib/x86_64-linux-gnu/libgnutls.a(pkcs11.o): in function `pkcs11_find_slot':
(.text+0x36d8): undefined reference to `p11_kit_uri_match_module_info'
/usr/bin/ld: (.text+0x375d): undefined reference to `p11_kit_uri_match_token_info'
/usr/bin/ld: /usr/lib/x86_64-linux-gnu/libgnutls.a(pkcs11.o): in function `find_single_obj_cb':
(.text+0x4aa6): undefined reference to `p11_kit_uri_match_token_info'
/usr/bin/ld: (.text+0x4ac1): undefined reference to `p11_kit_uri_match_module_info'
/usr/bin/ld: /usr/lib/x86_64-linux-gnu/libgnutls.a(pkcs11.o): in function `find_multi_objs_cb':
(.text+0x4e76): undefined reference to `p11_kit_uri_match_token_info'
/usr/bin/ld: (.text+0x4e8e): undefined reference to `p11_kit_uri_match_module_info'
/usr/bin/ld: (.text+0x50c7): undefined reference to `p11_kit_uri_get_attribute'
/usr/bin/ld: (.text+0x53ba): undefined reference to `p11_kit_uri_get_attribute'
/usr/bin/ld: (.text+0x5412): undefined reference to `p11_kit_uri_get_attribute'
/usr/bin/ld: (.text+0x5467): undefined reference to `p11_kit_iter_new'
/usr/bin/ld: (.text+0x548f): undefined reference to `p11_kit_iter_add_filter'
/usr/bin/ld: (.text+0x54a9): undefined reference to `p11_kit_iter_begin_with'
/usr/bin/ld: (.text+0x5508): undefined reference to `p11_kit_iter_get_object'
/usr/bin/ld: (.text+0x5561): undefined reference to `p11_kit_iter_next'
/usr/bin/ld: (.text+0x55e1): undefined reference to `p11_kit_iter_get_attributes'
/usr/bin/ld: (.text+0x5627): undefined reference to `p11_kit_iter_get_attributes'
/usr/bin/ld: (.text+0x56db): undefined reference to `p11_kit_iter_get_object'
/usr/bin/ld: (.text+0x577e): undefined reference to `p11_kit_iter_free'
/usr/bin/ld: (.text+0x5944): undefined reference to `p11_kit_iter_free'
/usr/bin/ld: /usr/lib/x86_64-linux-gnu/libgnutls.a(pkcs11.o): in function `gnutls_pkcs11_obj_export_url':
(.text+0x5d3c): undefined reference to `p11_kit_uri_format'
/usr/bin/ld: /usr/lib/x86_64-linux-gnu/libgnutls.a(pkcs11.o): in function `pkcs11_retrieve_pin':
(.text+0x5e43): undefined reference to `p11_kit_uri_get_pin_value'
/usr/bin/ld: (.text+0x5e6f): undefined reference to `p11_kit_pin_new_for_string'
/usr/bin/ld: (.text+0x5eec): undefined reference to `p11_kit_uri_get_pin_source'
/usr/bin/ld: (.text+0x5f19): undefined reference to `p11_kit_space_strdup'
/usr/bin/ld: (.text+0x5f2b): undefined reference to `p11_kit_uri_new'
/usr/bin/ld: (.text+0x5f40): undefined reference to `p11_kit_uri_get_token_info'
/usr/bin/ld: (.text+0x6025): undefined reference to `p11_kit_pin_request'
/usr/bin/ld: (.text+0x6031): undefined reference to `p11_kit_uri_free'
/usr/bin/ld: /usr/lib/x86_64-linux-gnu/libgnutls.a(pkcs11.o): in function `pkcs11_login':
(.text+0x6470): undefined reference to `p11_kit_pin_get_length'
/usr/bin/ld: (.text+0x6481): undefined reference to `p11_kit_pin_get_value'
/usr/bin/ld: (.text+0x64a6): undefined reference to `p11_kit_pin_unref'
/usr/bin/ld: (.text+0x683d): undefined reference to `p11_kit_strerror'
/usr/bin/ld: /usr/lib/x86_64-linux-gnu/libgnutls.a(pkcs11.o): in function `_pkcs11_traverse_tokens':
(.text+0x71e6): undefined reference to `p11_kit_uri_match_module_info'
/usr/bin/ld: (.text+0x72f1): undefined reference to `p11_kit_uri_match_token_info'
/usr/bin/ld: /usr/lib/x86_64-linux-gnu/libgnutls.a(pkcs11.o): in function `_gnutls_pkcs11_token_get_url':
(.text+0x79d9): undefined reference to `p11_kit_uri_new'
/usr/bin/ld: (.text+0x7a13): undefined reference to `p11_kit_uri_free'
/usr/bin/ld: (.text+0x7a45): undefined reference to `p11_kit_uri_free'
/usr/bin/ld: /usr/lib/x86_64-linux-gnu/libgnutls.a(pkcs11.o): in function `gnutls_pkcs11_token_get_info':
(.text+0x7bc4): undefined reference to `p11_kit_uri_get_token_info'
/usr/bin/ld: (.text+0x7bd5): undefined reference to `p11_kit_space_strlen'
/usr/bin/ld: (.text+0x7c25): undefined reference to `p11_kit_uri_free'
/usr/bin/ld: (.text+0x7c34): undefined reference to `p11_kit_uri_get_token_info'
/usr/bin/ld: (.text+0x7c45): undefined reference to `p11_kit_space_strlen'
/usr/bin/ld: (.text+0x7c6c): undefined reference to `p11_kit_uri_get_token_info'
/usr/bin/ld: (.text+0x7c84): undefined reference to `p11_kit_uri_get_token_info'
/usr/bin/ld: /usr/lib/x86_64-linux-gnu/libgnutls.a(pkcs11.o): in function `gnutls_pkcs11_token_get_ptr':
(.text+0x7e8e): undefined reference to `p11_kit_uri_free'
/usr/bin/ld: /usr/lib/x86_64-linux-gnu/libgnutls.a(pkcs11.o): in function `pkcs11_call_token_func':
(.text+0x7f6f): undefined reference to `p11_kit_uri_get_token_info'
/usr/bin/ld: (.text+0x7f7c): undefined reference to `p11_kit_space_strdup'
/usr/bin/ld: /usr/lib/x86_64-linux-gnu/libgnutls.a(pkcs11.o): in function `gnutls_pkcs11_obj_list_import_url4':
(.text+0x809c): undefined reference to `p11_kit_uri_free'
/usr/bin/ld: /usr/lib/x86_64-linux-gnu/libgnutls.a(pkcs11.o): in function `gnutls_pkcs11_token_get_flags':
(.text+0x85c8): undefined reference to `p11_kit_uri_free'
/usr/bin/ld: /usr/lib/x86_64-linux-gnu/libgnutls.a(pkcs11.o): in function `gnutls_pkcs11_token_get_mechanism':
(.text+0x879a): undefined reference to `p11_kit_uri_free'
/usr/bin/ld: /usr/lib/x86_64-linux-gnu/libgnutls.a(pkcs11.o): in function `gnutls_pkcs11_token_check_mechanism':
(.text+0x89cf): undefined reference to `p11_kit_uri_free'
/usr/bin/ld: /usr/lib/x86_64-linux-gnu/libgnutls.a(pkcs11.o): in function `gnutls_pkcs11_get_raw_issuer':
(.text+0x8e0d): undefined reference to `p11_kit_uri_free'
/usr/bin/ld: /usr/lib/x86_64-linux-gnu/libgnutls.a(pkcs11.o):(.text+0x910c): more undefined references to `p11_kit_uri_free' follow
/usr/bin/ld: /usr/lib/x86_64-linux-gnu/libgnutls.a(pkcs11.o): in function `gnutls_pkcs11_deinit':
(.text+0x2f40): undefined reference to `p11_kit_pin_unregister_callback'
/usr/bin/ld: /usr/lib/x86_64-linux-gnu/libgnutls.a(pkcs11x.o): in function `find_ext_cb':
(.text+0x4f): undefined reference to `p11_kit_uri_match_token_info'
/usr/bin/ld: (.text+0x66): undefined reference to `p11_kit_uri_match_module_info'
/usr/bin/ld: /usr/lib/x86_64-linux-gnu/libgnutls.a(pkcs11_privkey.o): in function `find_object.constprop.0':
(.text+0x44): undefined reference to `p11_kit_uri_get_attributes'
/usr/bin/ld: /usr/lib/x86_64-linux-gnu/libgnutls.a(pkcs11_privkey.o): in function `gnutls_pkcs11_privkey_init':
(.text+0x2ef): undefined reference to `p11_kit_uri_new'
/usr/bin/ld: (.text+0x351): undefined reference to `p11_kit_uri_free'
/usr/bin/ld: /usr/lib/x86_64-linux-gnu/libgnutls.a(pkcs11_privkey.o): in function `gnutls_pkcs11_privkey_deinit':
(.text+0x3f5): undefined reference to `p11_kit_uri_free'
/usr/bin/ld: /usr/lib/x86_64-linux-gnu/libgnutls.a(pkcs11_privkey.o): in function `gnutls_pkcs11_privkey_import_url':
(.text+0xd51): undefined reference to `p11_kit_uri_free'
/usr/bin/ld: (.text+0xd9a): undefined reference to `p11_kit_uri_get_attribute'
/usr/bin/ld: (.text+0xddf): undefined reference to `p11_kit_uri_free'
/usr/bin/ld: (.text+0xe78): undefined reference to `p11_kit_uri_get_attribute'
/usr/bin/ld: (.text+0x1046): undefined reference to `p11_kit_uri_get_attribute'
/usr/bin/ld: /usr/lib/x86_64-linux-gnu/libgnutls.a(pkcs11_privkey.o): in function `gnutls_pkcs11_privkey_generate3':
(.text+0x1ee7): undefined reference to `p11_kit_uri_free'
/usr/bin/ld: /usr/lib/x86_64-linux-gnu/libgnutls.a(pkcs11_int.o): in function `pkcs11_strerror':
(.text+0x475): undefined reference to `p11_kit_strerror'
/usr/bin/ld: /usr/lib/x86_64-linux-gnu/libsasl2.a(ldapdb.o): in function `ldapdb_connect':
(.text+0x276): undefined reference to `ldap_whoami_s'
/usr/bin/ld: /usr/lib/x86_64-linux-gnu/libsasl2.a(ldapdb.o): in function `ldapdb_auxprop_store':
(.text+0x4bb): undefined reference to `ldap_modify_ext_s'
/usr/bin/ld: /usr/lib/x86_64-linux-gnu/libsasl2.a(ldapdb.o): in function `ldapdb_auxprop_lookup':
(.text+0x7b6): undefined reference to `ldap_first_message'
/usr/bin/ld: (.text+0x810): undefined reference to `ldap_next_message'
/usr/bin/ld: /usr/lib/x86_64-linux-gnu/libsasl2.a(ldapdb.o): in function `ldapdb_canon_server':
(.text+0xefc): undefined reference to `ldap_first_message'
/usr/bin/ld: (.text+0xf18): undefined reference to `ldap_next_message'
/usr/bin/ld: /usr/lib/x86_64-linux-gnu/libhogweed.a(pkcs1-sec-decrypt.o): in function `_nettle_pkcs1_sec_decrypt':
(.text+0x9d): undefined reference to `nettle_cnd_memcpy'
/usr/bin/ld: /usr/lib/x86_64-linux-gnu/libhogweed.a(pkcs1-sec-decrypt.o): in function `_nettle_pkcs1_sec_decrypt_variable':
(.text+0x1b4): undefined reference to `nettle_cnd_memcpy'
/usr/bin/ld: (.text+0x1f2): undefined reference to `nettle_cnd_memcpy'
/usr/bin/ld: /usr/lib/x86_64-linux-gnu/libhogweed.a(ed448-shake256.o):(.data.rel.ro+0x8): undefined reference to `nettle_sha3_256_shake'
/usr/bin/ld: /usr/lib/x86_64-linux-gnu/libpq.a(fe-connect.o): in function `sslVerifyProtocolVersion':
(.text+0x970): undefined reference to `pg_strcasecmp'
/usr/bin/ld: (.text+0x983): undefined reference to `pg_strcasecmp'
/usr/bin/ld: (.text+0x996): undefined reference to `pg_strcasecmp'
/usr/bin/ld: (.text+0x9a9): undefined reference to `pg_strcasecmp'
/usr/bin/ld: /usr/lib/x86_64-linux-gnu/libpq.a(fe-connect.o): in function `parseServiceFile':
(.text+0xb6d): undefined reference to `pg_strncasecmp'
/usr/bin/ld: (.text+0xf53): undefined reference to `pg_strcasecmp'
/usr/bin/ld: (.text+0xf6c): undefined reference to `pg_strcasecmp'
/usr/bin/ld: (.text+0xf8d): undefined reference to `pg_strcasecmp'
/usr/bin/ld: (.text+0xfe4): undefined reference to `ldap_simple_bind'
/usr/bin/ld: /usr/lib/x86_64-linux-gnu/libpq.a(fe-connect.o): in function `emitHostIdentityInfo':
(.text+0x17c8): undefined reference to `pg_getnameinfo_all'
/usr/bin/ld: /usr/lib/x86_64-linux-gnu/libpq.a(fe-connect.o): in function `connectFailureMessage':
(.text+0x18cd): undefined reference to `pg_strerror_r'
/usr/bin/ld: /usr/lib/x86_64-linux-gnu/libpq.a(fe-connect.o): in function `PQconnectPoll':
(.text+0x28db): undefined reference to `pg_snprintf'
/usr/bin/ld: (.text+0x2916): undefined reference to `pg_getaddrinfo_all'
/usr/bin/ld: (.text+0x29ed): undefined reference to `pg_freeaddrinfo_all'
/usr/bin/ld: (.text+0x2d3e): undefined reference to `pg_freeaddrinfo_all'
/usr/bin/ld: (.text+0x3197): undefined reference to `getpeereid'
/usr/bin/ld: (.text+0x31bb): undefined reference to `pg_strerror_r'
/usr/bin/ld: (.text+0x33a0): undefined reference to `pg_snprintf'
/usr/bin/ld: (.text+0x33c6): undefined reference to `pg_getaddrinfo_all'
/usr/bin/ld: (.text+0x3424): undefined reference to `pg_getaddrinfo_all'
/usr/bin/ld: (.text+0x34e9): undefined reference to `pg_prng_uint64_range'
/usr/bin/ld: (.text+0x38da): undefined reference to `pg_inet_net_ntop'
/usr/bin/ld: (.text+0x3c4e): undefined reference to `pg_strerror_r'
/usr/bin/ld: (.text+0x3cb3): undefined reference to `pg_inet_net_ntop'
/usr/bin/ld: (.text+0x3e4b): undefined reference to `pg_strerror_r'
/usr/bin/ld: (.text+0x4038): undefined reference to `pg_strerror_r'
/usr/bin/ld: (.text+0x4160): undefined reference to `pg_strerror_r'
/usr/bin/ld: (.text+0x4268): undefined reference to `pg_strerror_r'
/usr/bin/ld: (.text+0x4299): undefined reference to `pg_strerror_r'
/usr/bin/ld: /usr/lib/x86_64-linux-gnu/libpq.a(fe-connect.o):(.text+0x4303): more undefined references to `pg_strerror_r' follow
/usr/bin/ld: /usr/lib/x86_64-linux-gnu/libpq.a(fe-connect.o): in function `connectDBStart':
(.text+0x4861): undefined reference to `pg_link_canary_is_frontend'
/usr/bin/ld: /usr/lib/x86_64-linux-gnu/libpq.a(fe-connect.o): in function `PQsetClientEncoding':
(.text+0x50cb): undefined reference to `pg_sprintf'
/usr/bin/ld: (.text+0x5120): undefined reference to `pg_get_encoding_from_locale'
/usr/bin/ld: (.text+0x5127): undefined reference to `pg_encoding_to_char'
/usr/bin/ld: /usr/lib/x86_64-linux-gnu/libpq.a(fe-connect.o): in function `parseServiceInfo':
(.text+0x537e): undefined reference to `pg_snprintf'
/usr/bin/ld: (.text+0x544f): undefined reference to `pg_snprintf'
/usr/bin/ld: /usr/lib/x86_64-linux-gnu/libpq.a(fe-connect.o): in function `connectOptions2':
(.text+0x6962): undefined reference to `pg_strip_crlf'
/usr/bin/ld: (.text+0x72d9): undefined reference to `pg_strong_random'
/usr/bin/ld: (.text+0x72f3): undefined reference to `pg_prng_seed_check'
/usr/bin/ld: (.text+0x733e): undefined reference to `pg_prng_seed'
/usr/bin/ld: (.text+0x7369): undefined reference to `pg_prng_uint64_range'
/usr/bin/ld: (.text+0x7615): undefined reference to `pg_fprintf'
/usr/bin/ld: (.text+0x7873): undefined reference to `pg_snprintf'
/usr/bin/ld: (.text+0x7919): undefined reference to `pg_strcasecmp'
/usr/bin/ld: (.text+0x7933): undefined reference to `pg_strcasecmp'
/usr/bin/ld: (.text+0x7950): undefined reference to `pg_strcasecmp'
/usr/bin/ld: (.text+0x7994): undefined reference to `pg_get_encoding_from_locale'
/usr/bin/ld: (.text+0x799b): undefined reference to `pg_encoding_to_char'
/usr/bin/ld: /usr/lib/x86_64-linux-gnu/libpq.a(fe-connect.o): in function `defaultNoticeProcessor':
(.text+0x2bb): undefined reference to `pg_fprintf'
/usr/bin/ld: /usr/lib/x86_64-linux-gnu/libpq.a(fe-connect.o): in function `pqGetHomeDirectory':
(.text+0x5262): undefined reference to `pg_get_user_home_dir'
/usr/bin/ld: /usr/lib/x86_64-linux-gnu/libpq.a(fe-exec.o): in function `PQescapeStringInternal':
(.text+0x5f9): undefined reference to `pg_encoding_mblen_or_incomplete'
/usr/bin/ld: (.text+0x634): undefined reference to `pg_encoding_set_invalid'
/usr/bin/ld: (.text+0x67e): undefined reference to `pg_encoding_verifymbchar'
/usr/bin/ld: /usr/lib/x86_64-linux-gnu/libpq.a(fe-exec.o): in function `PQescapeInternal':
(.text+0x96e): undefined reference to `pg_encoding_mblen_or_incomplete'
/usr/bin/ld: (.text+0x9e2): undefined reference to `pg_encoding_verifymbstr'
/usr/bin/ld: (.text+0xaa3): undefined reference to `pg_encoding_mblen'
/usr/bin/ld: /usr/lib/x86_64-linux-gnu/libpq.a(fe-exec.o): in function `pqInternalNotice':
(.text+0x1f29): undefined reference to `pg_vsnprintf'
/usr/bin/ld: (.text+0x1fd5): undefined reference to `pg_sprintf'
/usr/bin/ld: /usr/lib/x86_64-linux-gnu/libpq.a(fe-exec.o): in function `pqSaveParameterStatus':
(.text+0x26a5): undefined reference to `pg_char_to_encoding'
/usr/bin/ld: /usr/lib/x86_64-linux-gnu/libpq.a(fe-exec.o): in function `PQfnumber':
(.text+0x41d7): undefined reference to `pg_tolower'
/usr/bin/ld: (.text+0x42b1): undefined reference to `pg_tolower'
/usr/bin/ld: /usr/lib/x86_64-linux-gnu/libpq.a(fe-misc.o): in function `PQmblenBounded':
(.text+0x766): undefined reference to `pg_encoding_mblen'
/usr/bin/ld: /usr/lib/x86_64-linux-gnu/libpq.a(fe-misc.o): in function `PQenv2encoding':
(.text+0x7c9): undefined reference to `pg_char_to_encoding'
/usr/bin/ld: /usr/lib/x86_64-linux-gnu/libpq.a(fe-misc.o): in function `pqSocketCheck':
(.text+0xc55): undefined reference to `pg_strerror_r'
/usr/bin/ld: /usr/lib/x86_64-linux-gnu/libpq.a(fe-misc.o): in function `PQmblen':
(.text+0x73d): undefined reference to `pg_encoding_mblen'
/usr/bin/ld: /usr/lib/x86_64-linux-gnu/libpq.a(fe-misc.o): in function `PQdsplen':
(.text+0x78d): undefined reference to `pg_encoding_dsplen'
/usr/bin/ld: /usr/lib/x86_64-linux-gnu/libpq.a(fe-protocol3.o): in function `build_startup_packet':
(.text+0x688): undefined reference to `pg_strcasecmp'
/usr/bin/ld: /usr/lib/x86_64-linux-gnu/libpq.a(fe-protocol3.o): in function `pqBuildErrorMessage3':
(.text+0xa31): undefined reference to `pg_encoding_max_length'
/usr/bin/ld: (.text+0xaa2): undefined reference to `pg_encoding_dsplen'
/usr/bin/ld: (.text+0xd2a): undefined reference to `pg_encoding_dsplen'
/usr/bin/ld: /usr/lib/x86_64-linux-gnu/libpq.a(fe-secure.o): in function `pqsecure_raw_read':
(.text+0x136): undefined reference to `pg_strerror_r'
/usr/bin/ld: /usr/lib/x86_64-linux-gnu/libpq.a(fe-secure.o): in function `pqsecure_raw_write.part.0':
(.text+0x48b): undefined reference to `pg_snprintf'
/usr/bin/ld: (.text+0x54b): undefined reference to `pg_strerror_r'
/usr/bin/ld: (.text+0x56f): undefined reference to `pg_snprintf'
/usr/bin/ld: /usr/lib/x86_64-linux-gnu/libpq.a(fe-trace.o): in function `pqTraceOutputByte1':
(.text+0x3e): undefined reference to `pg_fprintf'
/usr/bin/ld: (.text+0x60): undefined reference to `pg_fprintf'
/usr/bin/ld: /usr/lib/x86_64-linux-gnu/libpq.a(fe-trace.o): in function `pqTraceOutputNchar':
(.text+0xaf): undefined reference to `pg_fprintf'
/usr/bin/ld: (.text+0x110): undefined reference to `pg_fprintf'
/usr/bin/ld: (.text+0x14c): undefined reference to `pg_fprintf'
/usr/bin/ld: /usr/lib/x86_64-linux-gnu/libpq.a(fe-trace.o):(.text+0x191): more undefined references to `pg_fprintf' follow
/usr/bin/ld: /usr/lib/x86_64-linux-gnu/libpq.a(fe-trace.o): in function `pqTraceFormatTimestamp.constprop.0':
(.text+0x2ef): undefined reference to `pg_snprintf'
/usr/bin/ld: /usr/lib/x86_64-linux-gnu/libpq.a(fe-trace.o): in function `pqTraceOutputMessage':
(.text+0x48d): undefined reference to `pg_fprintf'
/usr/bin/ld: (.text+0x4cd): undefined reference to `pg_fprintf'
/usr/bin/ld: (.text+0x51c): undefined reference to `pg_fprintf'
/usr/bin/ld: (.text+0x541): undefined reference to `pg_fprintf'
/usr/bin/ld: (.text+0x5c5): undefined reference to `pg_fprintf'
/usr/bin/ld: /usr/lib/x86_64-linux-gnu/libpq.a(fe-trace.o):(.text+0x5dd): more undefined references to `pg_fprintf' follow
/usr/bin/ld: /usr/lib/x86_64-linux-gnu/libpq.a(pqexpbuffer.o): in function `appendPQExpBufferVA':
(.text+0x232): undefined reference to `pg_vsnprintf'
/usr/bin/ld: /usr/lib/x86_64-linux-gnu/libpq.a(fe-auth.o): in function `pg_fe_sendauth':
(.text+0xb00): undefined reference to `pg_md5_encrypt'
/usr/bin/ld: (.text+0xb1f): undefined reference to `pg_md5_encrypt'
/usr/bin/ld: /usr/lib/x86_64-linux-gnu/libpq.a(fe-auth.o): in function `pg_fe_getusername':
(.text+0xd83): undefined reference to `pg_get_user_name'
/usr/bin/ld: /usr/lib/x86_64-linux-gnu/libpq.a(fe-auth.o): in function `PQencryptPassword':
(.text+0xe9e): undefined reference to `pg_md5_encrypt'
/usr/bin/ld: /usr/lib/x86_64-linux-gnu/libpq.a(fe-auth.o): in function `PQencryptPasswordConn':
(.text+0xf91): undefined reference to `pg_md5_encrypt'
/usr/bin/ld: /usr/lib/x86_64-linux-gnu/libpq.a(fe-secure-openssl.o): in function `SSLerrmessage':
(.text+0xc6): undefined reference to `pg_snprintf'
/usr/bin/ld: (.text+0xf2): undefined reference to `pg_snprintf'
/usr/bin/ld: (.text+0x112): undefined reference to `pg_strerror_r'
/usr/bin/ld: /usr/lib/x86_64-linux-gnu/libpq.a(fe-secure-openssl.o): in function `ssl_protocol_version_to_openssl':
(.text+0x147): undefined reference to `pg_strcasecmp'
/usr/bin/ld: (.text+0x161): undefined reference to `pg_strcasecmp'
/usr/bin/ld: (.text+0x17b): undefined reference to `pg_strcasecmp'
/usr/bin/ld: (.text+0x195): undefined reference to `pg_strcasecmp'
/usr/bin/ld: /usr/lib/x86_64-linux-gnu/libpq.a(fe-secure-openssl.o): in function `initialize_SSL':
(.text+0x5c7): undefined reference to `pg_snprintf'
/usr/bin/ld: (.text+0x957): undefined reference to `pg_snprintf'
/usr/bin/ld: (.text+0xba4): undefined reference to `pg_snprintf'
/usr/bin/ld: (.text+0xc07): undefined reference to `pg_snprintf'
/usr/bin/ld: (.text+0xd6d): undefined reference to `pg_snprintf'
/usr/bin/ld: (.text+0xf53): undefined reference to `pg_strerror_r'
/usr/bin/ld: /usr/lib/x86_64-linux-gnu/libpq.a(fe-secure-openssl.o): in function `pgtls_read':
(.text+0x1282): undefined reference to `pg_strerror_r'
/usr/bin/ld: /usr/lib/x86_64-linux-gnu/libpq.a(fe-secure-openssl.o): in function `pgtls_write':
(.text+0x152e): undefined reference to `pg_strerror_r'
/usr/bin/ld: /usr/lib/x86_64-linux-gnu/libpq.a(fe-secure-openssl.o): in function `pgtls_open_client':
(.text+0x1f13): undefined reference to `pg_strerror_r'
/usr/bin/ld: /usr/lib/x86_64-linux-gnu/libpq.a(fe-secure-openssl.o): in function `PQsslAttribute':
(.text+0x2178): undefined reference to `pg_snprintf'
/usr/bin/ld: /usr/lib/x86_64-linux-gnu/libpq.a(fe-secure-openssl.o): in function `PQdefaultSSLKeyPassHook_OpenSSL':
(.text+0x228c): undefined reference to `pg_fprintf'
/usr/bin/ld: /usr/lib/x86_64-linux-gnu/libpq.a(fe-gssapi-common.o): in function `pg_GSS_load_servicename':
(.text+0x27a): undefined reference to `pg_snprintf'
/usr/bin/ld: /usr/lib/x86_64-linux-gnu/libpq.a(fe-auth-scram.o): in function `scram_exchange':
(.text+0x19e): undefined reference to `pg_strong_random'
/usr/bin/ld: (.text+0x1b0): undefined reference to `pg_b64_enc_len'
/usr/bin/ld: (.text+0x1de): undefined reference to `pg_b64_encode'
/usr/bin/ld: (.text+0x43f): undefined reference to `pg_b64_dec_len'
/usr/bin/ld: (.text+0x480): undefined reference to `pg_b64_decode'
/usr/bin/ld: (.text+0x5a0): undefined reference to `pg_hmac_create'
/usr/bin/ld: (.text+0x5de): undefined reference to `scram_SaltedPassword'
/usr/bin/ld: (.text+0x610): undefined reference to `scram_ClientKey'
/usr/bin/ld: (.text+0x63d): undefined reference to `scram_H'
/usr/bin/ld: (.text+0x658): undefined reference to `pg_hmac_init'
/usr/bin/ld: (.text+0x67a): undefined reference to `pg_hmac_update'
/usr/bin/ld: (.text+0x699): undefined reference to `pg_hmac_update'
/usr/bin/ld: (.text+0x6c6): undefined reference to `pg_hmac_update'
/usr/bin/ld: (.text+0x6de): undefined reference to `pg_hmac_update'
/usr/bin/ld: (.text+0x6fc): undefined reference to `pg_hmac_update'
/usr/bin/ld: (.text+0x717): undefined reference to `pg_hmac_final'
/usr/bin/ld: (.text+0x752): undefined reference to `pg_hmac_free'
/usr/bin/ld: (.text+0x76a): undefined reference to `pg_b64_enc_len'
/usr/bin/ld: (.text+0x7a0): undefined reference to `pg_b64_encode'
/usr/bin/ld: (.text+0x88c): undefined reference to `pg_b64_dec_len'
/usr/bin/ld: (.text+0x8c6): undefined reference to `pg_b64_decode'
/usr/bin/ld: (.text+0x969): undefined reference to `pg_hmac_create'
/usr/bin/ld: (.text+0x994): undefined reference to `scram_ServerKey'
/usr/bin/ld: (.text+0x9ab): undefined reference to `pg_hmac_init'
/usr/bin/ld: (.text+0x9cd): undefined reference to `pg_hmac_update'
/usr/bin/ld: (.text+0x9ec): undefined reference to `pg_hmac_update'
/usr/bin/ld: (.text+0xa19): undefined reference to `pg_hmac_update'
/usr/bin/ld: (.text+0xa31): undefined reference to `pg_hmac_update'
/usr/bin/ld: (.text+0xa53): undefined reference to `pg_hmac_update'
/usr/bin/ld: (.text+0xa6a): undefined reference to `pg_hmac_final'
/usr/bin/ld: (.text+0xa76): undefined reference to `pg_hmac_free'
/usr/bin/ld: (.text+0xacc): undefined reference to `pg_hmac_error'
/usr/bin/ld: (.text+0xadb): undefined reference to `pg_hmac_free'
/usr/bin/ld: (.text+0xc12): undefined reference to `pg_hmac_error'
/usr/bin/ld: (.text+0xc21): undefined reference to `pg_hmac_free'
/usr/bin/ld: (.text+0xcfd): undefined reference to `pg_b64_enc_len'
/usr/bin/ld: (.text+0xd36): undefined reference to `pg_b64_encode'
/usr/bin/ld: (.text+0xd93): undefined reference to `pg_hmac_error'
/usr/bin/ld: (.text+0xdf7): undefined reference to `pg_hmac_error'
/usr/bin/ld: /usr/lib/x86_64-linux-gnu/libpq.a(fe-auth-scram.o): in function `scram_init':
(.text+0xf31): undefined reference to `pg_saslprep'
/usr/bin/ld: /usr/lib/x86_64-linux-gnu/libpq.a(fe-auth-scram.o): in function `pg_fe_scram_build_secret':
(.text+0x1020): undefined reference to `pg_saslprep'
/usr/bin/ld: (.text+0x103e): undefined reference to `pg_strong_random'
/usr/bin/ld: (.text+0x1065): undefined reference to `scram_build_secret'
/usr/bin/ld: /usr/lib/x86_64-linux-gnu/libpq.a(fe-secure-common.o): in function `pq_verify_peer_name_matches_certificate_name':
(.text+0xe7): undefined reference to `pg_strcasecmp'
/usr/bin/ld: (.text+0x14c): undefined reference to `pg_strcasecmp'
/usr/bin/ld: /usr/lib/x86_64-linux-gnu/libpq.a(fe-secure-common.o): in function `pq_verify_peer_name_matches_certificate_ip':
(.text+0x248): undefined reference to `pg_inet_net_ntop'
/usr/bin/ld: (.text+0x334): undefined reference to `pg_strerror_r'
/usr/bin/ld: /usr/lib/x86_64-linux-gnu/libmysqlclient.a(my_compress.cc.o): in function `mysql_compress_context_deinit(mysql_compress_context*)':
(.text._Z29mysql_compress_context_deinitP22mysql_compress_context+0x26): undefined reference to `ZSTD_freeCCtx'
/usr/bin/ld: /usr/lib/x86_64-linux-gnu/libmysqlclient.a(my_compress.cc.o): in function `zstd_compress_alloc(mysql_zstd_compress_context*, unsigned char const*, unsigned long*, unsigned long*)':
(.text._Z19zstd_compress_allocP27mysql_zstd_compress_contextPKhPmS3_+0x2c): undefined reference to `ZSTD_compressBound'
/usr/bin/ld: (.text._Z19zstd_compress_allocP27mysql_zstd_compress_contextPKhPmS3_+0x60): undefined reference to `ZSTD_compressCCtx'
/usr/bin/ld: (.text._Z19zstd_compress_allocP27mysql_zstd_compress_contextPKhPmS3_+0x99): undefined reference to `ZSTD_createCCtx'
collect2: error: ld returned 1 exit status
make[2]: *** [examples/CMakeFiles/friendly_example_client.dir/build.make:1092: examples/friendly_example_client] Error 1
make[1]: *** [CMakeFiles/Makefile2:1492: examples/CMakeFiles/friendly_example_client.dir/all] Error 2
make: *** [Makefile:166: all] Error 2
