-- The CXX compiler identification is GNU 13.3.0
-- The C compiler identification is GNU 13.3.0
-- Detecting CXX compiler ABI info
-- Detecting CXX compiler ABI info - done
-- Check for working CXX compiler: /usr/bin/c++ - skipped
-- Detecting CXX compile features
-- Detecting CXX compile features - done
-- Detecting C compiler ABI info
-- Detecting C compiler ABI info - done
-- Check for working C compiler: /usr/bin/cc - skipped
-- Detecting C compile features
-- Detecting C compile features - done
-- Build Environment: DEV
-- Configuring DEV build environment
-- ====================================================
-- Build Environment Configuration Summary
-- ====================================================
-- Environment: DEV
-- Build Type: RelWithDebInfo
-- Build Tests: ON
-- Build Examples: ON
-- Coverage: OFF
-- Sanitizers: ON
-- Static DTLS Link: 
-- CXX Flags:  -fstack-protector-strong
-- Linker Flags: 
-- ====================================================
CMake Warning at CMakeLists.txt:120 (message):
  Sanitizers requested but disabled for RelWithDebInfo build (use Debug build
  for sanitizers)


-- Found mbedTLS: /usr/lib/x86_64-linux-gnu/libmbedtls.so
-- DTLS Providers enabled: 1
-- Default DTLS Provider: mbedtls
-- Static DTLS linking enabled
--   Static library not found for mbedtls, using dynamic
--   Static library not found for mbedx509, using dynamic
--   Static library not found for mbedcrypto, using dynamic
-- ====================================================
-- DTLS Configuration Summary
-- ====================================================
-- DTLS Providers: 1
--   - mbedTLS: ON
--   - TinyDTLS: OFF
--   - OpenSSL: OFF
--   - wolfSSL: OFF
-- Default Provider: mbedtls
-- Static Linking: ON
-- Libraries: /usr/lib/x86_64-linux-gnu/libmbedtls.so;/usr/lib/x86_64-linux-gnu/libmbedx509.so;/usr/lib/x86_64-linux-gnu/libmbedcrypto.so
-- Linker Flags: -Wl,--gc-sections -Wl,--as-needed -Wl,-O1 -static-libgcc -static-libstdc++
-- ====================================================
-- Performing Test CMAKE_HAVE_LIBC_PTHREAD
-- Performing Test CMAKE_HAVE_LIBC_PTHREAD - Success
-- Found Threads: TRUE
-- Found ZLIB: /usr/lib/x86_64-linux-gnu/libz.a (found version "1.3")
-- Found CURL: /usr/local/lib/libcurl.a (found version "8.5.0")
-- Found OpenSSL: /usr/lib/x86_64-linux-gnu/libcrypto.a (found version "3.0.13")
-- Found GSSAPI via pkg-config: gssapi_krb5
-- Found nghttp2 for CURL HTTP/2: /usr/lib/x86_64-linux-gnu/libnghttp2.a
-- Found zstd compression for CURL: /usr/lib/x86_64-linux-gnu/libzstd.a
-- Found brotli compression for CURL: /usr/lib/x86_64-linux-gnu/libbrotlicommon.a, /usr/lib/x86_64-linux-gnu/libbrotlidec.a
-- Found OpenSSL for HTTPS/TLS: /usr/lib/x86_64-linux-gnu/libssl.a;/usr/lib/x86_64-linux-gnu/libcrypto.a
-- Found BZip2: /usr/lib/x86_64-linux-gnu/libbz2.a (found version "1.0.8")
-- Looking for BZ2_bzCompressInit
-- Looking for BZ2_bzCompressInit - found
-- Looking for lzma_auto_decoder in /usr/lib/x86_64-linux-gnu/liblzma.a
-- Looking for lzma_auto_decoder in /usr/lib/x86_64-linux-gnu/liblzma.a - found
-- Looking for lzma_easy_encoder in /usr/lib/x86_64-linux-gnu/liblzma.a
-- Looking for lzma_easy_encoder in /usr/lib/x86_64-linux-gnu/liblzma.a - found
-- Looking for lzma_lzma_preset in /usr/lib/x86_64-linux-gnu/liblzma.a
-- Looking for lzma_lzma_preset in /usr/lib/x86_64-linux-gnu/liblzma.a - found
-- Found LibLZMA: /usr/lib/x86_64-linux-gnu/liblzma.a (found version "5.4.5")
-- Found zstd: /usr/lib/x86_64-linux-gnu/libzstd.a
-- Found brotli: /usr/lib/x86_64-linux-gnu/libbrotlienc.a
-- Found GTest: /usr/lib/x86_64-linux-gnu/cmake/GTest/GTestConfig.cmake (found version "1.14.0")
-- Target 'friendly_lwm2m' linked with optimized DTLS libraries
-- Target 'test_dtls_providers' linked with optimized DTLS libraries
-- Target 'test_dtls_integration' linked with optimized DTLS libraries
-- Building for 64 bit system
-- Exceptions are not supported
-- RTTI is not supported
-- Found GSSAPI via pkg-config: gssapi_krb5
-- Found libssh for CURL: /usr/lib/x86_64-linux-gnu/libssh.a
-- Found nghttp2 for CURL: /usr/lib/x86_64-linux-gnu/libnghttp2.a
-- Found zstd for CURL: /usr/lib/x86_64-linux-gnu/libzstd.a
-- Found brotli for CURL: /usr/lib/x86_64-linux-gnu/libbrotlicommon.a, /usr/lib/x86_64-linux-gnu/libbrotlidec.a
-- Enabling mbedTLS provider
-- Found MbedTLS: /usr/lib/x86_64-linux-gnu/libmbedtls.a (found version "2.28.8")
-- DTLS Provider Sources: platform/connection_dtls/MbedTlsProvider.cpp;platform/connection_dtls/DtlsProviderFactory.cpp
-- DTLS Provider Libraries: MbedTLS::mbedtls;MbedTLS::mbedx509;MbedTLS::mbedcrypto
-- friendly_example_client: Endiannes not set, defaulting to little endian
-- libcoap built successfully. Library path: /mnt/d/Dev/Friendly-LwM2M-Client/examples/coap/libcoap/build
-- Using example Firmware Updater
-- 
-- Friendly LwM2M Client Configuration:
--   Version:          1.2.2
--   Build type:       RelWithDebInfo
--   C++ Standard:     17
-- 
-- Core Features:
--   DTLS:             ON
--   mbedTLS:          ON
--   TinyDTLS:         OFF
-- 
-- DTLS Multi-Provider (v1.2.2):
--   TinyDTLS Provider: OFF
--   mbedTLS Provider:  ON (DEFAULT)
--   OpenSSL Provider:  OFF
--   wolfSSL Provider:  OFF
--   Default Provider:  mbedtls
--   Static Linking:    ON
--   Delta FOTA:       ON
--   BSDIFF:           ON
--   VCDIFF:           ON
--   Courgette:        ON
--   Compression:      ON
--   Rollback:         ON
--   MQTT Transport:   ON
--   Edge AI:          ON
--   TensorFlow Lite:  ON
--   ONNX Runtime:     ON
-- 
-- v1.2.0 Extended Features:
--   OpenWRT Extended: ON
--   LUCI Module:      ON
--   Hotplug Handlers: ON
--   LAN Config:       ON
--   Routing Table:    ON
--   VPN Config:       ON
--   WAN Failover:     ON
--   Multi-WAN Health: ON
--   WiFi Client Mgmt: ON
--   WiFi Channel Opt: ON
--   Starlink:         ON
--   Starlink gRPC:    ON
-- 
-- Platform Integrations:
--   prpl Integration: OFF
--   prpl EasyMesh:    OFF
--   prpl Ambiorix:    OFF
--   Matter/Thread:    ON
--   Matter Bridge:    ON
--   Thread BR:        ON
--   Zigbee:           ON
--   Zigbee EZSP:      ON
--   Zigbee Z-Stack:   ON
-- 
-- Build options:
--   Tests:            ON
--   Examples:         ON
--   Documentation:    ON
--   Coverage:         OFF
--   Sanitizers:       ON
-- 
-- Optional libraries found:
--   BZip2:            TRUE
--   LZMA:             TRUE
--   Zstd:             TRUE
--   Brotli:           TRUE
-- 
-- Configuring done (14.8s)
-- Generating done (5.4s)
-- Build files have been written to: /mnt/d/Dev/Friendly-LwM2M-Client/build
[  2%] Building CXX object CMakeFiles/test_dtls_integration.dir/test/test_dtls_integration.cpp.o
[  2%] Building CXX object CMakeFiles/test_dtls_providers.dir/test/test_dtls_providers.cpp.o
[  3%] Building CXX object CMakeFiles/test_dtls_integration.dir/examples/platform/connection_dtls/DtlsProviderFactory.cpp.o
[  3%] Building CXX object CMakeFiles/test_dtls_providers.dir/examples/platform/connection_dtls/DtlsProviderFactory.cpp.o
[  5%] Building CXX object CMakeFiles/test_dtls_providers.dir/examples/platform/connection_dtls/MbedTlsProvider.cpp.o
[  5%] Building CXX object CMakeFiles/test_dtls_integration.dir/examples/platform/connection_dtls/MbedTlsProvider.cpp.o
[  7%] Building CXX object CMakeFiles/friendly_lwm2m.dir/src/platform/openwrt_platform.cpp.o
[  8%] Building CXX object CMakeFiles/friendly_lwm2m.dir/src/platform/linux_platform.cpp.o
[  9%] Building CXX object CMakeFiles/friendly_lwm2m.dir/src/platform/linux/log_ring.cpp.o
[  9%] Building CXX object CMakeFiles/friendly_lwm2m.dir/src/firmware/delta_algorithms.cpp.o
[  9%] Building CXX object CMakeFiles/friendly_lwm2m.dir/src/firmware/rollback_manager.cpp.o
[ 10%] Building CXX object CMakeFiles/friendly_lwm2m.dir/src/transport/blockwise_transfer.cpp.o
[ 11%] Building CXX object CMakeFiles/friendly_lwm2m.dir/src/transport/mqtt_transport.cpp.o
[ 12%] Building CXX object CMakeFiles/friendly_lwm2m.dir/src/objects/advanced_firmware_update_object.cpp.o
[ 14%] Building CXX object CMakeFiles/friendly_lwm2m.dir/src/objects/mqtt_server_object.cpp.o
[ 15%] Building CXX object CMakeFiles/friendly_lwm2m.dir/src/objects/lwm2m_cose_object.cpp.o
[ 15%] Building CXX object CMakeFiles/friendly_lwm2m.dir/src/objects/edge_ai_inference_object.cpp.o
[ 16%] Building CXX object CMakeFiles/friendly_lwm2m.dir/src/starlink/starlink_grpc_client.cpp.o
[ 17%] Building CXX object CMakeFiles/friendly_lwm2m.dir/src/starlink/starlink_data_collector.cpp.o
[ 19%] Building CXX object CMakeFiles/friendly_lwm2m.dir/src/matter/matter_sdk_integration.cpp.o
[ 19%] Building CXX object CMakeFiles/friendly_lwm2m.dir/src/matter/matter_cluster_client.cpp.o
[ 19%] Building CXX object CMakeFiles/friendly_lwm2m.dir/src/zigbee/zigbee_coordinator.cpp.o
[ 20%] Building CXX object CMakeFiles/friendly_lwm2m.dir/src/zigbee/zigbee_zcl_handlers.cpp.o
[ 21%] Building CXX object CMakeFiles/friendly_lwm2m.dir/src/zigbee/zigbee_ota_proxy.cpp.o
/mnt/d/Dev/Friendly-LwM2M-Client/examples/platform/connection_dtls/MbedTlsProvider.cpp: In member function ‘virtual int MbedTlsProvider::setRPK(void*, const uint8_t*, size_t, const uint8_t*, size_t)’:
/mnt/d/Dev/Friendly-LwM2M-Client/examples/platform/connection_dtls/MbedTlsProvider.cpp:349:72: warning: unused parameter ‘priv_len’ [-Wunused-parameter]
  349 | int MbedTlsProvider::setRPK(void* ctx, const uint8_t* priv_key, size_t priv_len,
      |                                                                 ~~~~~~~^~~~~~~~
/mnt/d/Dev/Friendly-LwM2M-Client/examples/platform/connection_dtls/MbedTlsProvider.cpp:350:60: warning: unused parameter ‘pub_len’ [-Wunused-parameter]
  350 |                             const uint8_t* pub_key, size_t pub_len) {
      |                                                     ~~~~~~~^~~~~~~
/mnt/d/Dev/Friendly-LwM2M-Client/examples/platform/connection_dtls/MbedTlsProvider.cpp: In member function ‘virtual int MbedTlsProvider::enableCID(void*, uint8_t)’:
/mnt/d/Dev/Friendly-LwM2M-Client/examples/platform/connection_dtls/MbedTlsProvider.cpp:549:38: warning: unused parameter ‘dtls_session’ [-Wunused-parameter]
  549 | int MbedTlsProvider::enableCID(void* dtls_session, uint8_t cid_len) {
      |                                ~~~~~~^~~~~~~~~~~~
/mnt/d/Dev/Friendly-LwM2M-Client/examples/platform/connection_dtls/MbedTlsProvider.cpp:549:60: warning: unused parameter ‘cid_len’ [-Wunused-parameter]
  549 | int MbedTlsProvider::enableCID(void* dtls_session, uint8_t cid_len) {
      |                                                    ~~~~~~~~^~~~~~~
/mnt/d/Dev/Friendly-LwM2M-Client/examples/platform/connection_dtls/MbedTlsProvider.cpp: In member function ‘virtual bool MbedTlsProvider::isCIDNegotiated(void*) const’:
/mnt/d/Dev/Friendly-LwM2M-Client/examples/platform/connection_dtls/MbedTlsProvider.cpp:573:45: warning: unused parameter ‘dtls_session’ [-Wunused-parameter]
  573 | bool MbedTlsProvider::isCIDNegotiated(void* dtls_session) const {
      |                                       ~~~~~~^~~~~~~~~~~~
/mnt/d/Dev/Friendly-LwM2M-Client/examples/platform/connection_dtls/MbedTlsProvider.cpp: In member function ‘virtual int MbedTlsProvider::getCIDVersion(void*) const’:
/mnt/d/Dev/Friendly-LwM2M-Client/examples/platform/connection_dtls/MbedTlsProvider.cpp:597:42: warning: unused parameter ‘dtls_session’ [-Wunused-parameter]
  597 | int MbedTlsProvider::getCIDVersion(void* dtls_session) const {
      |                                    ~~~~~~^~~~~~~~~~~~
/mnt/d/Dev/Friendly-LwM2M-Client/examples/platform/connection_dtls/MbedTlsProvider.cpp: In member function ‘virtual void* MbedTlsProvider::getPeerByCID(void*, const uint8_t*, uint8_t)’:
/mnt/d/Dev/Friendly-LwM2M-Client/examples/platform/connection_dtls/MbedTlsProvider.cpp:605:43: warning: unused parameter ‘ctx’ [-Wunused-parameter]
  605 | void* MbedTlsProvider::getPeerByCID(void* ctx, const uint8_t* cid, uint8_t cid_len) {
      |                                     ~~~~~~^~~
/mnt/d/Dev/Friendly-LwM2M-Client/examples/platform/connection_dtls/MbedTlsProvider.cpp:605:63: warning: unused parameter ‘cid’ [-Wunused-parameter]
  605 | void* MbedTlsProvider::getPeerByCID(void* ctx, const uint8_t* cid, uint8_t cid_len) {
      |                                                ~~~~~~~~~~~~~~~^~~
/mnt/d/Dev/Friendly-LwM2M-Client/examples/platform/connection_dtls/MbedTlsProvider.cpp:605:76: warning: unused parameter ‘cid_len’ [-Wunused-parameter]
  605 | void* MbedTlsProvider::getPeerByCID(void* ctx, const uint8_t* cid, uint8_t cid_len) {
      |                                                                    ~~~~~~~~^~~~~~~
/mnt/d/Dev/Friendly-LwM2M-Client/examples/platform/connection_dtls/MbedTlsProvider.cpp: In static member function ‘static int MbedTlsProvider::staticRecvTimeoutCallback(void*, unsigned char*, size_t, uint32_t)’:
/mnt/d/Dev/Friendly-LwM2M-Client/examples/platform/connection_dtls/MbedTlsProvider.cpp:669:58: warning: unused parameter ‘timeout’ [-Wunused-parameter]
  669 |                                                 uint32_t timeout) {
      |                                                 ~~~~~~~~~^~~~~~~
/mnt/d/Dev/Friendly-LwM2M-Client/examples/platform/connection_dtls/MbedTlsProvider.cpp: In member function ‘virtual int MbedTlsProvider::setRPK(void*, const uint8_t*, size_t, const uint8_t*, size_t)’:
/mnt/d/Dev/Friendly-LwM2M-Client/examples/platform/connection_dtls/MbedTlsProvider.cpp:349:72: warning: unused parameter ‘priv_len’ [-Wunused-parameter]
  349 | int MbedTlsProvider::setRPK(void* ctx, const uint8_t* priv_key, size_t priv_len,
      |                                                                 ~~~~~~~^~~~~~~~
/mnt/d/Dev/Friendly-LwM2M-Client/examples/platform/connection_dtls/MbedTlsProvider.cpp:350:60: warning: unused parameter ‘pub_len’ [-Wunused-parameter]
  350 |                             const uint8_t* pub_key, size_t pub_len) {
      |                                                     ~~~~~~~^~~~~~~
/mnt/d/Dev/Friendly-LwM2M-Client/examples/platform/connection_dtls/MbedTlsProvider.cpp: In member function ‘virtual int MbedTlsProvider::enableCID(void*, uint8_t)’:
/mnt/d/Dev/Friendly-LwM2M-Client/examples/platform/connection_dtls/MbedTlsProvider.cpp:549:38: warning: unused parameter ‘dtls_session’ [-Wunused-parameter]
  549 | int MbedTlsProvider::enableCID(void* dtls_session, uint8_t cid_len) {
      |                                ~~~~~~^~~~~~~~~~~~
/mnt/d/Dev/Friendly-LwM2M-Client/examples/platform/connection_dtls/MbedTlsProvider.cpp:549:60: warning: unused parameter ‘cid_len’ [-Wunused-parameter]
  549 | int MbedTlsProvider::enableCID(void* dtls_session, uint8_t cid_len) {
      |                                                    ~~~~~~~~^~~~~~~
/mnt/d/Dev/Friendly-LwM2M-Client/examples/platform/connection_dtls/MbedTlsProvider.cpp: In member function ‘virtual bool MbedTlsProvider::isCIDNegotiated(void*) const’:
/mnt/d/Dev/Friendly-LwM2M-Client/examples/platform/connection_dtls/MbedTlsProvider.cpp:573:45: warning: unused parameter ‘dtls_session’ [-Wunused-parameter]
  573 | bool MbedTlsProvider::isCIDNegotiated(void* dtls_session) const {
      |                                       ~~~~~~^~~~~~~~~~~~
/mnt/d/Dev/Friendly-LwM2M-Client/examples/platform/connection_dtls/MbedTlsProvider.cpp: In member function ‘virtual int MbedTlsProvider::getCIDVersion(void*) const’:
/mnt/d/Dev/Friendly-LwM2M-Client/examples/platform/connection_dtls/MbedTlsProvider.cpp:597:42: warning: unused parameter ‘dtls_session’ [-Wunused-parameter]
  597 | int MbedTlsProvider::getCIDVersion(void* dtls_session) const {
      |                                    ~~~~~~^~~~~~~~~~~~
/mnt/d/Dev/Friendly-LwM2M-Client/examples/platform/connection_dtls/MbedTlsProvider.cpp: In member function ‘virtual void* MbedTlsProvider::getPeerByCID(void*, const uint8_t*, uint8_t)’:
/mnt/d/Dev/Friendly-LwM2M-Client/examples/platform/connection_dtls/MbedTlsProvider.cpp:605:43: warning: unused parameter ‘ctx’ [-Wunused-parameter]
  605 | void* MbedTlsProvider::getPeerByCID(void* ctx, const uint8_t* cid, uint8_t cid_len) {
      |                                     ~~~~~~^~~
/mnt/d/Dev/Friendly-LwM2M-Client/examples/platform/connection_dtls/MbedTlsProvider.cpp:605:63: warning: unused parameter ‘cid’ [-Wunused-parameter]
  605 | void* MbedTlsProvider::getPeerByCID(void* ctx, const uint8_t* cid, uint8_t cid_len) {
      |                                                ~~~~~~~~~~~~~~~^~~
/mnt/d/Dev/Friendly-LwM2M-Client/examples/platform/connection_dtls/MbedTlsProvider.cpp:605:76: warning: unused parameter ‘cid_len’ [-Wunused-parameter]
  605 | void* MbedTlsProvider::getPeerByCID(void* ctx, const uint8_t* cid, uint8_t cid_len) {
      |                                                                    ~~~~~~~~^~~~~~~
/mnt/d/Dev/Friendly-LwM2M-Client/examples/platform/connection_dtls/MbedTlsProvider.cpp: In static member function ‘static int MbedTlsProvider::staticRecvTimeoutCallback(void*, unsigned char*, size_t, uint32_t)’:
/mnt/d/Dev/Friendly-LwM2M-Client/examples/platform/connection_dtls/MbedTlsProvider.cpp:669:58: warning: unused parameter ‘timeout’ [-Wunused-parameter]
  669 |                                                 uint32_t timeout) {
      |                                                 ~~~~~~~~~^~~~~~~
[ 22%] Building CXX object CMakeFiles/friendly_lwm2m.dir/wpp/registry/objects/w_10525_wan_failover_policy/WanFailoverPolicy.cpp.o
[ 23%] Building CXX object CMakeFiles/friendly_lwm2m.dir/wpp/registry/objects/w_10526_multiwan_health_check/MultiWanHealthCheck.cpp.o
/mnt/d/Dev/Friendly-LwM2M-Client/test/test_dtls_integration.cpp: In member function ‘virtual void DtlsIntegrationTest_HandshakeInitiation_Test::TestBody()’:
/mnt/d/Dev/Friendly-LwM2M-Client/test/test_dtls_integration.cpp:169:9: warning: unused variable ‘result’ [-Wunused-variable]
  169 |     int result = provider->connect(session);
      |         ^~~~~~
[ 24%] Building CXX object CMakeFiles/friendly_lwm2m.dir/wpp/registry/objects/w_10527_wifi_client_management/WifiClientManagement.cpp.o
[ 25%] Building CXX object CMakeFiles/friendly_lwm2m.dir/wpp/registry/objects/w_10528_wifi_channel_optimization/WifiChannelOptimization.cpp.o
[ 26%] Building CXX object CMakeFiles/friendly_lwm2m.dir/wpp/registry/objects/w_10529_matter_bridge/MatterBridge.cpp.o
[ 27%] Building CXX object CMakeFiles/friendly_lwm2m.dir/wpp/registry/objects/w_10530_matter_device/MatterDevice.cpp.o
/mnt/d/Dev/Friendly-LwM2M-Client/src/firmware/delta_algorithms.cpp: In member function ‘virtual lwm2m::firmware::DeltaResult lwm2m::firmware::BSDiffAlgorithm::validateDelta(const std::vector<unsigned char>&, uint64_t)’:
/mnt/d/Dev/Friendly-LwM2M-Client/src/firmware/delta_algorithms.cpp:381:54: warning: unused parameter ‘expectedSourceSize’ [-Wunused-parameter]
  381 |                                             uint64_t expectedSourceSize) {
      |                                             ~~~~~~~~~^~~~~~~~~~~~~~~~~~
/mnt/d/Dev/Friendly-LwM2M-Client/src/firmware/delta_algorithms.cpp: In member function ‘virtual lwm2m::firmware::DeltaResult lwm2m::firmware::VCDiffAlgorithm::createDelta(const std::vector<unsigned char>&, const std::vector<unsigned char>&, std::vector<unsigned char>&, lwm2m::firmware::DeltaProgressCallback)’:
/mnt/d/Dev/Friendly-LwM2M-Client/src/firmware/delta_algorithms.cpp:480:14: warning: variable ‘fromSource’ set but not used [-Wunused-but-set-variable]
  480 |         bool fromSource = false;
      |              ^~~~~~~~~~
/mnt/d/Dev/Friendly-LwM2M-Client/src/firmware/delta_algorithms.cpp:475:12: warning: variable ‘lastCopyAddr’ set but not used [-Wunused-but-set-variable]
  475 |     size_t lastCopyAddr = 0;
      |            ^~~~~~~~~~~~
/mnt/d/Dev/Friendly-LwM2M-Client/src/firmware/delta_algorithms.cpp: In member function ‘virtual lwm2m::firmware::DeltaResult lwm2m::firmware::VCDiffAlgorithm::applyDelta(const std::vector<unsigned char>&, const std::vector<unsigned char>&, std::vector<unsigned char>&, lwm2m::firmware::DeltaProgressCallback)’:
/mnt/d/Dev/Friendly-LwM2M-Client/src/firmware/delta_algorithms.cpp:594:13: warning: unused variable ‘hdrIndicator’ [-Wunused-variable]
  594 |     uint8_t hdrIndicator = *ptr++;
      |             ^~~~~~~~~~~~
/mnt/d/Dev/Friendly-LwM2M-Client/src/firmware/delta_algorithms.cpp:597:13: warning: unused variable ‘winIndicator’ [-Wunused-variable]
  597 |     uint8_t winIndicator = *ptr++;
      |             ^~~~~~~~~~~~
/mnt/d/Dev/Friendly-LwM2M-Client/src/firmware/delta_algorithms.cpp:598:14: warning: unused variable ‘sourceLen’ [-Wunused-variable]
  598 |     uint64_t sourceLen = Impl::readVarInt(ptr);
      |              ^~~~~~~~~
/mnt/d/Dev/Friendly-LwM2M-Client/src/firmware/delta_algorithms.cpp:599:14: warning: unused variable ‘sourcePos’ [-Wunused-variable]
  599 |     uint64_t sourcePos = Impl::readVarInt(ptr);
      |              ^~~~~~~~~
/mnt/d/Dev/Friendly-LwM2M-Client/src/firmware/delta_algorithms.cpp:602:14: warning: unused variable ‘deltaLen’ [-Wunused-variable]
  602 |     uint64_t deltaLen = Impl::readVarInt(ptr);
      |              ^~~~~~~~
/mnt/d/Dev/Friendly-LwM2M-Client/src/firmware/delta_algorithms.cpp:604:13: warning: unused variable ‘deltaIndicator’ [-Wunused-variable]
  604 |     uint8_t deltaIndicator = *ptr++;
      |             ^~~~~~~~~~~~~~
/mnt/d/Dev/Friendly-LwM2M-Client/src/firmware/delta_algorithms.cpp:607:14: warning: unused variable ‘addrLen’ [-Wunused-variable]
  607 |     uint64_t addrLen = Impl::readVarInt(ptr);
      |              ^~~~~~~
/mnt/d/Dev/Friendly-LwM2M-Client/src/firmware/delta_algorithms.cpp: In member function ‘virtual lwm2m::firmware::DeltaResult lwm2m::firmware::VCDiffAlgorithm::validateDelta(const std::vector<unsigned char>&, uint64_t)’:
/mnt/d/Dev/Friendly-LwM2M-Client/src/firmware/delta_algorithms.cpp:656:54: warning: unused parameter ‘expectedSourceSize’ [-Wunused-parameter]
  656 |                                             uint64_t expectedSourceSize) {
      |                                             ~~~~~~~~~^~~~~~~~~~~~~~~~~~
/mnt/d/Dev/Friendly-LwM2M-Client/src/firmware/delta_algorithms.cpp: In member function ‘virtual lwm2m::firmware::DeltaResult lwm2m::firmware::CourgetteAlgorithm::applyDelta(const std::vector<unsigned char>&, const std::vector<unsigned char>&, std::vector<unsigned char>&, lwm2m::firmware::DeltaProgressCallback)’:
/mnt/d/Dev/Friendly-LwM2M-Client/src/firmware/delta_algorithms.cpp:1007:22: warning: unused variable ‘format’ [-Wunused-variable]
 1007 |     ExecutableFormat format = static_cast<ExecutableFormat>(delta[8]);
      |                      ^~~~~~
/mnt/d/Dev/Friendly-LwM2M-Client/src/firmware/delta_algorithms.cpp: In member function ‘virtual lwm2m::firmware::DeltaResult lwm2m::firmware::CourgetteAlgorithm::validateDelta(const std::vector<unsigned char>&, uint64_t)’:
/mnt/d/Dev/Friendly-LwM2M-Client/src/firmware/delta_algorithms.cpp:1070:57: warning: unused parameter ‘expectedSourceSize’ [-Wunused-parameter]
 1070 |                                                uint64_t expectedSourceSize) {
      |                                                ~~~~~~~~~^~~~~~~~~~~~~~~~~~
/mnt/d/Dev/Friendly-LwM2M-Client/src/matter/matter_cluster_client.cpp: In member function ‘bool matter::MatterClusterClient::sendCommand(matter::ClusterId, matter::CommandId, const std::string&, std::string&)’:
/mnt/d/Dev/Friendly-LwM2M-Client/src/matter/matter_cluster_client.cpp:72:57: warning: unused parameter ‘args’ [-Wunused-parameter]
   72 |                                      const std::string& args, std::string& response) {
      |                                      ~~~~~~~~~~~~~~~~~~~^~~~
/mnt/d/Dev/Friendly-LwM2M-Client/src/zigbee/zigbee_zcl_handlers.cpp: In member function ‘std::string zigbee::ZclAttributeValue::asString() const’:
/mnt/d/Dev/Friendly-LwM2M-Client/src/zigbee/zigbee_zcl_handlers.cpp:67:26: warning: comparison of integer expressions of different signedness: ‘std::vector<unsigned char>::size_type’ {aka ‘long unsigned int’} and ‘int’ [-Wsign-compare]
   67 |         if (value.size() < len + 1) return "";
      |             ~~~~~~~~~~~~~^~~~~~~~~
/mnt/d/Dev/Friendly-LwM2M-Client/src/zigbee/zigbee_zcl_handlers.cpp: In member function ‘virtual bool zigbee::BasicClusterHandler::handleCommand(uint64_t, uint8_t, uint8_t, const std::vector<unsigned char>&)’:
/mnt/d/Dev/Friendly-LwM2M-Client/src/zigbee/zigbee_zcl_handlers.cpp:81:71: warning: unused parameter ‘endpoint’ [-Wunused-parameter]
   81 | bool BasicClusterHandler::handleCommand(uint64_t ieeeAddress, uint8_t endpoint,
      |                                                               ~~~~~~~~^~~~~~~~
/mnt/d/Dev/Friendly-LwM2M-Client/src/zigbee/zigbee_zcl_handlers.cpp:82:87: warning: unused parameter ‘payload’ [-Wunused-parameter]
   82 |                                        uint8_t commandId, const std::vector<uint8_t>& payload) {
      |                                                           ~~~~~~~~~~~~~~~~~~~~~~~~~~~~^~~~~~~
/mnt/d/Dev/Friendly-LwM2M-Client/src/zigbee/zigbee_zcl_handlers.cpp: In member function ‘virtual bool zigbee::BasicClusterHandler::handleAttributeReport(uint64_t, uint8_t, const std::vector<zigbee::ZclAttributeValue>&)’:
/mnt/d/Dev/Friendly-LwM2M-Client/src/zigbee/zigbee_zcl_handlers.cpp:90:79: warning: unused parameter ‘endpoint’ [-Wunused-parameter]
   90 | bool BasicClusterHandler::handleAttributeReport(uint64_t ieeeAddress, uint8_t endpoint,
      |                                                                       ~~~~~~~~^~~~~~~~
/mnt/d/Dev/Friendly-LwM2M-Client/src/zigbee/zigbee_zcl_handlers.cpp: In member function ‘virtual bool zigbee::OnOffClusterHandler::handleCommand(uint64_t, uint8_t, uint8_t, const std::vector<unsigned char>&)’:
/mnt/d/Dev/Friendly-LwM2M-Client/src/zigbee/zigbee_zcl_handlers.cpp:125:71: warning: unused parameter ‘endpoint’ [-Wunused-parameter]
  125 | bool OnOffClusterHandler::handleCommand(uint64_t ieeeAddress, uint8_t endpoint,
      |                                                               ~~~~~~~~^~~~~~~~
/mnt/d/Dev/Friendly-LwM2M-Client/src/zigbee/zigbee_zcl_handlers.cpp:126:87: warning: unused parameter ‘payload’ [-Wunused-parameter]
  126 |                                        uint8_t commandId, const std::vector<uint8_t>& payload) {
      |                                                           ~~~~~~~~~~~~~~~~~~~~~~~~~~~~^~~~~~~
/mnt/d/Dev/Friendly-LwM2M-Client/src/zigbee/zigbee_zcl_handlers.cpp: In member function ‘virtual bool zigbee::OnOffClusterHandler::handleAttributeReport(uint64_t, uint8_t, const std::vector<zigbee::ZclAttributeValue>&)’:
/mnt/d/Dev/Friendly-LwM2M-Client/src/zigbee/zigbee_zcl_handlers.cpp:148:79: warning: unused parameter ‘endpoint’ [-Wunused-parameter]
  148 | bool OnOffClusterHandler::handleAttributeReport(uint64_t ieeeAddress, uint8_t endpoint,
      |                                                                       ~~~~~~~~^~~~~~~~
/mnt/d/Dev/Friendly-LwM2M-Client/src/zigbee/zigbee_zcl_handlers.cpp: In member function ‘virtual bool zigbee::LevelControlClusterHandler::handleCommand(uint64_t, uint8_t, uint8_t, const std::vector<unsigned char>&)’:
/mnt/d/Dev/Friendly-LwM2M-Client/src/zigbee/zigbee_zcl_handlers.cpp:188:78: warning: unused parameter ‘endpoint’ [-Wunused-parameter]
  188 | bool LevelControlClusterHandler::handleCommand(uint64_t ieeeAddress, uint8_t endpoint,
      |                                                                      ~~~~~~~~^~~~~~~~
/mnt/d/Dev/Friendly-LwM2M-Client/src/zigbee/zigbee_zcl_handlers.cpp:189:94: warning: unused parameter ‘payload’ [-Wunused-parameter]
  189 |                                               uint8_t commandId, const std::vector<uint8_t>& payload) {
      |                                                                  ~~~~~~~~~~~~~~~~~~~~~~~~~~~~^~~~~~~
/mnt/d/Dev/Friendly-LwM2M-Client/src/zigbee/zigbee_zcl_handlers.cpp: In member function ‘virtual bool zigbee::LevelControlClusterHandler::handleAttributeReport(uint64_t, uint8_t, const std::vector<zigbee::ZclAttributeValue>&)’:
/mnt/d/Dev/Friendly-LwM2M-Client/src/zigbee/zigbee_zcl_handlers.cpp:195:86: warning: unused parameter ‘endpoint’ [-Wunused-parameter]
  195 | bool LevelControlClusterHandler::handleAttributeReport(uint64_t ieeeAddress, uint8_t endpoint,
      |                                                                              ~~~~~~~~^~~~~~~~
/mnt/d/Dev/Friendly-LwM2M-Client/src/zigbee/zigbee_zcl_handlers.cpp: In member function ‘virtual bool zigbee::ColorControlClusterHandler::handleCommand(uint64_t, uint8_t, uint8_t, const std::vector<unsigned char>&)’:
/mnt/d/Dev/Friendly-LwM2M-Client/src/zigbee/zigbee_zcl_handlers.cpp:231:78: warning: unused parameter ‘endpoint’ [-Wunused-parameter]
  231 | bool ColorControlClusterHandler::handleCommand(uint64_t ieeeAddress, uint8_t endpoint,
      |                                                                      ~~~~~~~~^~~~~~~~
/mnt/d/Dev/Friendly-LwM2M-Client/src/zigbee/zigbee_zcl_handlers.cpp:232:94: warning: unused parameter ‘payload’ [-Wunused-parameter]
  232 |                                               uint8_t commandId, const std::vector<uint8_t>& payload) {
      |                                                                  ~~~~~~~~~~~~~~~~~~~~~~~~~~~~^~~~~~~
/mnt/d/Dev/Friendly-LwM2M-Client/src/zigbee/zigbee_zcl_handlers.cpp: In member function ‘virtual bool zigbee::ColorControlClusterHandler::handleAttributeReport(uint64_t, uint8_t, const std::vector<zigbee::ZclAttributeValue>&)’:
/mnt/d/Dev/Friendly-LwM2M-Client/src/zigbee/zigbee_zcl_handlers.cpp:238:86: warning: unused parameter ‘endpoint’ [-Wunused-parameter]
  238 | bool ColorControlClusterHandler::handleAttributeReport(uint64_t ieeeAddress, uint8_t endpoint,
      |                                                                              ~~~~~~~~^~~~~~~~
/mnt/d/Dev/Friendly-LwM2M-Client/src/zigbee/zigbee_zcl_handlers.cpp: In member function ‘virtual bool zigbee::TemperatureMeasurementClusterHandler::handleCommand(uint64_t, uint8_t, uint8_t, const std::vector<unsigned char>&)’:
/mnt/d/Dev/Friendly-LwM2M-Client/src/zigbee/zigbee_zcl_handlers.cpp:312:67: warning: unused parameter ‘ieeeAddress’ [-Wunused-parameter]
  312 | bool TemperatureMeasurementClusterHandler::handleCommand(uint64_t ieeeAddress, uint8_t endpoint,
      |                                                          ~~~~~~~~~^~~~~~~~~~~
/mnt/d/Dev/Friendly-LwM2M-Client/src/zigbee/zigbee_zcl_handlers.cpp:312:88: warning: unused parameter ‘endpoint’ [-Wunused-parameter]
  312 | bool TemperatureMeasurementClusterHandler::handleCommand(uint64_t ieeeAddress, uint8_t endpoint,
      |                                                                                ~~~~~~~~^~~~~~~~
/mnt/d/Dev/Friendly-LwM2M-Client/src/zigbee/zigbee_zcl_handlers.cpp:313:65: warning: unused parameter ‘commandId’ [-Wunused-parameter]
  313 |                                                         uint8_t commandId, const std::vector<uint8_t>& payload) {
      |                                                         ~~~~~~~~^~~~~~~~~
/mnt/d/Dev/Friendly-LwM2M-Client/src/zigbee/zigbee_zcl_handlers.cpp:313:104: warning: unused parameter ‘payload’ [-Wunused-parameter]
  313 |                                                         uint8_t commandId, const std::vector<uint8_t>& payload) {
      |                                                                            ~~~~~~~~~~~~~~~~~~~~~~~~~~~~^~~~~~~
/mnt/d/Dev/Friendly-LwM2M-Client/src/zigbee/zigbee_zcl_handlers.cpp: In member function ‘virtual bool zigbee::TemperatureMeasurementClusterHandler::handleAttributeReport(uint64_t, uint8_t, const std::vector<zigbee::ZclAttributeValue>&)’:
/mnt/d/Dev/Friendly-LwM2M-Client/src/zigbee/zigbee_zcl_handlers.cpp:318:96: warning: unused parameter ‘endpoint’ [-Wunused-parameter]
  318 | bool TemperatureMeasurementClusterHandler::handleAttributeReport(uint64_t ieeeAddress, uint8_t endpoint,
      |                                                                                        ~~~~~~~~^~~~~~~~
/mnt/d/Dev/Friendly-LwM2M-Client/src/zigbee/zigbee_zcl_handlers.cpp: In member function ‘virtual bool zigbee::HumidityMeasurementClusterHandler::handleCommand(uint64_t, uint8_t, uint8_t, const std::vector<unsigned char>&)’:
/mnt/d/Dev/Friendly-LwM2M-Client/src/zigbee/zigbee_zcl_handlers.cpp:341:64: warning: unused parameter ‘ieeeAddress’ [-Wunused-parameter]
  341 | bool HumidityMeasurementClusterHandler::handleCommand(uint64_t ieeeAddress, uint8_t endpoint,
      |                                                       ~~~~~~~~~^~~~~~~~~~~
/mnt/d/Dev/Friendly-LwM2M-Client/src/zigbee/zigbee_zcl_handlers.cpp:341:85: warning: unused parameter ‘endpoint’ [-Wunused-parameter]
  341 | bool HumidityMeasurementClusterHandler::handleCommand(uint64_t ieeeAddress, uint8_t endpoint,
      |                                                                             ~~~~~~~~^~~~~~~~
/mnt/d/Dev/Friendly-LwM2M-Client/src/zigbee/zigbee_zcl_handlers.cpp:342:62: warning: unused parameter ‘commandId’ [-Wunused-parameter]
  342 |                                                      uint8_t commandId, const std::vector<uint8_t>& payload) {
      |                                                      ~~~~~~~~^~~~~~~~~
/mnt/d/Dev/Friendly-LwM2M-Client/src/zigbee/zigbee_zcl_handlers.cpp:342:101: warning: unused parameter ‘payload’ [-Wunused-parameter]
  342 |                                                      uint8_t commandId, const std::vector<uint8_t>& payload) {
      |                                                                         ~~~~~~~~~~~~~~~~~~~~~~~~~~~~^~~~~~~
/mnt/d/Dev/Friendly-LwM2M-Client/src/zigbee/zigbee_zcl_handlers.cpp: In member function ‘virtual bool zigbee::HumidityMeasurementClusterHandler::handleAttributeReport(uint64_t, uint8_t, const std::vector<zigbee::ZclAttributeValue>&)’:
/mnt/d/Dev/Friendly-LwM2M-Client/src/zigbee/zigbee_zcl_handlers.cpp:347:93: warning: unused parameter ‘endpoint’ [-Wunused-parameter]
  347 | bool HumidityMeasurementClusterHandler::handleAttributeReport(uint64_t ieeeAddress, uint8_t endpoint,
      |                                                                                     ~~~~~~~~^~~~~~~~
/mnt/d/Dev/Friendly-LwM2M-Client/src/zigbee/zigbee_zcl_handlers.cpp: In member function ‘virtual bool zigbee::OccupancySensingClusterHandler::handleCommand(uint64_t, uint8_t, uint8_t, const std::vector<unsigned char>&)’:
/mnt/d/Dev/Friendly-LwM2M-Client/src/zigbee/zigbee_zcl_handlers.cpp:370:61: warning: unused parameter ‘ieeeAddress’ [-Wunused-parameter]
  370 | bool OccupancySensingClusterHandler::handleCommand(uint64_t ieeeAddress, uint8_t endpoint,
      |                                                    ~~~~~~~~~^~~~~~~~~~~
/mnt/d/Dev/Friendly-LwM2M-Client/src/zigbee/zigbee_zcl_handlers.cpp:370:82: warning: unused parameter ‘endpoint’ [-Wunused-parameter]
  370 | bool OccupancySensingClusterHandler::handleCommand(uint64_t ieeeAddress, uint8_t endpoint,
      |                                                                          ~~~~~~~~^~~~~~~~
/mnt/d/Dev/Friendly-LwM2M-Client/src/zigbee/zigbee_zcl_handlers.cpp:371:59: warning: unused parameter ‘commandId’ [-Wunused-parameter]
  371 |                                                   uint8_t commandId, const std::vector<uint8_t>& payload) {
      |                                                   ~~~~~~~~^~~~~~~~~
/mnt/d/Dev/Friendly-LwM2M-Client/src/zigbee/zigbee_zcl_handlers.cpp:371:98: warning: unused parameter ‘payload’ [-Wunused-parameter]
  371 |                                                   uint8_t commandId, const std::vector<uint8_t>& payload) {
      |                                                                      ~~~~~~~~~~~~~~~~~~~~~~~~~~~~^~~~~~~
/mnt/d/Dev/Friendly-LwM2M-Client/src/zigbee/zigbee_zcl_handlers.cpp: In member function ‘virtual bool zigbee::OccupancySensingClusterHandler::handleAttributeReport(uint64_t, uint8_t, const std::vector<zigbee::ZclAttributeValue>&)’:
/mnt/d/Dev/Friendly-LwM2M-Client/src/zigbee/zigbee_zcl_handlers.cpp:376:90: warning: unused parameter ‘endpoint’ [-Wunused-parameter]
  376 | bool OccupancySensingClusterHandler::handleAttributeReport(uint64_t ieeeAddress, uint8_t endpoint,
      |                                                                                  ~~~~~~~~^~~~~~~~
/mnt/d/Dev/Friendly-LwM2M-Client/src/zigbee/zigbee_zcl_handlers.cpp: In member function ‘virtual bool zigbee::IasZoneClusterHandler::handleCommand(uint64_t, uint8_t, uint8_t, const std::vector<unsigned char>&)’:
/mnt/d/Dev/Friendly-LwM2M-Client/src/zigbee/zigbee_zcl_handlers.cpp:398:73: warning: unused parameter ‘endpoint’ [-Wunused-parameter]
  398 | bool IasZoneClusterHandler::handleCommand(uint64_t ieeeAddress, uint8_t endpoint,
      |                                                                 ~~~~~~~~^~~~~~~~
/mnt/d/Dev/Friendly-LwM2M-Client/src/zigbee/zigbee_zcl_handlers.cpp: In member function ‘virtual bool zigbee::IasZoneClusterHandler::handleAttributeReport(uint64_t, uint8_t, const std::vector<zigbee::ZclAttributeValue>&)’:
/mnt/d/Dev/Friendly-LwM2M-Client/src/zigbee/zigbee_zcl_handlers.cpp:427:81: warning: unused parameter ‘endpoint’ [-Wunused-parameter]
  427 | bool IasZoneClusterHandler::handleAttributeReport(uint64_t ieeeAddress, uint8_t endpoint,
      |                                                                         ~~~~~~~~^~~~~~~~
/mnt/d/Dev/Friendly-LwM2M-Client/src/zigbee/zigbee_zcl_handlers.cpp: In member function ‘virtual bool zigbee::MeteringClusterHandler::handleCommand(uint64_t, uint8_t, uint8_t, const std::vector<unsigned char>&)’:
/mnt/d/Dev/Friendly-LwM2M-Client/src/zigbee/zigbee_zcl_handlers.cpp:453:74: warning: unused parameter ‘endpoint’ [-Wunused-parameter]
  453 | bool MeteringClusterHandler::handleCommand(uint64_t ieeeAddress, uint8_t endpoint,
      |                                                                  ~~~~~~~~^~~~~~~~
/mnt/d/Dev/Friendly-LwM2M-Client/src/zigbee/zigbee_zcl_handlers.cpp:454:90: warning: unused parameter ‘payload’ [-Wunused-parameter]
  454 |                                           uint8_t commandId, const std::vector<uint8_t>& payload) {
      |                                                              ~~~~~~~~~~~~~~~~~~~~~~~~~~~~^~~~~~~
/mnt/d/Dev/Friendly-LwM2M-Client/src/zigbee/zigbee_zcl_handlers.cpp: In member function ‘virtual bool zigbee::MeteringClusterHandler::handleAttributeReport(uint64_t, uint8_t, const std::vector<zigbee::ZclAttributeValue>&)’:
/mnt/d/Dev/Friendly-LwM2M-Client/src/zigbee/zigbee_zcl_handlers.cpp:460:82: warning: unused parameter ‘endpoint’ [-Wunused-parameter]
  460 | bool MeteringClusterHandler::handleAttributeReport(uint64_t ieeeAddress, uint8_t endpoint,
      |                                                                          ~~~~~~~~^~~~~~~~
/mnt/d/Dev/Friendly-LwM2M-Client/src/zigbee/zigbee_zcl_handlers.cpp: In member function ‘virtual bool zigbee::OtaUpgradeClusterHandler::handleCommand(uint64_t, uint8_t, uint8_t, const std::vector<unsigned char>&)’:
/mnt/d/Dev/Friendly-LwM2M-Client/src/zigbee/zigbee_zcl_handlers.cpp:490:76: warning: unused parameter ‘endpoint’ [-Wunused-parameter]
  490 | bool OtaUpgradeClusterHandler::handleCommand(uint64_t ieeeAddress, uint8_t endpoint,
      |                                                                    ~~~~~~~~^~~~~~~~
/mnt/d/Dev/Friendly-LwM2M-Client/src/zigbee/zigbee_zcl_handlers.cpp:491:92: warning: unused parameter ‘payload’ [-Wunused-parameter]
  491 |                                             uint8_t commandId, const std::vector<uint8_t>& payload) {
      |                                                                ~~~~~~~~~~~~~~~~~~~~~~~~~~~~^~~~~~~
/mnt/d/Dev/Friendly-LwM2M-Client/src/zigbee/zigbee_zcl_handlers.cpp: In member function ‘virtual bool zigbee::OtaUpgradeClusterHandler::handleAttributeReport(uint64_t, uint8_t, const std::vector<zigbee::ZclAttributeValue>&)’:
/mnt/d/Dev/Friendly-LwM2M-Client/src/zigbee/zigbee_zcl_handlers.cpp:518:84: warning: unused parameter ‘endpoint’ [-Wunused-parameter]
  518 | bool OtaUpgradeClusterHandler::handleAttributeReport(uint64_t ieeeAddress, uint8_t endpoint,
      |                                                                            ~~~~~~~~^~~~~~~~
/mnt/d/Dev/Friendly-LwM2M-Client/src/zigbee/zigbee_zcl_handlers.cpp:519:92: warning: unused parameter ‘attributes’ [-Wunused-parameter]
  519 |                                                      const std::vector<ZclAttributeValue>& attributes) {
      |                                                      ~~~~~~~~~~~~~~~~~~~~~~~~~~~~~~~~~~~~~~^~~~~~~~~~
[ 28%] Linking CXX executable test_dtls_providers
/mnt/d/Dev/Friendly-LwM2M-Client/src/zigbee/zigbee_ota_proxy.cpp: In member function ‘bool zigbee::ZigbeeOtaProxy::announceImage(uint16_t, uint16_t)’:
/mnt/d/Dev/Friendly-LwM2M-Client/src/zigbee/zigbee_ota_proxy.cpp:168:45: warning: unused parameter ‘manufacturerCode’ [-Wunused-parameter]
  168 | bool ZigbeeOtaProxy::announceImage(uint16_t manufacturerCode, uint16_t imageType) {
      |                                    ~~~~~~~~~^~~~~~~~~~~~~~~~
/mnt/d/Dev/Friendly-LwM2M-Client/src/zigbee/zigbee_ota_proxy.cpp:168:72: warning: unused parameter ‘imageType’ [-Wunused-parameter]
  168 | bool ZigbeeOtaProxy::announceImage(uint16_t manufacturerCode, uint16_t imageType) {
      |                                                               ~~~~~~~~~^~~~~~~~~
/mnt/d/Dev/Friendly-LwM2M-Client/src/zigbee/zigbee_ota_proxy.cpp: In member function ‘bool zigbee::ZigbeeOtaProxy::sendUpgradeEndResponse(uint64_t, uint8_t, uint8_t, uint32_t)’:
/mnt/d/Dev/Friendly-LwM2M-Client/src/zigbee/zigbee_ota_proxy.cpp:484:52: warning: unused parameter ‘status’ [-Wunused-parameter]
  484 |                                            uint8_t status, uint32_t upgradeTime) {
      |                                            ~~~~~~~~^~~~~~
[ 29%] Linking CXX executable test_dtls_integration
/mnt/d/Dev/Friendly-LwM2M-Client/src/transport/mqtt_transport.cpp: In member function ‘lwm2m::transport::MqttResult lwm2m::transport::MqttTransport::disconnect(bool)’:
/mnt/d/Dev/Friendly-LwM2M-Client/src/transport/mqtt_transport.cpp:123:43: warning: unused parameter ‘sendWill’ [-Wunused-parameter]
  123 | MqttResult MqttTransport::disconnect(bool sendWill) {
      |                                      ~~~~~^~~~~~~~
/mnt/d/Dev/Friendly-LwM2M-Client/src/transport/mqtt_transport.cpp: In member function ‘lwm2m::transport::MqttResult lwm2m::transport::MqttTransport::process(uint32_t)’:
/mnt/d/Dev/Friendly-LwM2M-Client/src/transport/mqtt_transport.cpp:151:44: warning: unused parameter ‘timeoutMs’ [-Wunused-parameter]
  151 | MqttResult MqttTransport::process(uint32_t timeoutMs) {
      |                                   ~~~~~~~~~^~~~~~~~~
/mnt/d/Dev/Friendly-LwM2M-Client/src/starlink/starlink_grpc_client.cpp: In member function ‘bool starlink::StarlinkGrpcClient::setWiFiConfig(const starlink::WiFiConfig&, std::string&)’:
/mnt/d/Dev/Friendly-LwM2M-Client/src/starlink/starlink_grpc_client.cpp:655:58: warning: unused parameter ‘config’ [-Wunused-parameter]
  655 | bool StarlinkGrpcClient::setWiFiConfig(const WiFiConfig& config, std::string& error_msg) {
      |                                        ~~~~~~~~~~~~~~~~~~^~~~~~
/mnt/d/Dev/Friendly-LwM2M-Client/src/matter/matter_sdk_integration.cpp: In member function ‘bool matter::MatterController::loadPersistedDevices()’:
/mnt/d/Dev/Friendly-LwM2M-Client/src/matter/matter_sdk_integration.cpp:259:41: warning: format ‘%llx’ expects argument of type ‘long long unsigned int*’, but argument 3 has type ‘matter::NodeId*’ {aka ‘long unsigned int*’} [-Wformat=]
  259 |         if (sscanf(line.c_str(), "%016llx", &nodeId) == 1) {
      |                                   ~~~~~~^   ~~~~~~~
      |                                         |   |
      |                                         |   matter::NodeId* {aka long unsigned int*}
      |                                         long long unsigned int*
      |                                   %016lx
/mnt/d/Dev/Friendly-LwM2M-Client/src/matter/matter_sdk_integration.cpp: In member function ‘void matter::MatterController::persistDevice(matter::NodeId)’:
/mnt/d/Dev/Friendly-LwM2M-Client/src/matter/matter_sdk_integration.cpp:277:43: warning: format ‘%llx’ expects argument of type ‘long long unsigned int’, but argument 4 has type ‘matter::NodeId’ {aka ‘long unsigned int’} [-Wformat=]
  277 |         snprintf(buf, sizeof(buf), "%016llx\n", nodeId);
      |                                     ~~~~~~^     ~~~~~~
      |                                           |     |
      |                                           |     matter::NodeId {aka long unsigned int}
      |                                           long long unsigned int
      |                                     %016lx
/mnt/d/Dev/Friendly-LwM2M-Client/src/matter/matter_sdk_integration.cpp: In member function ‘void matter::MatterController::unpersistDevice(matter::NodeId)’:
/mnt/d/Dev/Friendly-LwM2M-Client/src/matter/matter_sdk_integration.cpp:293:45: warning: format ‘%llx’ expects argument of type ‘long long unsigned int*’, but argument 3 has type ‘matter::NodeId*’ {aka ‘long unsigned int*’} [-Wformat=]
  293 |             if (sscanf(line.c_str(), "%016llx", &id) == 1) {
      |                                       ~~~~~~^   ~~~
      |                                             |   |
      |                                             |   matter::NodeId* {aka long unsigned int*}
      |                                             long long unsigned int*
      |                                       %016lx
/mnt/d/Dev/Friendly-LwM2M-Client/src/matter/matter_sdk_integration.cpp: At global scope:
/mnt/d/Dev/Friendly-LwM2M-Client/src/matter/matter_sdk_integration.cpp:60:13: warning: ‘bool matter::fromHexString(const std::string&, uint8_t*, size_t, size_t&)’ defined but not used [-Wunused-function]
   60 | static bool fromHexString(const std::string& hex, uint8_t* data, size_t maxLength, size_t& actualLength) {
      |             ^~~~~~~~~~~~~
/mnt/d/Dev/Friendly-LwM2M-Client/src/matter/matter_sdk_integration.cpp:52:20: warning: ‘std::string matter::toHexString(const uint8_t*, size_t)’ defined but not used [-Wunused-function]
   52 | static std::string toHexString(const uint8_t* data, size_t length) {
      |                    ^~~~~~~~~~~
/mnt/d/Dev/Friendly-LwM2M-Client/src/matter/matter_sdk_integration.cpp:37:20: warning: ‘std::string matter::getCurrentTimestamp()’ defined but not used [-Wunused-function]
   37 | static std::string getCurrentTimestamp() {
      |                    ^~~~~~~~~~~~~~~~~~~
/mnt/d/Dev/Friendly-LwM2M-Client/src/zigbee/zigbee_coordinator.cpp:43:36: warning: unsigned conversion from ‘int’ to ‘uint8_t’ {aka ‘unsigned char’} changes value from ‘8450’ to ‘2’ [-Woverflow]
   43 | constexpr uint8_t ZB_SYS_VERSION = 0x2102;
      |                                    ^~~~~~
/mnt/d/Dev/Friendly-LwM2M-Client/src/zigbee/zigbee_coordinator.cpp:44:35: warning: unsigned conversion from ‘int’ to ‘uint8_t’ {aka ‘unsigned char’} changes value from ‘9733’ to ‘5’ [-Woverflow]
   44 | constexpr uint8_t ZB_APP_CONFIG = 0x2605;
      |                                   ^~~~~~
/mnt/d/Dev/Friendly-LwM2M-Client/src/zigbee/zigbee_coordinator.cpp:45:38: warning: unsigned conversion from ‘int’ to ‘uint8_t’ {aka ‘unsigned char’} changes value from ‘9728’ to ‘0’ [-Woverflow]
   45 | constexpr uint8_t ZB_START_REQUEST = 0x2600;
      |                                      ^~~~~~
/mnt/d/Dev/Friendly-LwM2M-Client/src/zigbee/zigbee_coordinator.cpp:46:47: warning: unsigned conversion from ‘int’ to ‘uint8_t’ {aka ‘unsigned char’} changes value from ‘9736’ to ‘8’ [-Woverflow]
   46 | constexpr uint8_t ZB_PERMIT_JOINING_REQUEST = 0x2608;
      |                                               ^~~~~~
/mnt/d/Dev/Friendly-LwM2M-Client/src/zigbee/zigbee_coordinator.cpp:47:36: warning: unsigned conversion from ‘int’ to ‘uint8_t’ {aka ‘unsigned char’} changes value from ‘9216’ to ‘0’ [-Woverflow]
   47 | constexpr uint8_t ZB_AF_REGISTER = 0x2400;
      |                                    ^~~~~~
/mnt/d/Dev/Friendly-LwM2M-Client/src/zigbee/zigbee_coordinator.cpp:48:40: warning: unsigned conversion from ‘int’ to ‘uint8_t’ {aka ‘unsigned char’} changes value from ‘9217’ to ‘1’ [-Woverflow]
   48 | constexpr uint8_t ZB_AF_DATA_REQUEST = 0x2401;
      |                                        ^~~~~~
/mnt/d/Dev/Friendly-LwM2M-Client/src/zigbee/zigbee_coordinator.cpp:49:40: warning: unsigned conversion from ‘int’ to ‘uint8_t’ {aka ‘unsigned char’} changes value from ‘17537’ to ‘129’ [-Woverflow]
   49 | constexpr uint8_t ZB_AF_INCOMING_MSG = 0x4481;
      |                                        ^~~~~~
/mnt/d/Dev/Friendly-LwM2M-Client/src/zigbee/zigbee_coordinator.cpp:50:45: warning: unsigned conversion from ‘int’ to ‘uint8_t’ {aka ‘unsigned char’} changes value from ‘17856’ to ‘192’ [-Woverflow]
   50 | constexpr uint8_t ZB_ZDO_STATE_CHANGE_IND = 0x45C0;
      |                                             ^~~~~~
/mnt/d/Dev/Friendly-LwM2M-Client/src/zigbee/zigbee_coordinator.cpp:51:42: warning: unsigned conversion from ‘int’ to ‘uint8_t’ {aka ‘unsigned char’} changes value from ‘17866’ to ‘202’ [-Woverflow]
   51 | constexpr uint8_t ZB_ZDO_TC_DEVICE_IND = 0x45CA;
      |                                          ^~~~~~
/mnt/d/Dev/Friendly-LwM2M-Client/src/zigbee/zigbee_coordinator.cpp:52:42: warning: unsigned conversion from ‘int’ to ‘uint8_t’ {aka ‘unsigned char’} changes value from ‘9473’ to ‘1’ [-Woverflow]
   52 | constexpr uint8_t ZB_ZDO_IEEE_ADDR_REQ = 0x2501;
      |                                          ^~~~~~
/mnt/d/Dev/Friendly-LwM2M-Client/src/zigbee/zigbee_coordinator.cpp:53:42: warning: unsigned conversion from ‘int’ to ‘uint8_t’ {aka ‘unsigned char’} changes value from ‘9474’ to ‘2’ [-Woverflow]
   53 | constexpr uint8_t ZB_ZDO_NODE_DESC_REQ = 0x2502;
      |                                          ^~~~~~
/mnt/d/Dev/Friendly-LwM2M-Client/src/zigbee/zigbee_coordinator.cpp:54:42: warning: unsigned conversion from ‘int’ to ‘uint8_t’ {aka ‘unsigned char’} changes value from ‘9477’ to ‘5’ [-Woverflow]
   54 | constexpr uint8_t ZB_ZDO_ACTIVE_EP_REQ = 0x2505;
      |                                          ^~~~~~
/mnt/d/Dev/Friendly-LwM2M-Client/src/zigbee/zigbee_coordinator.cpp:55:44: warning: unsigned conversion from ‘int’ to ‘uint8_t’ {aka ‘unsigned char’} changes value from ‘9476’ to ‘4’ [-Woverflow]
   55 | constexpr uint8_t ZB_ZDO_SIMPLE_DESC_REQ = 0x2504;
      |                                            ^~~~~~
/mnt/d/Dev/Friendly-LwM2M-Client/src/zigbee/zigbee_coordinator.cpp: In member function ‘bool zigbee::ZigbeeCoordinator::joinNetwork(const zigbee::ZigbeeNetworkParams&)’:
/mnt/d/Dev/Friendly-LwM2M-Client/src/zigbee/zigbee_coordinator.cpp:201:64: warning: unused parameter ‘params’ [-Wunused-parameter]
  201 | bool ZigbeeCoordinator::joinNetwork(const ZigbeeNetworkParams& params) {
      |                                     ~~~~~~~~~~~~~~~~~~~~~~~~~~~^~~~~~
/mnt/d/Dev/Friendly-LwM2M-Client/src/zigbee/zigbee_coordinator.cpp: In member function ‘bool zigbee::ZigbeeCoordinator::bindCluster(uint64_t, uint8_t, uint16_t, uint64_t, uint8_t)’:
/mnt/d/Dev/Friendly-LwM2M-Client/src/zigbee/zigbee_coordinator.cpp:358:66: warning: unused parameter ‘sourceEndpoint’ [-Wunused-parameter]
  358 | bool ZigbeeCoordinator::bindCluster(uint64_t sourceIeee, uint8_t sourceEndpoint,
      |                                                          ~~~~~~~~^~~~~~~~~~~~~~
/mnt/d/Dev/Friendly-LwM2M-Client/src/zigbee/zigbee_coordinator.cpp:359:84: warning: unused parameter ‘destEndpoint’ [-Wunused-parameter]
  359 |                                     uint16_t clusterId, uint64_t destIeee, uint8_t destEndpoint) {
      |                                                                            ~~~~~~~~^~~~~~~~~~~~
/mnt/d/Dev/Friendly-LwM2M-Client/src/zigbee/zigbee_coordinator.cpp: In member function ‘bool zigbee::ZigbeeCoordinator::unbindCluster(uint64_t, uint8_t, uint16_t, uint64_t, uint8_t)’:
/mnt/d/Dev/Friendly-LwM2M-Client/src/zigbee/zigbee_coordinator.cpp:369:68: warning: unused parameter ‘sourceEndpoint’ [-Wunused-parameter]
  369 | bool ZigbeeCoordinator::unbindCluster(uint64_t sourceIeee, uint8_t sourceEndpoint,
      |                                                            ~~~~~~~~^~~~~~~~~~~~~~
/mnt/d/Dev/Friendly-LwM2M-Client/src/zigbee/zigbee_coordinator.cpp:370:86: warning: unused parameter ‘destEndpoint’ [-Wunused-parameter]
  370 |                                       uint16_t clusterId, uint64_t destIeee, uint8_t destEndpoint) {
      |                                                                              ~~~~~~~~^~~~~~~~~~~~
/mnt/d/Dev/Friendly-LwM2M-Client/src/zigbee/zigbee_coordinator.cpp: In member function ‘bool zigbee::ZigbeeCoordinator::formNetworkEzsp(const zigbee::ZigbeeNetworkParams&)’:
/mnt/d/Dev/Friendly-LwM2M-Client/src/zigbee/zigbee_coordinator.cpp:500:68: warning: unused parameter ‘params’ [-Wunused-parameter]
  500 | bool ZigbeeCoordinator::formNetworkEzsp(const ZigbeeNetworkParams& params) {
      |                                         ~~~~~~~~~~~~~~~~~~~~~~~~~~~^~~~~~
/mnt/d/Dev/Friendly-LwM2M-Client/src/zigbee/zigbee_coordinator.cpp: In member function ‘bool zigbee::ZigbeeCoordinator::sendZclCommandEzsp(uint16_t, uint8_t, uint16_t, uint8_t, const std::vector<unsigned char>&)’:
/mnt/d/Dev/Friendly-LwM2M-Client/src/zigbee/zigbee_coordinator.cpp:526:74: warning: unused parameter ‘endpoint’ [-Wunused-parameter]
  526 | bool ZigbeeCoordinator::sendZclCommandEzsp(uint16_t networkAddr, uint8_t endpoint,
      |                                                                  ~~~~~~~~^~~~~~~~
/mnt/d/Dev/Friendly-LwM2M-Client/src/zigbee/zigbee_coordinator.cpp:527:53: warning: unused parameter ‘clusterId’ [-Wunused-parameter]
  527 |                                            uint16_t clusterId, uint8_t commandId,
      |                                            ~~~~~~~~~^~~~~~~~~
/mnt/d/Dev/Friendly-LwM2M-Client/src/zigbee/zigbee_coordinator.cpp:527:72: warning: unused parameter ‘commandId’ [-Wunused-parameter]
  527 |                                            uint16_t clusterId, uint8_t commandId,
      |                                                                ~~~~~~~~^~~~~~~~~
/mnt/d/Dev/Friendly-LwM2M-Client/src/zigbee/zigbee_coordinator.cpp:528:72: warning: unused parameter ‘payload’ [-Wunused-parameter]
  528 |                                            const std::vector<uint8_t>& payload) {
      |                                            ~~~~~~~~~~~~~~~~~~~~~~~~~~~~^~~~~~~
/mnt/d/Dev/Friendly-LwM2M-Client/src/zigbee/zigbee_coordinator.cpp: In member function ‘bool zigbee::ZigbeeCoordinator::formNetworkZStack(const zigbee::ZigbeeNetworkParams&)’:
/mnt/d/Dev/Friendly-LwM2M-Client/src/zigbee/zigbee_coordinator.cpp:561:70: warning: unused parameter ‘params’ [-Wunused-parameter]
  561 | bool ZigbeeCoordinator::formNetworkZStack(const ZigbeeNetworkParams& params) {
      |                                           ~~~~~~~~~~~~~~~~~~~~~~~~~~~^~~~~~
/mnt/d/Dev/Friendly-LwM2M-Client/src/zigbee/zigbee_coordinator.cpp: In member function ‘bool zigbee::ZigbeeCoordinator::sendZclCommandZStack(uint16_t, uint8_t, uint16_t, uint8_t, const std::vector<unsigned char>&)’:
/mnt/d/Dev/Friendly-LwM2M-Client/src/zigbee/zigbee_coordinator.cpp:585:76: warning: unused parameter ‘endpoint’ [-Wunused-parameter]
  585 | bool ZigbeeCoordinator::sendZclCommandZStack(uint16_t networkAddr, uint8_t endpoint,
      |                                                                    ~~~~~~~~^~~~~~~~
/mnt/d/Dev/Friendly-LwM2M-Client/src/zigbee/zigbee_coordinator.cpp:586:55: warning: unused parameter ‘clusterId’ [-Wunused-parameter]
  586 |                                              uint16_t clusterId, uint8_t commandId,
      |                                              ~~~~~~~~~^~~~~~~~~
/mnt/d/Dev/Friendly-LwM2M-Client/src/zigbee/zigbee_coordinator.cpp:586:74: warning: unused parameter ‘commandId’ [-Wunused-parameter]
  586 |                                              uint16_t clusterId, uint8_t commandId,
      |                                                                  ~~~~~~~~^~~~~~~~~
/mnt/d/Dev/Friendly-LwM2M-Client/src/zigbee/zigbee_coordinator.cpp:587:74: warning: unused parameter ‘payload’ [-Wunused-parameter]
  587 |                                              const std::vector<uint8_t>& payload) {
      |                                              ~~~~~~~~~~~~~~~~~~~~~~~~~~~~^~~~~~~
/mnt/d/Dev/Friendly-LwM2M-Client/src/zigbee/zigbee_coordinator.cpp: In member function ‘bool zigbee::ZigbeeCoordinator::discoverAttributes(uint64_t, uint8_t, uint16_t)’:
/mnt/d/Dev/Friendly-LwM2M-Client/src/zigbee/zigbee_coordinator.cpp:731:53: warning: unused parameter ‘ieeeAddress’ [-Wunused-parameter]
  731 | bool ZigbeeCoordinator::discoverAttributes(uint64_t ieeeAddress, uint8_t endpoint, uint16_t clusterId) {
      |                                            ~~~~~~~~~^~~~~~~~~~~
/mnt/d/Dev/Friendly-LwM2M-Client/src/zigbee/zigbee_coordinator.cpp:731:74: warning: unused parameter ‘endpoint’ [-Wunused-parameter]
  731 | bool ZigbeeCoordinator::discoverAttributes(uint64_t ieeeAddress, uint8_t endpoint, uint16_t clusterId) {
      |                                                                  ~~~~~~~~^~~~~~~~
[ 30%] Building CXX object CMakeFiles/friendly_lwm2m.dir/wpp/registry/objects/w_10531_thread_network/ThreadNetwork.cpp.o
/mnt/d/Dev/Friendly-LwM2M-Client/src/firmware/rollback_manager.cpp: In member function ‘std::vector<unsigned char> lwm2m::firmware::RollbackManager::calculateStateChecksum()’:
/mnt/d/Dev/Friendly-LwM2M-Client/src/firmware/rollback_manager.cpp:822:16: warning: ‘int SHA256_Init(SHA256_CTX*)’ is deprecated: Since OpenSSL 3.0 [-Wdeprecated-declarations]
  822 |     SHA256_Init(&ctx);
      |     ~~~~~~~~~~~^~~~~~
In file included from /mnt/d/Dev/Friendly-LwM2M-Client/src/firmware/rollback_manager.cpp:19:
/usr/include/openssl/sha.h:73:27: note: declared here
   73 | OSSL_DEPRECATEDIN_3_0 int SHA256_Init(SHA256_CTX *c);
      |                           ^~~~~~~~~~~
/mnt/d/Dev/Friendly-LwM2M-Client/src/firmware/rollback_manager.cpp:826:22: warning: ‘int SHA256_Update(SHA256_CTX*, const void*, size_t)’ is deprecated: Since OpenSSL 3.0 [-Wdeprecated-declarations]
  826 |         SHA256_Update(&ctx, comp.checksum.data(), comp.checksum.size());
      |         ~~~~~~~~~~~~~^~~~~~~~~~~~~~~~~~~~~~~~~~~~~~~~~~~~~~~~~~~~~~~~~~
/usr/include/openssl/sha.h:74:27: note: declared here
   74 | OSSL_DEPRECATEDIN_3_0 int SHA256_Update(SHA256_CTX *c,
      |                           ^~~~~~~~~~~~~
/mnt/d/Dev/Friendly-LwM2M-Client/src/firmware/rollback_manager.cpp:827:22: warning: ‘int SHA256_Update(SHA256_CTX*, const void*, size_t)’ is deprecated: Since OpenSSL 3.0 [-Wdeprecated-declarations]
  827 |         SHA256_Update(&ctx, comp.version.data(), comp.version.size());
      |         ~~~~~~~~~~~~~^~~~~~~~~~~~~~~~~~~~~~~~~~~~~~~~~~~~~~~~~~~~~~~~
/usr/include/openssl/sha.h:74:27: note: declared here
   74 | OSSL_DEPRECATEDIN_3_0 int SHA256_Update(SHA256_CTX *c,
      |                           ^~~~~~~~~~~~~
/mnt/d/Dev/Friendly-LwM2M-Client/src/firmware/rollback_manager.cpp:831:17: warning: ‘int SHA256_Final(unsigned char*, SHA256_CTX*)’ is deprecated: Since OpenSSL 3.0 [-Wdeprecated-declarations]
  831 |     SHA256_Final(hash.data(), &ctx);
      |     ~~~~~~~~~~~~^~~~~~~~~~~~~~~~~~~
/usr/include/openssl/sha.h:76:27: note: declared here
   76 | OSSL_DEPRECATEDIN_3_0 int SHA256_Final(unsigned char *md, SHA256_CTX *c);
      |                           ^~~~~~~~~~~~
[ 31%] Building CXX object CMakeFiles/friendly_lwm2m.dir/wpp/registry/objects/w_10532_zigbee_coordinator/ZigbeeCoordinator.cpp.o
[ 31%] Building CXX object CMakeFiles/friendly_lwm2m.dir/wpp/registry/objects/w_10533_zigbee_device/ZigbeeDevice.cpp.o
/mnt/d/Dev/Friendly-LwM2M-Client/src/platform/openwrt_platform.cpp: In function ‘std::vector<unsigned char> lwm2m::platform::openwrt::calculateFileSHA256(const std::string&, uint64_t)’:
/mnt/d/Dev/Friendly-LwM2M-Client/src/platform/openwrt_platform.cpp:163:16: warning: ‘int SHA256_Init(SHA256_CTX*)’ is deprecated: Since OpenSSL 3.0 [-Wdeprecated-declarations]
  163 |     SHA256_Init(&ctx);
      |     ~~~~~~~~~~~^~~~~~
In file included from /mnt/d/Dev/Friendly-LwM2M-Client/src/platform/openwrt_platform.cpp:37:
/usr/include/openssl/sha.h:73:27: note: declared here
   73 | OSSL_DEPRECATEDIN_3_0 int SHA256_Init(SHA256_CTX *c);
      |                           ^~~~~~~~~~~
/mnt/d/Dev/Friendly-LwM2M-Client/src/platform/openwrt_platform.cpp:182:22: warning: ‘int SHA256_Update(SHA256_CTX*, const void*, size_t)’ is deprecated: Since OpenSSL 3.0 [-Wdeprecated-declarations]
  182 |         SHA256_Update(&ctx, buffer.data(), bytesRead);
      |         ~~~~~~~~~~~~~^~~~~~~~~~~~~~~~~~~~~~~~~~~~~~~~
/usr/include/openssl/sha.h:74:27: note: declared here
   74 | OSSL_DEPRECATEDIN_3_0 int SHA256_Update(SHA256_CTX *c,
      |                           ^~~~~~~~~~~~~
/mnt/d/Dev/Friendly-LwM2M-Client/src/platform/openwrt_platform.cpp:187:17: warning: ‘int SHA256_Final(unsigned char*, SHA256_CTX*)’ is deprecated: Since OpenSSL 3.0 [-Wdeprecated-declarations]
  187 |     SHA256_Final(hash.data(), &ctx);
      |     ~~~~~~~~~~~~^~~~~~~~~~~~~~~~~~~
/usr/include/openssl/sha.h:76:27: note: declared here
   76 | OSSL_DEPRECATEDIN_3_0 int SHA256_Final(unsigned char *md, SHA256_CTX *c);
      |                           ^~~~~~~~~~~~
[ 32%] Building CXX object CMakeFiles/friendly_lwm2m.dir/wpp/registry/objects/w_10534_zigbee_group/ZigbeeGroup.cpp.o
/mnt/d/Dev/Friendly-LwM2M-Client/src/objects/advanced_firmware_update_object.cpp: In member function ‘bool lwm2m::objects::AdvancedFirmwareUpdateObject::execute(lwm2m::objects::FirmwareResourceId, const std::string&)’:
/mnt/d/Dev/Friendly-LwM2M-Client/src/objects/advanced_firmware_update_object.cpp:364:64: warning: unused parameter ‘arguments’ [-Wunused-parameter]
  364 |                                             const std::string& arguments) {
      |                                             ~~~~~~~~~~~~~~~~~~~^~~~~~~~~
/mnt/d/Dev/Friendly-LwM2M-Client/src/objects/advanced_firmware_update_object.cpp: In member function ‘void lwm2m::objects::AdvancedFirmwareUpdateObject::downloadThread(const std::string&, bool)’:
/mnt/d/Dev/Friendly-LwM2M-Client/src/objects/advanced_firmware_update_object.cpp:411:58: warning: unused parameter ‘isDelta’ [-Wunused-parameter]
  411 |                                                     bool isDelta) {
      |                                                     ~~~~~^~~~~~~
In file included from /mnt/d/Dev/Friendly-LwM2M-Client/src/objects/advanced_firmware_update_object.cpp:21:
/mnt/d/Dev/Friendly-LwM2M-Client/src/objects/advanced_firmware_update_object.cpp: In lambda function:
/mnt/d/Dev/Friendly-LwM2M-Client/src/objects/advanced_firmware_update_object.cpp:471:23: warning: unused parameter ‘ultotal’ [-Wunused-parameter]
  471 |            curl_off_t ultotal, curl_off_t ulnow) -> int {
      |            ~~~~~~~~~~~^~~~~~~
/mnt/d/Dev/Friendly-LwM2M-Client/src/objects/advanced_firmware_update_object.cpp:471:43: warning: unused parameter ‘ulnow’ [-Wunused-parameter]
  471 |            curl_off_t ultotal, curl_off_t ulnow) -> int {
      |                                ~~~~~~~~~~~^~~~~
/mnt/d/Dev/Friendly-LwM2M-Client/src/objects/advanced_firmware_update_object.cpp: In member function ‘bool lwm2m::objects::AdvancedFirmwareUpdateObject::receivePackageData(const std::vector<unsigned char>&, uint64_t, bool)’:
/mnt/d/Dev/Friendly-LwM2M-Client/src/objects/advanced_firmware_update_object.cpp:505:61: warning: unused parameter ‘isDelta’ [-Wunused-parameter]
  505 |     const std::vector<uint8_t>& data, uint64_t offset, bool isDelta) {
      |                                                        ~~~~~^~~~~~~
/mnt/d/Dev/Friendly-LwM2M-Client/src/platform/linux_platform.cpp: In function ‘std::vector<unsigned char> lwm2m::platform::linux_generic::calculateFileSHA256(const std::string&, uint64_t)’:
/mnt/d/Dev/Friendly-LwM2M-Client/src/platform/linux_platform.cpp:108:16: warning: ‘int SHA256_Init(SHA256_CTX*)’ is deprecated: Since OpenSSL 3.0 [-Wdeprecated-declarations]
  108 |     SHA256_Init(&ctx);
      |     ~~~~~~~~~~~^~~~~~
In file included from /mnt/d/Dev/Friendly-LwM2M-Client/src/platform/linux_platform.cpp:39:
/usr/include/openssl/sha.h:73:27: note: declared here
   73 | OSSL_DEPRECATEDIN_3_0 int SHA256_Init(SHA256_CTX *c);
      |                           ^~~~~~~~~~~
/mnt/d/Dev/Friendly-LwM2M-Client/src/platform/linux_platform.cpp:128:26: warning: ‘int SHA256_Update(SHA256_CTX*, const void*, size_t)’ is deprecated: Since OpenSSL 3.0 [-Wdeprecated-declarations]
  128 |             SHA256_Update(&ctx, buffer.data(), bytesRead);
      |             ~~~~~~~~~~~~~^~~~~~~~~~~~~~~~~~~~~~~~~~~~~~~~
/usr/include/openssl/sha.h:74:27: note: declared here
   74 | OSSL_DEPRECATEDIN_3_0 int SHA256_Update(SHA256_CTX *c,
      |                           ^~~~~~~~~~~~~
/mnt/d/Dev/Friendly-LwM2M-Client/src/platform/linux_platform.cpp:133:17: warning: ‘int SHA256_Final(unsigned char*, SHA256_CTX*)’ is deprecated: Since OpenSSL 3.0 [-Wdeprecated-declarations]
  133 |     SHA256_Final(hash.data(), &ctx);
      |     ~~~~~~~~~~~~^~~~~~~~~~~~~~~~~~~
/usr/include/openssl/sha.h:76:27: note: declared here
   76 | OSSL_DEPRECATEDIN_3_0 int SHA256_Final(unsigned char *md, SHA256_CTX *c);
      |                           ^~~~~~~~~~~~
/mnt/d/Dev/Friendly-LwM2M-Client/src/platform/linux_platform.cpp: In member function ‘virtual lwm2m::platform::PlatformResult lwm2m::platform::linux_generic::LinuxFlashManager::lock(const std::string&, uint64_t, uint64_t)’:
/mnt/d/Dev/Friendly-LwM2M-Client/src/platform/linux_platform.cpp:498:44: warning: unused parameter ‘device’ [-Wunused-parameter]
  498 |     PlatformResult lock(const std::string& device, uint64_t offset, uint64_t size) override {
      |                         ~~~~~~~~~~~~~~~~~~~^~~~~~
/mnt/d/Dev/Friendly-LwM2M-Client/src/platform/linux_platform.cpp:498:61: warning: unused parameter ‘offset’ [-Wunused-parameter]
  498 |     PlatformResult lock(const std::string& device, uint64_t offset, uint64_t size) override {
      |                                                    ~~~~~~~~~^~~~~~
/mnt/d/Dev/Friendly-LwM2M-Client/src/platform/linux_platform.cpp:498:78: warning: unused parameter ‘size’ [-Wunused-parameter]
  498 |     PlatformResult lock(const std::string& device, uint64_t offset, uint64_t size) override {
      |                                                                     ~~~~~~~~~^~~~
/mnt/d/Dev/Friendly-LwM2M-Client/src/platform/linux_platform.cpp: In member function ‘virtual lwm2m::platform::PlatformResult lwm2m::platform::linux_generic::LinuxFlashManager::unlock(const std::string&, uint64_t, uint64_t)’:
/mnt/d/Dev/Friendly-LwM2M-Client/src/platform/linux_platform.cpp:503:46: warning: unused parameter ‘device’ [-Wunused-parameter]
  503 |     PlatformResult unlock(const std::string& device, uint64_t offset, uint64_t size) override {
      |                           ~~~~~~~~~~~~~~~~~~~^~~~~~
/mnt/d/Dev/Friendly-LwM2M-Client/src/platform/linux_platform.cpp:503:63: warning: unused parameter ‘offset’ [-Wunused-parameter]
  503 |     PlatformResult unlock(const std::string& device, uint64_t offset, uint64_t size) override {
      |                                                      ~~~~~~~~~^~~~~~
/mnt/d/Dev/Friendly-LwM2M-Client/src/platform/linux_platform.cpp:503:80: warning: unused parameter ‘size’ [-Wunused-parameter]
  503 |     PlatformResult unlock(const std::string& device, uint64_t offset, uint64_t size) override {
      |                                                                       ~~~~~~~~~^~~~
/mnt/d/Dev/Friendly-LwM2M-Client/src/platform/linux_platform.cpp: In member function ‘virtual lwm2m::platform::PlatformResult lwm2m::platform::linux_generic::LinuxBootloaderControl::setBootAttempts(lwm2m::platform::PartitionSlot, int)’:
/mnt/d/Dev/Friendly-LwM2M-Client/src/platform/linux_platform.cpp:609:50: warning: unused parameter ‘slot’ [-Wunused-parameter]
  609 |     PlatformResult setBootAttempts(PartitionSlot slot, int attempts) override {
      |                                    ~~~~~~~~~~~~~~^~~~
/mnt/d/Dev/Friendly-LwM2M-Client/src/platform/linux_platform.cpp: In member function ‘virtual int lwm2m::platform::linux_generic::LinuxBootloaderControl::getBootAttempts(lwm2m::platform::PartitionSlot)’:
/mnt/d/Dev/Friendly-LwM2M-Client/src/platform/linux_platform.cpp:613:39: warning: unused parameter ‘slot’ [-Wunused-parameter]
  613 |     int getBootAttempts(PartitionSlot slot) override {
      |                         ~~~~~~~~~~~~~~^~~~
[ 33%] Building CXX object CMakeFiles/friendly_lwm2m.dir/wpp/registry/objects/w_10535_lan_configuration/LanConfiguration.cpp.o
/mnt/d/Dev/Friendly-LwM2M-Client/wpp/registry/objects/w_10525_wan_failover_policy/WanFailoverPolicy.cpp:57:55: warning: ISO C++11 requires at least one argument for the "..." in a variadic macro
   57 |     WPP_LOGD(TAG, "WanFailoverPolicy instance created");
      |                                                       ^
/mnt/d/Dev/Friendly-LwM2M-Client/wpp/registry/objects/w_10525_wan_failover_policy/WanFailoverPolicy.cpp:61:57: warning: ISO C++11 requires at least one argument for the "..." in a variadic macro
   61 |     WPP_LOGD(TAG, "WanFailoverPolicy instance destroyed");
      |                                                         ^
/mnt/d/Dev/Friendly-LwM2M-Client/wpp/registry/objects/w_10525_wan_failover_policy/WanFailoverPolicy.cpp:195:61: warning: ISO C++11 requires at least one argument for the "..." in a variadic macro
  195 |     WPP_LOGD(TAG, "Initializing WanFailoverPolicy resources");
      |                                                             ^
/mnt/d/Dev/Friendly-LwM2M-Client/wpp/registry/objects/w_10525_wan_failover_policy/WanFailoverPolicy.cpp:310:80: warning: ISO C++11 requires at least one argument for the "..." in a variadic macro
  310 |     WPP_LOGW(TAG, "OpenWRT build not enabled, cannot apply WAN failover policy");
      |                                                                                ^
/mnt/d/Dev/Friendly-LwM2M-Client/wpp/registry/objects/w_10525_wan_failover_policy/WanFailoverPolicy.cpp:349:69: warning: ISO C++11 requires at least one argument for the "..." in a variadic macro
  349 |     WPP_LOGW(TAG, "OpenWRT build not enabled, cannot force failover");
      |                                                                     ^
/mnt/d/Dev/Friendly-LwM2M-Client/wpp/registry/objects/w_10525_wan_failover_policy/WanFailoverPolicy.cpp:369:69: warning: ISO C++11 requires at least one argument for the "..." in a variadic macro
  369 |     WPP_LOGW(TAG, "OpenWRT build not enabled, cannot force failback");
      |                                                                     ^
/mnt/d/Dev/Friendly-LwM2M-Client/wpp/registry/objects/w_10525_wan_failover_policy/WanFailoverPolicy.cpp:383:48: warning: ISO C++11 requires at least one argument for the "..." in a variadic macro
  383 |     WPP_LOGI(TAG, "Counters reset successfully");
      |                                                ^
/mnt/d/Dev/Friendly-LwM2M-Client/wpp/registry/objects/w_10528_wifi_channel_optimization/WifiChannelOptimization.cpp:87:73: warning: ISO C++11 requires at least one argument for the "..." in a variadic macro
   87 |     WPP_LOGD(TAG, "Initializing WifiChannelOptimization resource values");
      |                                                                         ^
/mnt/d/Dev/Friendly-LwM2M-Client/wpp/registry/objects/w_10528_wifi_channel_optimization/WifiChannelOptimization.cpp:148:67: warning: ISO C++11 requires at least one argument for the "..." in a variadic macro
  148 |     WPP_LOGW(TAG, "OpenWRT build not enabled, cannot perform scan");
      |                                                                   ^
/mnt/d/Dev/Friendly-LwM2M-Client/wpp/registry/objects/w_10528_wifi_channel_optimization/WifiChannelOptimization.cpp:229:71: warning: ISO C++11 requires at least one argument for the "..." in a variadic macro
  229 |     WPP_LOGW(TAG, "OpenWRT build not enabled, cannot optimize channel");
      |                                                                       ^
/mnt/d/Dev/Friendly-LwM2M-Client/wpp/registry/objects/w_10528_wifi_channel_optimization/WifiChannelOptimization.cpp:273:66: warning: ISO C++11 requires at least one argument for the "..." in a variadic macro
  273 |     WPP_LOGW(TAG, "OpenWRT build not enabled, cannot set channel");
      |                                                                  ^
/mnt/d/Dev/Friendly-LwM2M-Client/wpp/registry/objects/w_10528_wifi_channel_optimization/WifiChannelOptimization.cpp:308:65: warning: ISO C++11 requires at least one argument for the "..." in a variadic macro
  308 |     WPP_LOGW(TAG, "OpenWRT build not enabled, cannot enable DFS");
      |                                                                 ^
/mnt/d/Dev/Friendly-LwM2M-Client/wpp/registry/objects/w_10527_wifi_client_management/WifiClientManagement.cpp:61:58: warning: ISO C++11 requires at least one argument for the "..." in a variadic macro
   61 |     WPP_LOGD(TAG, "WifiClientManagement instance created");
      |                                                          ^
/mnt/d/Dev/Friendly-LwM2M-Client/wpp/registry/objects/w_10527_wifi_client_management/WifiClientManagement.cpp:65:60: warning: ISO C++11 requires at least one argument for the "..." in a variadic macro
   65 |     WPP_LOGD(TAG, "WifiClientManagement instance destroyed");
      |                                                            ^
/mnt/d/Dev/Friendly-LwM2M-Client/wpp/registry/objects/w_10527_wifi_client_management/WifiClientManagement.cpp:119:70: warning: ISO C++11 requires at least one argument for the "..." in a variadic macro
  119 |     WPP_LOGD(TAG, "Initializing WifiClientManagement resource values");
      |                                                                      ^
/mnt/d/Dev/Friendly-LwM2M-Client/wpp/registry/objects/w_10527_wifi_client_management/WifiClientManagement.cpp:575:72: warning: ISO C++11 requires at least one argument for the "..." in a variadic macro
  575 |     WPP_LOGW(TAG, "OpenWRT build not enabled, cannot disconnect client");
      |                                                                        ^
/mnt/d/Dev/Friendly-LwM2M-Client/wpp/registry/objects/w_10527_wifi_client_management/WifiClientManagement.cpp:609:71: warning: ISO C++11 requires at least one argument for the "..." in a variadic macro
  609 |     WPP_LOGW(TAG, "OpenWRT build not enabled, cannot add to blacklist");
      |                                                                       ^
/mnt/d/Dev/Friendly-LwM2M-Client/wpp/registry/objects/w_10527_wifi_client_management/WifiClientManagement.cpp:643:71: warning: ISO C++11 requires at least one argument for the "..." in a variadic macro
  643 |     WPP_LOGW(TAG, "OpenWRT build not enabled, cannot add to whitelist");
      |                                                                       ^
/mnt/d/Dev/Friendly-LwM2M-Client/wpp/registry/objects/w_10527_wifi_client_management/WifiClientManagement.cpp:657:62: warning: ISO C++11 requires at least one argument for the "..." in a variadic macro
  657 |         WPP_LOGE(TAG, "No target band specified for steering");
      |                                                              ^
/mnt/d/Dev/Friendly-LwM2M-Client/wpp/registry/objects/w_10527_wifi_client_management/WifiClientManagement.cpp:667:67: warning: ISO C++11 requires at least one argument for the "..." in a variadic macro
  667 |     WPP_LOGW(TAG, "OpenWRT build not enabled, cannot steer client");
      |                                                                   ^
In file included from /mnt/d/Dev/Friendly-LwM2M-Client/wpp/registry/data_model/instance/observer/InstSubject.h:7,
                 from /mnt/d/Dev/Friendly-LwM2M-Client/wpp/registry/data_model/instance/Instance.h:17,
                 from /mnt/d/Dev/Friendly-LwM2M-Client/wpp/registry/objects/w_10525_wan_failover_policy/WanFailoverPolicy.h:13,
                 from /mnt/d/Dev/Friendly-LwM2M-Client/wpp/registry/objects/w_10525_wan_failover_policy/WanFailoverPolicy.cpp:6:
/mnt/d/Dev/Friendly-LwM2M-Client/wpp/registry/data_model/instance/observer/InstOpObserver.h: In member function ‘virtual void wpp::InstOpObserver::resourceWrite(wpp::Instance&, const wpp::ResLink&)’:
/mnt/d/Dev/Friendly-LwM2M-Client/wpp/registry/data_model/instance/observer/InstOpObserver.h:24:42: warning: unused parameter ‘inst’ [-Wunused-parameter]
   24 |     virtual void resourceWrite(Instance &inst, const ResLink &resource) {};
      |                                ~~~~~~~~~~^~~~
/mnt/d/Dev/Friendly-LwM2M-Client/wpp/registry/data_model/instance/observer/InstOpObserver.h:24:63: warning: unused parameter ‘resource’ [-Wunused-parameter]
   24 |     virtual void resourceWrite(Instance &inst, const ResLink &resource) {};
      |                                                ~~~~~~~~~~~~~~~^~~~~~~~
/mnt/d/Dev/Friendly-LwM2M-Client/wpp/registry/data_model/instance/observer/InstOpObserver.h: In member function ‘virtual void wpp::InstOpObserver::resourceExecute(wpp::Instance&, const wpp::ResLink&)’:
/mnt/d/Dev/Friendly-LwM2M-Client/wpp/registry/data_model/instance/observer/InstOpObserver.h:29:44: warning: unused parameter ‘inst’ [-Wunused-parameter]
   29 |     virtual void resourceExecute(Instance &inst, const ResLink &resource) {};
      |                                  ~~~~~~~~~~^~~~
/mnt/d/Dev/Friendly-LwM2M-Client/wpp/registry/data_model/instance/observer/InstOpObserver.h:29:65: warning: unused parameter ‘resource’ [-Wunused-parameter]
   29 |     virtual void resourceExecute(Instance &inst, const ResLink &resource) {};
      |                                                  ~~~~~~~~~~~~~~~^~~~~~~~
In file included from /mnt/d/Dev/Friendly-LwM2M-Client/wpp/registry/data_model/instance/observer/InstSubject.h:8:
/mnt/d/Dev/Friendly-LwM2M-Client/wpp/registry/data_model/instance/observer/InstEventObserver.h: In member function ‘virtual void wpp::InstEventObserver::instEvent(wpp::Instance&, wpp::EVENT_ID_T)’:
/mnt/d/Dev/Friendly-LwM2M-Client/wpp/registry/data_model/instance/observer/InstEventObserver.h:25:38: warning: unused parameter ‘inst’ [-Wunused-parameter]
   25 |     virtual void instEvent(Instance &inst, EVENT_ID_T eventId) {};
      |                            ~~~~~~~~~~^~~~
/mnt/d/Dev/Friendly-LwM2M-Client/wpp/registry/data_model/instance/observer/InstEventObserver.h:25:55: warning: unused parameter ‘eventId’ [-Wunused-parameter]
   25 |     virtual void instEvent(Instance &inst, EVENT_ID_T eventId) {};
      |                                            ~~~~~~~~~~~^~~~~~~
/mnt/d/Dev/Friendly-LwM2M-Client/src/platform/openwrt_platform.cpp: At global scope:
/mnt/d/Dev/Friendly-LwM2M-Client/src/platform/openwrt_platform.cpp:151:29: warning: ‘std::vector<unsigned char> lwm2m::platform::openwrt::calculateSHA256(const std::vector<unsigned char>&)’ defined but not used [-Wunused-function]
  151 | static std::vector<uint8_t> calculateSHA256(const std::vector<uint8_t>& data) {
      |                             ^~~~~~~~~~~~~~~
In file included from /mnt/d/Dev/Friendly-LwM2M-Client/wpp/registry/data_model/object/observer/ObjSubject.h:7,
                 from /mnt/d/Dev/Friendly-LwM2M-Client/wpp/registry/data_model/object/Object.h:14,
                 from /mnt/d/Dev/Friendly-LwM2M-Client/wpp/registry/data_model/object/ObjectImpl.h:11,
                 from /mnt/d/Dev/Friendly-LwM2M-Client/wpp/registry/WppRegistry.h:12,
                 from /mnt/d/Dev/Friendly-LwM2M-Client/wpp/client/WppClient.h:16,
                 from /mnt/d/Dev/Friendly-LwM2M-Client/wpp/registry/objects/w_10525_wan_failover_policy/WanFailoverPolicy.cpp:7:
/mnt/d/Dev/Friendly-LwM2M-Client/wpp/registry/data_model/object/observer/ObjOpObserver.h: In member function ‘virtual void wpp::ObjOpObserver::instanceCreated(wpp::Object&, wpp::ID_T)’:
/mnt/d/Dev/Friendly-LwM2M-Client/wpp/registry/data_model/object/observer/ObjOpObserver.h:30:42: warning: unused parameter ‘object’ [-Wunused-parameter]
   30 |     virtual void instanceCreated(Object &object, ID_T instanceId) {};
      |                                  ~~~~~~~~^~~~~~
/mnt/d/Dev/Friendly-LwM2M-Client/wpp/registry/data_model/object/observer/ObjOpObserver.h:30:55: warning: unused parameter ‘instanceId’ [-Wunused-parameter]
   30 |     virtual void instanceCreated(Object &object, ID_T instanceId) {};
      |                                                  ~~~~~^~~~~~~~~~
/mnt/d/Dev/Friendly-LwM2M-Client/wpp/registry/data_model/object/observer/ObjOpObserver.h: In member function ‘virtual void wpp::ObjOpObserver::instanceDeleting(wpp::Object&, wpp::ID_T)’:
/mnt/d/Dev/Friendly-LwM2M-Client/wpp/registry/data_model/object/observer/ObjOpObserver.h:41:43: warning: unused parameter ‘object’ [-Wunused-parameter]
   41 |     virtual void instanceDeleting(Object &object, ID_T instanceId) {};
      |                                   ~~~~~~~~^~~~~~
/mnt/d/Dev/Friendly-LwM2M-Client/wpp/registry/data_model/object/observer/ObjOpObserver.h:41:56: warning: unused parameter ‘instanceId’ [-Wunused-parameter]
   41 |     virtual void instanceDeleting(Object &object, ID_T instanceId) {};
      |                                                   ~~~~~^~~~~~~~~~
/mnt/d/Dev/Friendly-LwM2M-Client/wpp/registry/objects/w_10526_multiwan_health_check/MultiWanHealthCheck.cpp:332:43: warning: ISO C++11 requires at least one argument for the "..." in a variadic macro
  332 |         WPP_LOGD(TAG, "ICMP probe timeout");
      |                                           ^
/mnt/d/Dev/Friendly-LwM2M-Client/wpp/registry/objects/w_10526_multiwan_health_check/MultiWanHealthCheck.cpp:396:52: warning: ISO C++11 requires at least one argument for the "..." in a variadic macro
  396 |         WPP_LOGD(TAG, "HTTP probe timeout or error");
      |                                                    ^
/mnt/d/Dev/Friendly-LwM2M-Client/wpp/registry/objects/w_10526_multiwan_health_check/MultiWanHealthCheck.cpp:467:42: warning: ISO C++11 requires at least one argument for the "..." in a variadic macro
  467 |         WPP_LOGD(TAG, "DNS probe timeout");
      |                                          ^
/mnt/d/Dev/Friendly-LwM2M-Client/wpp/registry/objects/w_10526_multiwan_health_check/MultiWanHealthCheck.cpp:523:51: warning: ISO C++11 requires at least one argument for the "..." in a variadic macro
  523 |         WPP_LOGD(TAG, "TCP probe timeout or error");
      |                                                   ^
[ 34%] Building CXX object CMakeFiles/friendly_lwm2m.dir/wpp/registry/objects/w_10536_routing_table/RoutingTable.cpp.o
In file included from /mnt/d/Dev/Friendly-LwM2M-Client/wpp/registry/data_model/instance/observer/InstSubject.h:7,
                 from /mnt/d/Dev/Friendly-LwM2M-Client/wpp/registry/data_model/instance/Instance.h:17,
                 from /mnt/d/Dev/Friendly-LwM2M-Client/wpp/registry/objects/w_10528_wifi_channel_optimization/WifiChannelOptimization.h:13,
                 from /mnt/d/Dev/Friendly-LwM2M-Client/wpp/registry/objects/w_10528_wifi_channel_optimization/WifiChannelOptimization.cpp:6:
/mnt/d/Dev/Friendly-LwM2M-Client/wpp/registry/data_model/instance/observer/InstOpObserver.h: In member function ‘virtual void wpp::InstOpObserver::resourceWrite(wpp::Instance&, const wpp::ResLink&)’:
/mnt/d/Dev/Friendly-LwM2M-Client/wpp/registry/data_model/instance/observer/InstOpObserver.h:24:42: warning: unused parameter ‘inst’ [-Wunused-parameter]
   24 |     virtual void resourceWrite(Instance &inst, const ResLink &resource) {};
      |                                ~~~~~~~~~~^~~~
/mnt/d/Dev/Friendly-LwM2M-Client/wpp/registry/data_model/instance/observer/InstOpObserver.h:24:63: warning: unused parameter ‘resource’ [-Wunused-parameter]
   24 |     virtual void resourceWrite(Instance &inst, const ResLink &resource) {};
      |                                                ~~~~~~~~~~~~~~~^~~~~~~~
/mnt/d/Dev/Friendly-LwM2M-Client/wpp/registry/data_model/instance/observer/InstOpObserver.h: In member function ‘virtual void wpp::InstOpObserver::resourceExecute(wpp::Instance&, const wpp::ResLink&)’:
/mnt/d/Dev/Friendly-LwM2M-Client/wpp/registry/data_model/instance/observer/InstOpObserver.h:29:44: warning: unused parameter ‘inst’ [-Wunused-parameter]
   29 |     virtual void resourceExecute(Instance &inst, const ResLink &resource) {};
      |                                  ~~~~~~~~~~^~~~
/mnt/d/Dev/Friendly-LwM2M-Client/wpp/registry/data_model/instance/observer/InstOpObserver.h:29:65: warning: unused parameter ‘resource’ [-Wunused-parameter]
   29 |     virtual void resourceExecute(Instance &inst, const ResLink &resource) {};
      |                                                  ~~~~~~~~~~~~~~~^~~~~~~~
In file included from /mnt/d/Dev/Friendly-LwM2M-Client/wpp/registry/data_model/instance/observer/InstSubject.h:8:
/mnt/d/Dev/Friendly-LwM2M-Client/wpp/registry/data_model/instance/observer/InstEventObserver.h: In member function ‘virtual void wpp::InstEventObserver::instEvent(wpp::Instance&, wpp::EVENT_ID_T)’:
/mnt/d/Dev/Friendly-LwM2M-Client/wpp/registry/data_model/instance/observer/InstEventObserver.h:25:38: warning: unused parameter ‘inst’ [-Wunused-parameter]
   25 |     virtual void instEvent(Instance &inst, EVENT_ID_T eventId) {};
      |                            ~~~~~~~~~~^~~~
/mnt/d/Dev/Friendly-LwM2M-Client/wpp/registry/data_model/instance/observer/InstEventObserver.h:25:55: warning: unused parameter ‘eventId’ [-Wunused-parameter]
   25 |     virtual void instEvent(Instance &inst, EVENT_ID_T eventId) {};
      |                                            ~~~~~~~~~~~^~~~~~~
/mnt/d/Dev/Friendly-LwM2M-Client/src/platform/linux_platform.cpp: At global scope:
/mnt/d/Dev/Friendly-LwM2M-Client/src/platform/linux_platform.cpp:96:13: warning: ‘bool lwm2m::platform::linux_generic::writeFile(const std::string&, const std::string&)’ defined but not used [-Wunused-function]
   96 | static bool writeFile(const std::string& path, const std::string& content) {
      |             ^~~~~~~~~
[ 35%] Building CXX object CMakeFiles/friendly_lwm2m.dir/wpp/registry/objects/w_10537_vpn_configuration/VpnConfiguration.cpp.o
In file included from /mnt/d/Dev/Friendly-LwM2M-Client/wpp/registry/data_model/object/observer/ObjSubject.h:7,
                 from /mnt/d/Dev/Friendly-LwM2M-Client/wpp/registry/data_model/object/Object.h:14,
                 from /mnt/d/Dev/Friendly-LwM2M-Client/wpp/registry/data_model/object/ObjectImpl.h:11,
                 from /mnt/d/Dev/Friendly-LwM2M-Client/wpp/registry/WppRegistry.h:12,
                 from /mnt/d/Dev/Friendly-LwM2M-Client/wpp/client/WppClient.h:16,
                 from /mnt/d/Dev/Friendly-LwM2M-Client/wpp/registry/objects/w_10528_wifi_channel_optimization/WifiChannelOptimization.cpp:7:
/mnt/d/Dev/Friendly-LwM2M-Client/wpp/registry/data_model/object/observer/ObjOpObserver.h: In member function ‘virtual void wpp::ObjOpObserver::instanceCreated(wpp::Object&, wpp::ID_T)’:
/mnt/d/Dev/Friendly-LwM2M-Client/wpp/registry/data_model/object/observer/ObjOpObserver.h:30:42: warning: unused parameter ‘object’ [-Wunused-parameter]
   30 |     virtual void instanceCreated(Object &object, ID_T instanceId) {};
      |                                  ~~~~~~~~^~~~~~
/mnt/d/Dev/Friendly-LwM2M-Client/wpp/registry/data_model/object/observer/ObjOpObserver.h:30:55: warning: unused parameter ‘instanceId’ [-Wunused-parameter]
   30 |     virtual void instanceCreated(Object &object, ID_T instanceId) {};
      |                                                  ~~~~~^~~~~~~~~~
/mnt/d/Dev/Friendly-LwM2M-Client/wpp/registry/data_model/object/observer/ObjOpObserver.h: In member function ‘virtual void wpp::ObjOpObserver::instanceDeleting(wpp::Object&, wpp::ID_T)’:
/mnt/d/Dev/Friendly-LwM2M-Client/wpp/registry/data_model/object/observer/ObjOpObserver.h:41:43: warning: unused parameter ‘object’ [-Wunused-parameter]
   41 |     virtual void instanceDeleting(Object &object, ID_T instanceId) {};
      |                                   ~~~~~~~~^~~~~~
/mnt/d/Dev/Friendly-LwM2M-Client/wpp/registry/data_model/object/observer/ObjOpObserver.h:41:56: warning: unused parameter ‘instanceId’ [-Wunused-parameter]
   41 |     virtual void instanceDeleting(Object &object, ID_T instanceId) {};
      |                                                   ~~~~~^~~~~~~~~~
In file included from /mnt/d/Dev/Friendly-LwM2M-Client/wpp/registry/data_model/instance/observer/InstSubject.h:7,
                 from /mnt/d/Dev/Friendly-LwM2M-Client/wpp/registry/data_model/instance/Instance.h:17,
                 from /mnt/d/Dev/Friendly-LwM2M-Client/wpp/registry/objects/w_10527_wifi_client_management/WifiClientManagement.h:13,
                 from /mnt/d/Dev/Friendly-LwM2M-Client/wpp/registry/objects/w_10527_wifi_client_management/WifiClientManagement.cpp:6:
/mnt/d/Dev/Friendly-LwM2M-Client/wpp/registry/data_model/instance/observer/InstOpObserver.h: In member function ‘virtual void wpp::InstOpObserver::resourceWrite(wpp::Instance&, const wpp::ResLink&)’:
/mnt/d/Dev/Friendly-LwM2M-Client/wpp/registry/data_model/instance/observer/InstOpObserver.h:24:42: warning: unused parameter ‘inst’ [-Wunused-parameter]
   24 |     virtual void resourceWrite(Instance &inst, const ResLink &resource) {};
      |                                ~~~~~~~~~~^~~~
/mnt/d/Dev/Friendly-LwM2M-Client/wpp/registry/data_model/instance/observer/InstOpObserver.h:24:63: warning: unused parameter ‘resource’ [-Wunused-parameter]
   24 |     virtual void resourceWrite(Instance &inst, const ResLink &resource) {};
      |                                                ~~~~~~~~~~~~~~~^~~~~~~~
/mnt/d/Dev/Friendly-LwM2M-Client/wpp/registry/data_model/instance/observer/InstOpObserver.h: In member function ‘virtual void wpp::InstOpObserver::resourceExecute(wpp::Instance&, const wpp::ResLink&)’:
/mnt/d/Dev/Friendly-LwM2M-Client/wpp/registry/data_model/instance/observer/InstOpObserver.h:29:44: warning: unused parameter ‘inst’ [-Wunused-parameter]
   29 |     virtual void resourceExecute(Instance &inst, const ResLink &resource) {};
      |                                  ~~~~~~~~~~^~~~
/mnt/d/Dev/Friendly-LwM2M-Client/wpp/registry/data_model/instance/observer/InstOpObserver.h:29:65: warning: unused parameter ‘resource’ [-Wunused-parameter]
   29 |     virtual void resourceExecute(Instance &inst, const ResLink &resource) {};
      |                                                  ~~~~~~~~~~~~~~~^~~~~~~~
In file included from /mnt/d/Dev/Friendly-LwM2M-Client/wpp/registry/data_model/instance/observer/InstSubject.h:8:
/mnt/d/Dev/Friendly-LwM2M-Client/wpp/registry/data_model/instance/observer/InstEventObserver.h: In member function ‘virtual void wpp::InstEventObserver::instEvent(wpp::Instance&, wpp::EVENT_ID_T)’:
/mnt/d/Dev/Friendly-LwM2M-Client/wpp/registry/data_model/instance/observer/InstEventObserver.h:25:38: warning: unused parameter ‘inst’ [-Wunused-parameter]
   25 |     virtual void instEvent(Instance &inst, EVENT_ID_T eventId) {};
      |                            ~~~~~~~~~~^~~~
/mnt/d/Dev/Friendly-LwM2M-Client/wpp/registry/data_model/instance/observer/InstEventObserver.h:25:55: warning: unused parameter ‘eventId’ [-Wunused-parameter]
   25 |     virtual void instEvent(Instance &inst, EVENT_ID_T eventId) {};
      |                                            ~~~~~~~~~~~^~~~~~~
In file included from /mnt/d/Dev/Friendly-LwM2M-Client/wpp/registry/data_model/object/observer/ObjSubject.h:7,
                 from /mnt/d/Dev/Friendly-LwM2M-Client/wpp/registry/data_model/object/Object.h:14,
                 from /mnt/d/Dev/Friendly-LwM2M-Client/wpp/registry/data_model/object/ObjectImpl.h:11,
                 from /mnt/d/Dev/Friendly-LwM2M-Client/wpp/registry/WppRegistry.h:12,
                 from /mnt/d/Dev/Friendly-LwM2M-Client/wpp/client/WppClient.h:16,
                 from /mnt/d/Dev/Friendly-LwM2M-Client/wpp/registry/objects/w_10527_wifi_client_management/WifiClientManagement.cpp:7:
/mnt/d/Dev/Friendly-LwM2M-Client/wpp/registry/data_model/object/observer/ObjOpObserver.h: In member function ‘virtual void wpp::ObjOpObserver::instanceCreated(wpp::Object&, wpp::ID_T)’:
/mnt/d/Dev/Friendly-LwM2M-Client/wpp/registry/data_model/object/observer/ObjOpObserver.h:30:42: warning: unused parameter ‘object’ [-Wunused-parameter]
   30 |     virtual void instanceCreated(Object &object, ID_T instanceId) {};
      |                                  ~~~~~~~~^~~~~~
/mnt/d/Dev/Friendly-LwM2M-Client/wpp/registry/data_model/object/observer/ObjOpObserver.h:30:55: warning: unused parameter ‘instanceId’ [-Wunused-parameter]
   30 |     virtual void instanceCreated(Object &object, ID_T instanceId) {};
      |                                                  ~~~~~^~~~~~~~~~
/mnt/d/Dev/Friendly-LwM2M-Client/wpp/registry/data_model/object/observer/ObjOpObserver.h: In member function ‘virtual void wpp::ObjOpObserver::instanceDeleting(wpp::Object&, wpp::ID_T)’:
/mnt/d/Dev/Friendly-LwM2M-Client/wpp/registry/data_model/object/observer/ObjOpObserver.h:41:43: warning: unused parameter ‘object’ [-Wunused-parameter]
   41 |     virtual void instanceDeleting(Object &object, ID_T instanceId) {};
      |                                   ~~~~~~~~^~~~~~
/mnt/d/Dev/Friendly-LwM2M-Client/wpp/registry/data_model/object/observer/ObjOpObserver.h:41:56: warning: unused parameter ‘instanceId’ [-Wunused-parameter]
   41 |     virtual void instanceDeleting(Object &object, ID_T instanceId) {};
      |                                                   ~~~~~^~~~~~~~~~
In file included from /mnt/d/Dev/Friendly-LwM2M-Client/wpp/registry/data_model/instance/observer/InstSubject.h:7,
                 from /mnt/d/Dev/Friendly-LwM2M-Client/wpp/registry/data_model/instance/Instance.h:17,
                 from /mnt/d/Dev/Friendly-LwM2M-Client/wpp/registry/objects/w_10526_multiwan_health_check/MultiWanHealthCheck.h:13,
                 from /mnt/d/Dev/Friendly-LwM2M-Client/wpp/registry/objects/w_10526_multiwan_health_check/MultiWanHealthCheck.cpp:6:
/mnt/d/Dev/Friendly-LwM2M-Client/wpp/registry/data_model/instance/observer/InstOpObserver.h: In member function ‘virtual void wpp::InstOpObserver::resourceWrite(wpp::Instance&, const wpp::ResLink&)’:
/mnt/d/Dev/Friendly-LwM2M-Client/wpp/registry/data_model/instance/observer/InstOpObserver.h:24:42: warning: unused parameter ‘inst’ [-Wunused-parameter]
   24 |     virtual void resourceWrite(Instance &inst, const ResLink &resource) {};
      |                                ~~~~~~~~~~^~~~
/mnt/d/Dev/Friendly-LwM2M-Client/wpp/registry/data_model/instance/observer/InstOpObserver.h:24:63: warning: unused parameter ‘resource’ [-Wunused-parameter]
   24 |     virtual void resourceWrite(Instance &inst, const ResLink &resource) {};
      |                                                ~~~~~~~~~~~~~~~^~~~~~~~
/mnt/d/Dev/Friendly-LwM2M-Client/wpp/registry/data_model/instance/observer/InstOpObserver.h: In member function ‘virtual void wpp::InstOpObserver::resourceExecute(wpp::Instance&, const wpp::ResLink&)’:
/mnt/d/Dev/Friendly-LwM2M-Client/wpp/registry/data_model/instance/observer/InstOpObserver.h:29:44: warning: unused parameter ‘inst’ [-Wunused-parameter]
   29 |     virtual void resourceExecute(Instance &inst, const ResLink &resource) {};
      |                                  ~~~~~~~~~~^~~~
/mnt/d/Dev/Friendly-LwM2M-Client/wpp/registry/data_model/instance/observer/InstOpObserver.h:29:65: warning: unused parameter ‘resource’ [-Wunused-parameter]
   29 |     virtual void resourceExecute(Instance &inst, const ResLink &resource) {};
      |                                                  ~~~~~~~~~~~~~~~^~~~~~~~
In file included from /mnt/d/Dev/Friendly-LwM2M-Client/wpp/registry/data_model/instance/observer/InstSubject.h:8:
/mnt/d/Dev/Friendly-LwM2M-Client/wpp/registry/data_model/instance/observer/InstEventObserver.h: In member function ‘virtual void wpp::InstEventObserver::instEvent(wpp::Instance&, wpp::EVENT_ID_T)’:
/mnt/d/Dev/Friendly-LwM2M-Client/wpp/registry/data_model/instance/observer/InstEventObserver.h:25:38: warning: unused parameter ‘inst’ [-Wunused-parameter]
   25 |     virtual void instEvent(Instance &inst, EVENT_ID_T eventId) {};
      |                            ~~~~~~~~~~^~~~
/mnt/d/Dev/Friendly-LwM2M-Client/wpp/registry/data_model/instance/observer/InstEventObserver.h:25:55: warning: unused parameter ‘eventId’ [-Wunused-parameter]
   25 |     virtual void instEvent(Instance &inst, EVENT_ID_T eventId) {};
      |                                            ~~~~~~~~~~~^~~~~~~
In file included from /mnt/d/Dev/Friendly-LwM2M-Client/wpp/registry/data_model/object/observer/ObjSubject.h:7,
                 from /mnt/d/Dev/Friendly-LwM2M-Client/wpp/registry/data_model/object/Object.h:14,
                 from /mnt/d/Dev/Friendly-LwM2M-Client/wpp/registry/data_model/object/ObjectImpl.h:11,
                 from /mnt/d/Dev/Friendly-LwM2M-Client/wpp/registry/WppRegistry.h:12,
                 from /mnt/d/Dev/Friendly-LwM2M-Client/wpp/client/WppClient.h:16,
                 from /mnt/d/Dev/Friendly-LwM2M-Client/wpp/registry/objects/w_10526_multiwan_health_check/MultiWanHealthCheck.cpp:7:
/mnt/d/Dev/Friendly-LwM2M-Client/wpp/registry/data_model/object/observer/ObjOpObserver.h: In member function ‘virtual void wpp::ObjOpObserver::instanceCreated(wpp::Object&, wpp::ID_T)’:
/mnt/d/Dev/Friendly-LwM2M-Client/wpp/registry/data_model/object/observer/ObjOpObserver.h:30:42: warning: unused parameter ‘object’ [-Wunused-parameter]
   30 |     virtual void instanceCreated(Object &object, ID_T instanceId) {};
      |                                  ~~~~~~~~^~~~~~
/mnt/d/Dev/Friendly-LwM2M-Client/wpp/registry/data_model/object/observer/ObjOpObserver.h:30:55: warning: unused parameter ‘instanceId’ [-Wunused-parameter]
   30 |     virtual void instanceCreated(Object &object, ID_T instanceId) {};
      |                                                  ~~~~~^~~~~~~~~~
/mnt/d/Dev/Friendly-LwM2M-Client/wpp/registry/data_model/object/observer/ObjOpObserver.h: In member function ‘virtual void wpp::ObjOpObserver::instanceDeleting(wpp::Object&, wpp::ID_T)’:
/mnt/d/Dev/Friendly-LwM2M-Client/wpp/registry/data_model/object/observer/ObjOpObserver.h:41:43: warning: unused parameter ‘object’ [-Wunused-parameter]
   41 |     virtual void instanceDeleting(Object &object, ID_T instanceId) {};
      |                                   ~~~~~~~~^~~~~~
/mnt/d/Dev/Friendly-LwM2M-Client/wpp/registry/data_model/object/observer/ObjOpObserver.h:41:56: warning: unused parameter ‘instanceId’ [-Wunused-parameter]
   41 |     virtual void instanceDeleting(Object &object, ID_T instanceId) {};
      |                                                   ~~~~~^~~~~~~~~~
/mnt/d/Dev/Friendly-LwM2M-Client/wpp/registry/objects/w_10525_wan_failover_policy/WanFailoverPolicy.cpp: In member function ‘virtual void wpp::WanFailoverPolicy::serverOperationNotifier(wpp::Instance*, wpp::ItemOp::TYPE, const wpp::ResLink&)’:
/mnt/d/Dev/Friendly-LwM2M-Client/wpp/registry/objects/w_10525_wan_failover_policy/WanFailoverPolicy.cpp:64:59: warning: unused parameter ‘securityInst’ [-Wunused-parameter]
   64 | void WanFailoverPolicy::serverOperationNotifier(Instance *securityInst, ItemOp::TYPE type, const ResLink &resLink) {
      |                                                 ~~~~~~~~~~^~~~~~~~~~~~
/mnt/d/Dev/Friendly-LwM2M-Client/wpp/registry/objects/w_10525_wan_failover_policy/WanFailoverPolicy.cpp: In static member function ‘static bool wpp::WanFailoverPolicy::applyPolicy(wpp::Instance&, wpp::ID_T, const wpp::OPAQUE_T&)’:
/mnt/d/Dev/Friendly-LwM2M-Client/wpp/registry/objects/w_10525_wan_failover_policy/WanFailoverPolicy.cpp:239:58: warning: unused parameter ‘resId’ [-Wunused-parameter]
  239 | bool WanFailoverPolicy::applyPolicy(Instance& inst, ID_T resId, const OPAQUE_T& data) {
      |                                                     ~~~~~^~~~~
/mnt/d/Dev/Friendly-LwM2M-Client/wpp/registry/objects/w_10525_wan_failover_policy/WanFailoverPolicy.cpp:239:81: warning: unused parameter ‘data’ [-Wunused-parameter]
  239 | bool WanFailoverPolicy::applyPolicy(Instance& inst, ID_T resId, const OPAQUE_T& data) {
      |                                                                 ~~~~~~~~~~~~~~~~^~~~
/mnt/d/Dev/Friendly-LwM2M-Client/wpp/registry/objects/w_10525_wan_failover_policy/WanFailoverPolicy.cpp: In static member function ‘static bool wpp::WanFailoverPolicy::forceFailover(wpp::Instance&, wpp::ID_T, const wpp::OPAQUE_T&)’:
/mnt/d/Dev/Friendly-LwM2M-Client/wpp/registry/objects/w_10525_wan_failover_policy/WanFailoverPolicy.cpp:318:24: warning: unused variable ‘policy’ [-Wunused-variable]
  318 |     WanFailoverPolicy& policy = static_cast<WanFailoverPolicy&>(inst);
      |                        ^~~~~~
/mnt/d/Dev/Friendly-LwM2M-Client/wpp/registry/objects/w_10525_wan_failover_policy/WanFailoverPolicy.cpp:317:60: warning: unused parameter ‘resId’ [-Wunused-parameter]
  317 | bool WanFailoverPolicy::forceFailover(Instance& inst, ID_T resId, const OPAQUE_T& data) {
      |                                                       ~~~~~^~~~~
/mnt/d/Dev/Friendly-LwM2M-Client/wpp/registry/objects/w_10525_wan_failover_policy/WanFailoverPolicy.cpp:317:83: warning: unused parameter ‘data’ [-Wunused-parameter]
  317 | bool WanFailoverPolicy::forceFailover(Instance& inst, ID_T resId, const OPAQUE_T& data) {
      |                                                                   ~~~~~~~~~~~~~~~~^~~~
/mnt/d/Dev/Friendly-LwM2M-Client/wpp/registry/objects/w_10525_wan_failover_policy/WanFailoverPolicy.cpp: In static member function ‘static bool wpp::WanFailoverPolicy::forceFailback(wpp::Instance&, wpp::ID_T, const wpp::OPAQUE_T&)’:
/mnt/d/Dev/Friendly-LwM2M-Client/wpp/registry/objects/w_10525_wan_failover_policy/WanFailoverPolicy.cpp:356:24: warning: unused variable ‘policy’ [-Wunused-variable]
  356 |     WanFailoverPolicy& policy = static_cast<WanFailoverPolicy&>(inst);
      |                        ^~~~~~
/mnt/d/Dev/Friendly-LwM2M-Client/wpp/registry/objects/w_10525_wan_failover_policy/WanFailoverPolicy.cpp:355:60: warning: unused parameter ‘resId’ [-Wunused-parameter]
  355 | bool WanFailoverPolicy::forceFailback(Instance& inst, ID_T resId, const OPAQUE_T& data) {
      |                                                       ~~~~~^~~~~
/mnt/d/Dev/Friendly-LwM2M-Client/wpp/registry/objects/w_10525_wan_failover_policy/WanFailoverPolicy.cpp:355:83: warning: unused parameter ‘data’ [-Wunused-parameter]
  355 | bool WanFailoverPolicy::forceFailback(Instance& inst, ID_T resId, const OPAQUE_T& data) {
      |                                                                   ~~~~~~~~~~~~~~~~^~~~
/mnt/d/Dev/Friendly-LwM2M-Client/wpp/registry/objects/w_10525_wan_failover_policy/WanFailoverPolicy.cpp: In static member function ‘static bool wpp::WanFailoverPolicy::resetCounters(wpp::Instance&, wpp::ID_T, const wpp::OPAQUE_T&)’:
/mnt/d/Dev/Friendly-LwM2M-Client/wpp/registry/objects/w_10525_wan_failover_policy/WanFailoverPolicy.cpp:375:60: warning: unused parameter ‘resId’ [-Wunused-parameter]
  375 | bool WanFailoverPolicy::resetCounters(Instance& inst, ID_T resId, const OPAQUE_T& data) {
      |                                                       ~~~~~^~~~~
/mnt/d/Dev/Friendly-LwM2M-Client/wpp/registry/objects/w_10525_wan_failover_policy/WanFailoverPolicy.cpp:375:83: warning: unused parameter ‘data’ [-Wunused-parameter]
  375 | bool WanFailoverPolicy::resetCounters(Instance& inst, ID_T resId, const OPAQUE_T& data) {
      |                                                                   ~~~~~~~~~~~~~~~~^~~~
/mnt/d/Dev/Friendly-LwM2M-Client/wpp/registry/objects/w_10525_wan_failover_policy/WanFailoverPolicy.cpp: In member function ‘bool wpp::WanFailoverPolicy::checkInterfaceStatus(const std::string&)’:
/mnt/d/Dev/Friendly-LwM2M-Client/wpp/registry/objects/w_10525_wan_failover_policy/WanFailoverPolicy.cpp:591:65: warning: unused parameter ‘ifname’ [-Wunused-parameter]
  591 | bool WanFailoverPolicy::checkInterfaceStatus(const std::string& ifname) {
      |                                              ~~~~~~~~~~~~~~~~~~~^~~~~~
/mnt/d/Dev/Friendly-LwM2M-Client/wpp/registry/objects/w_10525_wan_failover_policy/WanFailoverPolicy.cpp: In member function ‘bool wpp::WanFailoverPolicy::triggerFailover(const std::string&, const std::string&)’:
/mnt/d/Dev/Friendly-LwM2M-Client/wpp/registry/objects/w_10525_wan_failover_policy/WanFailoverPolicy.cpp:612:60: warning: unused parameter ‘fromInterface’ [-Wunused-parameter]
  612 | bool WanFailoverPolicy::triggerFailover(const std::string& fromInterface, const std::string& toInterface) {
      |                                         ~~~~~~~~~~~~~~~~~~~^~~~~~~~~~~~~
/mnt/d/Dev/Friendly-LwM2M-Client/wpp/registry/objects/w_10525_wan_failover_policy/WanFailoverPolicy.cpp:612:94: warning: unused parameter ‘toInterface’ [-Wunused-parameter]
  612 | bool WanFailoverPolicy::triggerFailover(const std::string& fromInterface, const std::string& toInterface) {
      |                                                                           ~~~~~~~~~~~~~~~~~~~^~~~~~~~~~~
/mnt/d/Dev/Friendly-LwM2M-Client/wpp/registry/objects/w_10528_wifi_channel_optimization/WifiChannelOptimization.cpp: In static member function ‘static bool wpp::WifiChannelOptimization::scanNow(wpp::Instance&, wpp::ID_T, const wpp::OPAQUE_T&)’:
/mnt/d/Dev/Friendly-LwM2M-Client/wpp/registry/objects/w_10528_wifi_channel_optimization/WifiChannelOptimization.cpp:129:30: warning: unused variable ‘wifi’ [-Wunused-variable]
  129 |     WifiChannelOptimization& wifi = static_cast<WifiChannelOptimization&>(inst);
      |                              ^~~~
/mnt/d/Dev/Friendly-LwM2M-Client/wpp/registry/objects/w_10528_wifi_channel_optimization/WifiChannelOptimization.cpp:128:60: warning: unused parameter ‘resId’ [-Wunused-parameter]
  128 | bool WifiChannelOptimization::scanNow(Instance& inst, ID_T resId, const OPAQUE_T& data) {
      |                                                       ~~~~~^~~~~
/mnt/d/Dev/Friendly-LwM2M-Client/wpp/registry/objects/w_10528_wifi_channel_optimization/WifiChannelOptimization.cpp:128:83: warning: unused parameter ‘data’ [-Wunused-parameter]
  128 | bool WifiChannelOptimization::scanNow(Instance& inst, ID_T resId, const OPAQUE_T& data) {
      |                                                                   ~~~~~~~~~~~~~~~~^~~~
/mnt/d/Dev/Friendly-LwM2M-Client/wpp/registry/objects/w_10528_wifi_channel_optimization/WifiChannelOptimization.cpp: In static member function ‘static bool wpp::WifiChannelOptimization::optimizeChannel(wpp::Instance&, wpp::ID_T, const wpp::OPAQUE_T&)’:
/mnt/d/Dev/Friendly-LwM2M-Client/wpp/registry/objects/w_10528_wifi_channel_optimization/WifiChannelOptimization.cpp:155:30: warning: unused variable ‘wifi’ [-Wunused-variable]
  155 |     WifiChannelOptimization& wifi = static_cast<WifiChannelOptimization&>(inst);
      |                              ^~~~
/mnt/d/Dev/Friendly-LwM2M-Client/wpp/registry/objects/w_10528_wifi_channel_optimization/WifiChannelOptimization.cpp:154:68: warning: unused parameter ‘resId’ [-Wunused-parameter]
  154 | bool WifiChannelOptimization::optimizeChannel(Instance& inst, ID_T resId, const OPAQUE_T& data) {
      |                                                               ~~~~~^~~~~
/mnt/d/Dev/Friendly-LwM2M-Client/wpp/registry/objects/w_10528_wifi_channel_optimization/WifiChannelOptimization.cpp:154:91: warning: unused parameter ‘data’ [-Wunused-parameter]
  154 | bool WifiChannelOptimization::optimizeChannel(Instance& inst, ID_T resId, const OPAQUE_T& data) {
      |                                                                           ~~~~~~~~~~~~~~~~^~~~
/mnt/d/Dev/Friendly-LwM2M-Client/wpp/registry/objects/w_10528_wifi_channel_optimization/WifiChannelOptimization.cpp: In static member function ‘static bool wpp::WifiChannelOptimization::setChannel(wpp::Instance&, wpp::ID_T, const wpp::OPAQUE_T&)’:
/mnt/d/Dev/Friendly-LwM2M-Client/wpp/registry/objects/w_10528_wifi_channel_optimization/WifiChannelOptimization.cpp:235:63: warning: unused parameter ‘resId’ [-Wunused-parameter]
  235 | bool WifiChannelOptimization::setChannel(Instance& inst, ID_T resId, const OPAQUE_T& data) {
      |                                                          ~~~~~^~~~~
/mnt/d/Dev/Friendly-LwM2M-Client/wpp/registry/objects/w_10528_wifi_channel_optimization/WifiChannelOptimization.cpp: In static member function ‘static bool wpp::WifiChannelOptimization::enableDFS(wpp::Instance&, wpp::ID_T, const wpp::OPAQUE_T&)’:
/mnt/d/Dev/Friendly-LwM2M-Client/wpp/registry/objects/w_10528_wifi_channel_optimization/WifiChannelOptimization.cpp:280:30: warning: unused variable ‘wifi’ [-Wunused-variable]
  280 |     WifiChannelOptimization& wifi = static_cast<WifiChannelOptimization&>(inst);
      |                              ^~~~
/mnt/d/Dev/Friendly-LwM2M-Client/wpp/registry/objects/w_10528_wifi_channel_optimization/WifiChannelOptimization.cpp:279:62: warning: unused parameter ‘resId’ [-Wunused-parameter]
  279 | bool WifiChannelOptimization::enableDFS(Instance& inst, ID_T resId, const OPAQUE_T& data) {
      |                                                         ~~~~~^~~~~
/mnt/d/Dev/Friendly-LwM2M-Client/wpp/registry/objects/w_10528_wifi_channel_optimization/WifiChannelOptimization.cpp:279:85: warning: unused parameter ‘data’ [-Wunused-parameter]
  279 | bool WifiChannelOptimization::enableDFS(Instance& inst, ID_T resId, const OPAQUE_T& data) {
      |                                                                     ~~~~~~~~~~~~~~~~^~~~
/mnt/d/Dev/Friendly-LwM2M-Client/wpp/registry/objects/w_10528_wifi_channel_optimization/WifiChannelOptimization.cpp: In member function ‘bool wpp::WifiChannelOptimization::applyChannelChange(int, int)’:
/mnt/d/Dev/Friendly-LwM2M-Client/wpp/registry/objects/w_10528_wifi_channel_optimization/WifiChannelOptimization.cpp:503:54: warning: unused parameter ‘channel’ [-Wunused-parameter]
  503 | bool WifiChannelOptimization::applyChannelChange(int channel, int width) {
      |                                                  ~~~~^~~~~~~
/mnt/d/Dev/Friendly-LwM2M-Client/wpp/registry/objects/w_10528_wifi_channel_optimization/WifiChannelOptimization.cpp:503:67: warning: unused parameter ‘width’ [-Wunused-parameter]
  503 | bool WifiChannelOptimization::applyChannelChange(int channel, int width) {
      |                                                               ~~~~^~~~~
/mnt/d/Dev/Friendly-LwM2M-Client/wpp/registry/objects/w_10528_wifi_channel_optimization/WifiChannelOptimization.cpp: In member function ‘int wpp::WifiChannelOptimization::detectNeighboringAPs(int)’:
/mnt/d/Dev/Friendly-LwM2M-Client/wpp/registry/objects/w_10528_wifi_channel_optimization/WifiChannelOptimization.cpp:672:55: warning: unused parameter ‘channel’ [-Wunused-parameter]
  672 | int WifiChannelOptimization::detectNeighboringAPs(int channel) {
      |                                                   ~~~~^~~~~~~
/mnt/d/Dev/Friendly-LwM2M-Client/wpp/registry/objects/w_10528_wifi_channel_optimization/WifiChannelOptimization.cpp: In member function ‘bool wpp::WifiChannelOptimization::setWirelessConfig(int, int)’:
/mnt/d/Dev/Friendly-LwM2M-Client/wpp/registry/objects/w_10528_wifi_channel_optimization/WifiChannelOptimization.cpp:871:53: warning: unused parameter ‘channel’ [-Wunused-parameter]
  871 | bool WifiChannelOptimization::setWirelessConfig(int channel, int width) {
      |                                                 ~~~~^~~~~~~
/mnt/d/Dev/Friendly-LwM2M-Client/wpp/registry/objects/w_10528_wifi_channel_optimization/WifiChannelOptimization.cpp:871:66: warning: unused parameter ‘width’ [-Wunused-parameter]
  871 | bool WifiChannelOptimization::setWirelessConfig(int channel, int width) {
      |                                                              ~~~~^~~~~
/mnt/d/Dev/Friendly-LwM2M-Client/wpp/registry/objects/w_10527_wifi_client_management/WifiClientManagement.cpp: In static member function ‘static void wpp::WifiClientManagement::enumerateClients(wpp::WppClient&)’:
/mnt/d/Dev/Friendly-LwM2M-Client/wpp/registry/objects/w_10527_wifi_client_management/WifiClientManagement.cpp:483:56: warning: unused parameter ‘ctx’ [-Wunused-parameter]
  483 | void WifiClientManagement::enumerateClients(WppClient& ctx) {
      |                                             ~~~~~~~~~~~^~~
/mnt/d/Dev/Friendly-LwM2M-Client/wpp/registry/objects/w_10527_wifi_client_management/WifiClientManagement.cpp: In static member function ‘static bool wpp::WifiClientManagement::disconnectClient(wpp::Instance&, wpp::ID_T, const wpp::OPAQUE_T&)’:
/mnt/d/Dev/Friendly-LwM2M-Client/wpp/registry/objects/w_10527_wifi_client_management/WifiClientManagement.cpp:556:27: warning: unused variable ‘client’ [-Wunused-variable]
  556 |     WifiClientManagement& client = static_cast<WifiClientManagement&>(inst);
      |                           ^~~~~~
/mnt/d/Dev/Friendly-LwM2M-Client/wpp/registry/objects/w_10527_wifi_client_management/WifiClientManagement.cpp:555:66: warning: unused parameter ‘resId’ [-Wunused-parameter]
  555 | bool WifiClientManagement::disconnectClient(Instance& inst, ID_T resId, const OPAQUE_T& data) {
      |                                                             ~~~~~^~~~~
/mnt/d/Dev/Friendly-LwM2M-Client/wpp/registry/objects/w_10527_wifi_client_management/WifiClientManagement.cpp:555:89: warning: unused parameter ‘data’ [-Wunused-parameter]
  555 | bool WifiClientManagement::disconnectClient(Instance& inst, ID_T resId, const OPAQUE_T& data) {
      |                                                                         ~~~~~~~~~~~~~~~~^~~~
/mnt/d/Dev/Friendly-LwM2M-Client/wpp/registry/objects/w_10527_wifi_client_management/WifiClientManagement.cpp: In static member function ‘static bool wpp::WifiClientManagement::addToBlacklist(wpp::Instance&, wpp::ID_T, const wpp::OPAQUE_T&)’:
/mnt/d/Dev/Friendly-LwM2M-Client/wpp/registry/objects/w_10527_wifi_client_management/WifiClientManagement.cpp:582:27: warning: unused variable ‘client’ [-Wunused-variable]
  582 |     WifiClientManagement& client = static_cast<WifiClientManagement&>(inst);
      |                           ^~~~~~
/mnt/d/Dev/Friendly-LwM2M-Client/wpp/registry/objects/w_10527_wifi_client_management/WifiClientManagement.cpp:581:64: warning: unused parameter ‘resId’ [-Wunused-parameter]
  581 | bool WifiClientManagement::addToBlacklist(Instance& inst, ID_T resId, const OPAQUE_T& data) {
      |                                                           ~~~~~^~~~~
/mnt/d/Dev/Friendly-LwM2M-Client/wpp/registry/objects/w_10527_wifi_client_management/WifiClientManagement.cpp:581:87: warning: unused parameter ‘data’ [-Wunused-parameter]
  581 | bool WifiClientManagement::addToBlacklist(Instance& inst, ID_T resId, const OPAQUE_T& data) {
      |                                                                       ~~~~~~~~~~~~~~~~^~~~
/mnt/d/Dev/Friendly-LwM2M-Client/wpp/registry/objects/w_10527_wifi_client_management/WifiClientManagement.cpp: In static member function ‘static bool wpp::WifiClientManagement::addToWhitelist(wpp::Instance&, wpp::ID_T, const wpp::OPAQUE_T&)’:
/mnt/d/Dev/Friendly-LwM2M-Client/wpp/registry/objects/w_10527_wifi_client_management/WifiClientManagement.cpp:616:27: warning: unused variable ‘client’ [-Wunused-variable]
  616 |     WifiClientManagement& client = static_cast<WifiClientManagement&>(inst);
      |                           ^~~~~~
/mnt/d/Dev/Friendly-LwM2M-Client/wpp/registry/objects/w_10527_wifi_client_management/WifiClientManagement.cpp:615:64: warning: unused parameter ‘resId’ [-Wunused-parameter]
  615 | bool WifiClientManagement::addToWhitelist(Instance& inst, ID_T resId, const OPAQUE_T& data) {
      |                                                           ~~~~~^~~~~
/mnt/d/Dev/Friendly-LwM2M-Client/wpp/registry/objects/w_10527_wifi_client_management/WifiClientManagement.cpp:615:87: warning: unused parameter ‘data’ [-Wunused-parameter]
  615 | bool WifiClientManagement::addToWhitelist(Instance& inst, ID_T resId, const OPAQUE_T& data) {
      |                                                                       ~~~~~~~~~~~~~~~~^~~~
/mnt/d/Dev/Friendly-LwM2M-Client/wpp/registry/objects/w_10527_wifi_client_management/WifiClientManagement.cpp: In static member function ‘static bool wpp::WifiClientManagement::steerToBand(wpp::Instance&, wpp::ID_T, const wpp::OPAQUE_T&)’:
/mnt/d/Dev/Friendly-LwM2M-Client/wpp/registry/objects/w_10527_wifi_client_management/WifiClientManagement.cpp:650:27: warning: unused variable ‘client’ [-Wunused-variable]
  650 |     WifiClientManagement& client = static_cast<WifiClientManagement&>(inst);
      |                           ^~~~~~
/mnt/d/Dev/Friendly-LwM2M-Client/wpp/registry/objects/w_10527_wifi_client_management/WifiClientManagement.cpp:649:61: warning: unused parameter ‘resId’ [-Wunused-parameter]
  649 | bool WifiClientManagement::steerToBand(Instance& inst, ID_T resId, const OPAQUE_T& data) {
      |                                                        ~~~~~^~~~~
/mnt/d/Dev/Friendly-LwM2M-Client/wpp/registry/objects/w_10527_wifi_client_management/WifiClientManagement.cpp: In member function ‘bool wpp::WifiClientManagement::sendBssTransitionRequest(const std::string&, const std::string&)’:
/mnt/d/Dev/Friendly-LwM2M-Client/wpp/registry/objects/w_10527_wifi_client_management/WifiClientManagement.cpp:673:72: warning: unused parameter ‘mac’ [-Wunused-parameter]
  673 | bool WifiClientManagement::sendBssTransitionRequest(const std::string& mac, const std::string& targetBand) {
      |                                                     ~~~~~~~~~~~~~~~~~~~^~~
/mnt/d/Dev/Friendly-LwM2M-Client/wpp/registry/objects/w_10527_wifi_client_management/WifiClientManagement.cpp:673:96: warning: unused parameter ‘targetBand’ [-Wunused-parameter]
  673 | bool WifiClientManagement::sendBssTransitionRequest(const std::string& mac, const std::string& targetBand) {
      |                                                                             ~~~~~~~~~~~~~~~~~~~^~~~~~~~~~
/mnt/d/Dev/Friendly-LwM2M-Client/wpp/registry/objects/w_10527_wifi_client_management/WifiClientManagement.cpp: In member function ‘bool wpp::WifiClientManagement::executeHostapdCommand(const std::string&, const std::string&)’:
/mnt/d/Dev/Friendly-LwM2M-Client/wpp/registry/objects/w_10527_wifi_client_management/WifiClientManagement.cpp:696:69: warning: unused parameter ‘interface’ [-Wunused-parameter]
  696 | bool WifiClientManagement::executeHostapdCommand(const std::string& interface,
      |                                                  ~~~~~~~~~~~~~~~~~~~^~~~~~~~~
/mnt/d/Dev/Friendly-LwM2M-Client/wpp/registry/objects/w_10527_wifi_client_management/WifiClientManagement.cpp:697:70: warning: unused parameter ‘command’ [-Wunused-parameter]
  697 |                                                   const std::string& command) {
      |                                                   ~~~~~~~~~~~~~~~~~~~^~~~~~~
/mnt/d/Dev/Friendly-LwM2M-Client/wpp/registry/objects/w_10527_wifi_client_management/WifiClientManagement.cpp: In member function ‘std::string wpp::WifiClientManagement::getClientIPFromMAC(const std::string&)’:
/mnt/d/Dev/Friendly-LwM2M-Client/wpp/registry/objects/w_10527_wifi_client_management/WifiClientManagement.cpp:731:73: warning: unused parameter ‘mac’ [-Wunused-parameter]
  731 | std::string WifiClientManagement::getClientIPFromMAC(const std::string& mac) {
      |                                                      ~~~~~~~~~~~~~~~~~~~^~~
/mnt/d/Dev/Friendly-LwM2M-Client/wpp/registry/objects/w_10527_wifi_client_management/WifiClientManagement.cpp: In member function ‘std::string wpp::WifiClientManagement::getClientHostnameFromMAC(const std::string&)’:
/mnt/d/Dev/Friendly-LwM2M-Client/wpp/registry/objects/w_10527_wifi_client_management/WifiClientManagement.cpp:769:79: warning: unused parameter ‘mac’ [-Wunused-parameter]
  769 | std::string WifiClientManagement::getClientHostnameFromMAC(const std::string& mac) {
      |                                                            ~~~~~~~~~~~~~~~~~~~^~~
/mnt/d/Dev/Friendly-LwM2M-Client/wpp/registry/objects/w_10526_multiwan_health_check/MultiWanHealthCheck.cpp: In static member function ‘static bool wpp::MultiWanHealthCheck::startProbing(wpp::Instance&, wpp::ID_T, const wpp::OPAQUE_T&)’:
/mnt/d/Dev/Friendly-LwM2M-Client/wpp/registry/objects/w_10526_multiwan_health_check/MultiWanHealthCheck.cpp:134:61: warning: unused parameter ‘resId’ [-Wunused-parameter]
  134 | bool MultiWanHealthCheck::startProbing(Instance& inst, ID_T resId, const OPAQUE_T& data) {
      |                                                        ~~~~~^~~~~
/mnt/d/Dev/Friendly-LwM2M-Client/wpp/registry/objects/w_10526_multiwan_health_check/MultiWanHealthCheck.cpp:134:84: warning: unused parameter ‘data’ [-Wunused-parameter]
  134 | bool MultiWanHealthCheck::startProbing(Instance& inst, ID_T resId, const OPAQUE_T& data) {
      |                                                                    ~~~~~~~~~~~~~~~~^~~~
/mnt/d/Dev/Friendly-LwM2M-Client/wpp/registry/objects/w_10526_multiwan_health_check/MultiWanHealthCheck.cpp: In static member function ‘static bool wpp::MultiWanHealthCheck::stopProbing(wpp::Instance&, wpp::ID_T, const wpp::OPAQUE_T&)’:
/mnt/d/Dev/Friendly-LwM2M-Client/wpp/registry/objects/w_10526_multiwan_health_check/MultiWanHealthCheck.cpp:147:60: warning: unused parameter ‘resId’ [-Wunused-parameter]
  147 | bool MultiWanHealthCheck::stopProbing(Instance& inst, ID_T resId, const OPAQUE_T& data) {
      |                                                       ~~~~~^~~~~
/mnt/d/Dev/Friendly-LwM2M-Client/wpp/registry/objects/w_10526_multiwan_health_check/MultiWanHealthCheck.cpp:147:83: warning: unused parameter ‘data’ [-Wunused-parameter]
  147 | bool MultiWanHealthCheck::stopProbing(Instance& inst, ID_T resId, const OPAQUE_T& data) {
      |                                                                   ~~~~~~~~~~~~~~~~^~~~
/mnt/d/Dev/Friendly-LwM2M-Client/wpp/registry/objects/w_10526_multiwan_health_check/MultiWanHealthCheck.cpp: In static member function ‘static bool wpp::MultiWanHealthCheck::forceCheck(wpp::Instance&, wpp::ID_T, const wpp::OPAQUE_T&)’:
/mnt/d/Dev/Friendly-LwM2M-Client/wpp/registry/objects/w_10526_multiwan_health_check/MultiWanHealthCheck.cpp:159:59: warning: unused parameter ‘resId’ [-Wunused-parameter]
  159 | bool MultiWanHealthCheck::forceCheck(Instance& inst, ID_T resId, const OPAQUE_T& data) {
      |                                                      ~~~~~^~~~~
/mnt/d/Dev/Friendly-LwM2M-Client/wpp/registry/objects/w_10526_multiwan_health_check/MultiWanHealthCheck.cpp:159:82: warning: unused parameter ‘data’ [-Wunused-parameter]
  159 | bool MultiWanHealthCheck::forceCheck(Instance& inst, ID_T resId, const OPAQUE_T& data) {
      |                                                                  ~~~~~~~~~~~~~~~~^~~~
/mnt/d/Dev/Friendly-LwM2M-Client/wpp/registry/objects/w_10526_multiwan_health_check/MultiWanHealthCheck.cpp: In static member function ‘static bool wpp::MultiWanHealthCheck::resetStats(wpp::Instance&, wpp::ID_T, const wpp::OPAQUE_T&)’:
/mnt/d/Dev/Friendly-LwM2M-Client/wpp/registry/objects/w_10526_multiwan_health_check/MultiWanHealthCheck.cpp:171:59: warning: unused parameter ‘resId’ [-Wunused-parameter]
  171 | bool MultiWanHealthCheck::resetStats(Instance& inst, ID_T resId, const OPAQUE_T& data) {
      |                                                      ~~~~~^~~~~
/mnt/d/Dev/Friendly-LwM2M-Client/wpp/registry/objects/w_10526_multiwan_health_check/MultiWanHealthCheck.cpp:171:82: warning: unused parameter ‘data’ [-Wunused-parameter]
  171 | bool MultiWanHealthCheck::resetStats(Instance& inst, ID_T resId, const OPAQUE_T& data) {
      |                                                                  ~~~~~~~~~~~~~~~~^~~~
/mnt/d/Dev/Friendly-LwM2M-Client/wpp/registry/objects/w_10526_multiwan_health_check/MultiWanHealthCheck.cpp: In member function ‘bool wpp::MultiWanHealthCheck::probeICMP(const std::string&, int, double&)’:
/mnt/d/Dev/Friendly-LwM2M-Client/wpp/registry/objects/w_10526_multiwan_health_check/MultiWanHealthCheck.cpp:306:25: warning: unused variable ‘addr’ [-Wunused-variable]
  306 |     struct sockaddr_in* addr = (struct sockaddr_in*)result->ai_addr;
      |                         ^~~~
[ 35%] Built target test_dtls_providers
[ 35%] Built target test_dtls_integration
/mnt/d/Dev/Friendly-LwM2M-Client/wpp/registry/objects/w_10529_matter_bridge/MatterBridge.cpp:79:62: warning: ISO C++11 requires at least one argument for the "..." in a variadic macro
   79 |     WPP_LOGD(TAG, "Initializing MatterBridge resource values");
      |                                                              ^
/mnt/d/Dev/Friendly-LwM2M-Client/wpp/registry/objects/w_10529_matter_bridge/MatterBridge.cpp:105:63: warning: ISO C++11 requires at least one argument for the "..." in a variadic macro
  105 |         WPP_LOGE(TAG, "Failed to initialize Matter controller");
      |                                                               ^
/mnt/d/Dev/Friendly-LwM2M-Client/wpp/registry/objects/w_10529_matter_bridge/MatterBridge.cpp:116:44: warning: ISO C++11 requires at least one argument for the "..." in a variadic macro
  116 |     WPP_LOGD(TAG, "Commissioning device...");
      |                                            ^
/mnt/d/Dev/Friendly-LwM2M-Client/wpp/registry/objects/w_10529_matter_bridge/MatterBridge.cpp:121:52: warning: ISO C++11 requires at least one argument for the "..." in a variadic macro
  121 |         WPP_LOGE(TAG, "Empty commissioning payload");
      |                                                    ^
/mnt/d/Dev/Friendly-LwM2M-Client/wpp/registry/objects/w_10529_matter_bridge/MatterBridge.cpp:156:66: warning: ISO C++11 requires at least one argument for the "..." in a variadic macro
  156 |     WPP_LOGD(TAG, "Matter SDK not available - stub commissioning");
      |                                                                  ^
/mnt/d/Dev/Friendly-LwM2M-Client/wpp/registry/objects/w_10529_matter_bridge/MatterBridge.cpp:167:39: warning: ISO C++11 requires at least one argument for the "..." in a variadic macro
  167 |     WPP_LOGD(TAG, "Removing device...");
      |                                       ^
/mnt/d/Dev/Friendly-LwM2M-Client/wpp/registry/objects/w_10529_matter_bridge/MatterBridge.cpp:172:38: warning: ISO C++11 requires at least one argument for the "..." in a variadic macro
  172 |         WPP_LOGE(TAG, "Empty node ID");
      |                                      ^
/mnt/d/Dev/Friendly-LwM2M-Client/wpp/registry/objects/w_10529_matter_bridge/MatterBridge.cpp:193:59: warning: ISO C++11 requires at least one argument for the "..." in a variadic macro
  193 |     WPP_LOGD(TAG, "Matter SDK not available - stub remove");
      |                                                           ^
/mnt/d/Dev/Friendly-LwM2M-Client/wpp/registry/objects/w_10529_matter_bridge/MatterBridge.cpp:206:49: warning: ISO C++11 requires at least one argument for the "..." in a variadic macro
  206 |     WPP_LOGD(TAG, "Starting device discovery...");
      |                                                 ^
/mnt/d/Dev/Friendly-LwM2M-Client/wpp/registry/objects/w_10529_matter_bridge/MatterBridge.cpp:225:62: warning: ISO C++11 requires at least one argument for the "..." in a variadic macro
  225 |     WPP_LOGD(TAG, "Matter SDK not available - stub discovery");
      |                                                              ^
/mnt/d/Dev/Friendly-LwM2M-Client/wpp/registry/objects/w_10529_matter_bridge/MatterBridge.cpp:234:53: warning: ISO C++11 requires at least one argument for the "..." in a variadic macro
  234 |     WPP_LOGD(TAG, "Enabling Thread Border Router...");
      |                                                     ^
/mnt/d/Dev/Friendly-LwM2M-Client/wpp/registry/objects/w_10529_matter_bridge/MatterBridge.cpp:237:62: warning: ISO C++11 requires at least one argument for the "..." in a variadic macro
  237 |         WPP_LOGE(TAG, "Failed to enable Thread Border Router");
      |                                                              ^
/mnt/d/Dev/Friendly-LwM2M-Client/wpp/registry/objects/w_10529_matter_bridge/MatterBridge.cpp:249:54: warning: ISO C++11 requires at least one argument for the "..." in a variadic macro
  249 |     WPP_LOGD(TAG, "Initializing Matter controller...");
      |                                                      ^
/mnt/d/Dev/Friendly-LwM2M-Client/wpp/registry/objects/w_10529_matter_bridge/MatterBridge.cpp:280:58: warning: ISO C++11 requires at least one argument for the "..." in a variadic macro
  280 |     WPP_LOGD(TAG, "Matter SDK not available - using stub");
      |                                                          ^
/mnt/d/Dev/Friendly-LwM2M-Client/wpp/registry/objects/w_10529_matter_bridge/MatterBridge.cpp:346:62: warning: ISO C++11 requires at least one argument for the "..." in a variadic macro
  346 |     WPP_LOGD(TAG, "Matter SDK not available - stub Thread BR");
      |                                                              ^
In file included from /mnt/d/Dev/Friendly-LwM2M-Client/wpp/registry/data_model/instance/observer/InstSubject.h:7,
                 from /mnt/d/Dev/Friendly-LwM2M-Client/wpp/registry/data_model/instance/Instance.h:17,
                 from /mnt/d/Dev/Friendly-LwM2M-Client/wpp/registry/objects/w_10529_matter_bridge/MatterBridge.h:13,
                 from /mnt/d/Dev/Friendly-LwM2M-Client/wpp/registry/objects/w_10529_matter_bridge/MatterBridge.cpp:6:
/mnt/d/Dev/Friendly-LwM2M-Client/wpp/registry/data_model/instance/observer/InstOpObserver.h: In member function ‘virtual void wpp::InstOpObserver::resourceWrite(wpp::Instance&, const wpp::ResLink&)’:
/mnt/d/Dev/Friendly-LwM2M-Client/wpp/registry/data_model/instance/observer/InstOpObserver.h:24:42: warning: unused parameter ‘inst’ [-Wunused-parameter]
   24 |     virtual void resourceWrite(Instance &inst, const ResLink &resource) {};
      |                                ~~~~~~~~~~^~~~
/mnt/d/Dev/Friendly-LwM2M-Client/wpp/registry/data_model/instance/observer/InstOpObserver.h:24:63: warning: unused parameter ‘resource’ [-Wunused-parameter]
   24 |     virtual void resourceWrite(Instance &inst, const ResLink &resource) {};
      |                                                ~~~~~~~~~~~~~~~^~~~~~~~
/mnt/d/Dev/Friendly-LwM2M-Client/wpp/registry/data_model/instance/observer/InstOpObserver.h: In member function ‘virtual void wpp::InstOpObserver::resourceExecute(wpp::Instance&, const wpp::ResLink&)’:
/mnt/d/Dev/Friendly-LwM2M-Client/wpp/registry/data_model/instance/observer/InstOpObserver.h:29:44: warning: unused parameter ‘inst’ [-Wunused-parameter]
   29 |     virtual void resourceExecute(Instance &inst, const ResLink &resource) {};
      |                                  ~~~~~~~~~~^~~~
/mnt/d/Dev/Friendly-LwM2M-Client/wpp/registry/data_model/instance/observer/InstOpObserver.h:29:65: warning: unused parameter ‘resource’ [-Wunused-parameter]
   29 |     virtual void resourceExecute(Instance &inst, const ResLink &resource) {};
      |                                                  ~~~~~~~~~~~~~~~^~~~~~~~
In file included from /mnt/d/Dev/Friendly-LwM2M-Client/wpp/registry/data_model/instance/observer/InstSubject.h:8:
/mnt/d/Dev/Friendly-LwM2M-Client/wpp/registry/data_model/instance/observer/InstEventObserver.h: In member function ‘virtual void wpp::InstEventObserver::instEvent(wpp::Instance&, wpp::EVENT_ID_T)’:
/mnt/d/Dev/Friendly-LwM2M-Client/wpp/registry/data_model/instance/observer/InstEventObserver.h:25:38: warning: unused parameter ‘inst’ [-Wunused-parameter]
   25 |     virtual void instEvent(Instance &inst, EVENT_ID_T eventId) {};
      |                            ~~~~~~~~~~^~~~
/mnt/d/Dev/Friendly-LwM2M-Client/wpp/registry/data_model/instance/observer/InstEventObserver.h:25:55: warning: unused parameter ‘eventId’ [-Wunused-parameter]
   25 |     virtual void instEvent(Instance &inst, EVENT_ID_T eventId) {};
      |                                            ~~~~~~~~~~~^~~~~~~
In file included from /mnt/d/Dev/Friendly-LwM2M-Client/wpp/registry/data_model/object/observer/ObjSubject.h:7,
                 from /mnt/d/Dev/Friendly-LwM2M-Client/wpp/registry/data_model/object/Object.h:14,
                 from /mnt/d/Dev/Friendly-LwM2M-Client/wpp/registry/data_model/object/ObjectImpl.h:11,
                 from /mnt/d/Dev/Friendly-LwM2M-Client/wpp/registry/WppRegistry.h:12,
                 from /mnt/d/Dev/Friendly-LwM2M-Client/wpp/client/WppClient.h:16,
                 from /mnt/d/Dev/Friendly-LwM2M-Client/wpp/registry/objects/w_10529_matter_bridge/MatterBridge.cpp:7:
/mnt/d/Dev/Friendly-LwM2M-Client/wpp/registry/data_model/object/observer/ObjOpObserver.h: In member function ‘virtual void wpp::ObjOpObserver::instanceCreated(wpp::Object&, wpp::ID_T)’:
/mnt/d/Dev/Friendly-LwM2M-Client/wpp/registry/data_model/object/observer/ObjOpObserver.h:30:42: warning: unused parameter ‘object’ [-Wunused-parameter]
   30 |     virtual void instanceCreated(Object &object, ID_T instanceId) {};
      |                                  ~~~~~~~~^~~~~~
/mnt/d/Dev/Friendly-LwM2M-Client/wpp/registry/data_model/object/observer/ObjOpObserver.h:30:55: warning: unused parameter ‘instanceId’ [-Wunused-parameter]
   30 |     virtual void instanceCreated(Object &object, ID_T instanceId) {};
      |                                                  ~~~~~^~~~~~~~~~
/mnt/d/Dev/Friendly-LwM2M-Client/wpp/registry/data_model/object/observer/ObjOpObserver.h: In member function ‘virtual void wpp::ObjOpObserver::instanceDeleting(wpp::Object&, wpp::ID_T)’:
/mnt/d/Dev/Friendly-LwM2M-Client/wpp/registry/data_model/object/observer/ObjOpObserver.h:41:43: warning: unused parameter ‘object’ [-Wunused-parameter]
   41 |     virtual void instanceDeleting(Object &object, ID_T instanceId) {};
      |                                   ~~~~~~~~^~~~~~
/mnt/d/Dev/Friendly-LwM2M-Client/wpp/registry/data_model/object/observer/ObjOpObserver.h:41:56: warning: unused parameter ‘instanceId’ [-Wunused-parameter]
   41 |     virtual void instanceDeleting(Object &object, ID_T instanceId) {};
      |                                                   ~~~~~^~~~~~~~~~
/mnt/d/Dev/Friendly-LwM2M-Client/wpp/registry/objects/w_10530_matter_device/MatterDevice.cpp:87:62: warning: ISO C++11 requires at least one argument for the "..." in a variadic macro
   87 |     WPP_LOGD(TAG, "Initializing MatterDevice resource values");
      |                                                              ^
/mnt/d/Dev/Friendly-LwM2M-Client/wpp/registry/objects/w_10530_matter_device/MatterDevice.cpp:180:64: warning: ISO C++11 requires at least one argument for the "..." in a variadic macro
  180 |     WPP_LOGD(TAG, "Matter SDK not available - stub interaction");
      |                                                                ^
/mnt/d/Dev/Friendly-LwM2M-Client/wpp/registry/objects/w_10530_matter_device/MatterDevice.cpp:211:57: warning: ISO C++11 requires at least one argument for the "..." in a variadic macro
  211 |     WPP_LOGD(TAG, "Matter SDK not available - stub read");
      |                                                         ^
/mnt/d/Dev/Friendly-LwM2M-Client/wpp/registry/objects/w_10530_matter_device/MatterDevice.cpp:252:58: warning: ISO C++11 requires at least one argument for the "..." in a variadic macro
  252 |     WPP_LOGD(TAG, "Matter SDK not available - stub write");
      |                                                          ^
/mnt/d/Dev/Friendly-LwM2M-Client/wpp/registry/objects/w_10530_matter_device/MatterDevice.cpp:294:60: warning: ISO C++11 requires at least one argument for the "..." in a variadic macro
  294 |     WPP_LOGD(TAG, "Matter SDK not available - stub command");
      |                                                            ^
/mnt/d/Dev/Friendly-LwM2M-Client/wpp/registry/objects/w_10529_matter_bridge/MatterBridge.cpp: In static member function ‘static bool wpp::MatterBridge::commissionDevice(wpp::Instance&, wpp::ID_T, const wpp::OPAQUE_T&)’:
/mnt/d/Dev/Friendly-LwM2M-Client/wpp/registry/objects/w_10529_matter_bridge/MatterBridge.cpp:114:58: warning: unused parameter ‘resId’ [-Wunused-parameter]
  114 | bool MatterBridge::commissionDevice(Instance& inst, ID_T resId, const OPAQUE_T& data) {
      |                                                     ~~~~~^~~~~
/mnt/d/Dev/Friendly-LwM2M-Client/wpp/registry/objects/w_10529_matter_bridge/MatterBridge.cpp: In static member function ‘static bool wpp::MatterBridge::removeDevice(wpp::Instance&, wpp::ID_T, const wpp::OPAQUE_T&)’:
/mnt/d/Dev/Friendly-LwM2M-Client/wpp/registry/objects/w_10529_matter_bridge/MatterBridge.cpp:165:54: warning: unused parameter ‘resId’ [-Wunused-parameter]
  165 | bool MatterBridge::removeDevice(Instance& inst, ID_T resId, const OPAQUE_T& data) {
      |                                                 ~~~~~^~~~~
/mnt/d/Dev/Friendly-LwM2M-Client/wpp/registry/objects/w_10529_matter_bridge/MatterBridge.cpp: In static member function ‘static bool wpp::MatterBridge::discoverDevices(wpp::Instance&, wpp::ID_T, const wpp::OPAQUE_T&)’:
/mnt/d/Dev/Friendly-LwM2M-Client/wpp/registry/objects/w_10529_matter_bridge/MatterBridge.cpp:204:57: warning: unused parameter ‘resId’ [-Wunused-parameter]
  204 | bool MatterBridge::discoverDevices(Instance& inst, ID_T resId, const OPAQUE_T& data) {
      |                                                    ~~~~~^~~~~
/mnt/d/Dev/Friendly-LwM2M-Client/wpp/registry/objects/w_10529_matter_bridge/MatterBridge.cpp:204:80: warning: unused parameter ‘data’ [-Wunused-parameter]
  204 | bool MatterBridge::discoverDevices(Instance& inst, ID_T resId, const OPAQUE_T& data) {
      |                                                                ~~~~~~~~~~~~~~~~^~~~
/mnt/d/Dev/Friendly-LwM2M-Client/wpp/registry/objects/w_10529_matter_bridge/MatterBridge.cpp: In static member function ‘static bool wpp::MatterBridge::enableThreadBR(wpp::Instance&, wpp::ID_T, const wpp::OPAQUE_T&)’:
/mnt/d/Dev/Friendly-LwM2M-Client/wpp/registry/objects/w_10529_matter_bridge/MatterBridge.cpp:232:56: warning: unused parameter ‘resId’ [-Wunused-parameter]
  232 | bool MatterBridge::enableThreadBR(Instance& inst, ID_T resId, const OPAQUE_T& data) {
      |                                                   ~~~~~^~~~~
/mnt/d/Dev/Friendly-LwM2M-Client/wpp/registry/objects/w_10529_matter_bridge/MatterBridge.cpp:232:79: warning: unused parameter ‘data’ [-Wunused-parameter]
  232 | bool MatterBridge::enableThreadBR(Instance& inst, ID_T resId, const OPAQUE_T& data) {
      |                                                               ~~~~~~~~~~~~~~~~^~~~
In file included from /mnt/d/Dev/Friendly-LwM2M-Client/wpp/registry/data_model/instance/observer/InstSubject.h:7,
                 from /mnt/d/Dev/Friendly-LwM2M-Client/wpp/registry/data_model/instance/Instance.h:17,
                 from /mnt/d/Dev/Friendly-LwM2M-Client/wpp/registry/objects/w_10530_matter_device/MatterDevice.h:13,
                 from /mnt/d/Dev/Friendly-LwM2M-Client/wpp/registry/objects/w_10530_matter_device/MatterDevice.cpp:6:
/mnt/d/Dev/Friendly-LwM2M-Client/wpp/registry/data_model/instance/observer/InstOpObserver.h: In member function ‘virtual void wpp::InstOpObserver::resourceWrite(wpp::Instance&, const wpp::ResLink&)’:
/mnt/d/Dev/Friendly-LwM2M-Client/wpp/registry/data_model/instance/observer/InstOpObserver.h:24:42: warning: unused parameter ‘inst’ [-Wunused-parameter]
   24 |     virtual void resourceWrite(Instance &inst, const ResLink &resource) {};
      |                                ~~~~~~~~~~^~~~
/mnt/d/Dev/Friendly-LwM2M-Client/wpp/registry/data_model/instance/observer/InstOpObserver.h:24:63: warning: unused parameter ‘resource’ [-Wunused-parameter]
   24 |     virtual void resourceWrite(Instance &inst, const ResLink &resource) {};
      |                                                ~~~~~~~~~~~~~~~^~~~~~~~
/mnt/d/Dev/Friendly-LwM2M-Client/wpp/registry/data_model/instance/observer/InstOpObserver.h: In member function ‘virtual void wpp::InstOpObserver::resourceExecute(wpp::Instance&, const wpp::ResLink&)’:
/mnt/d/Dev/Friendly-LwM2M-Client/wpp/registry/data_model/instance/observer/InstOpObserver.h:29:44: warning: unused parameter ‘inst’ [-Wunused-parameter]
   29 |     virtual void resourceExecute(Instance &inst, const ResLink &resource) {};
      |                                  ~~~~~~~~~~^~~~
/mnt/d/Dev/Friendly-LwM2M-Client/wpp/registry/data_model/instance/observer/InstOpObserver.h:29:65: warning: unused parameter ‘resource’ [-Wunused-parameter]
   29 |     virtual void resourceExecute(Instance &inst, const ResLink &resource) {};
      |                                                  ~~~~~~~~~~~~~~~^~~~~~~~
In file included from /mnt/d/Dev/Friendly-LwM2M-Client/wpp/registry/data_model/instance/observer/InstSubject.h:8:
/mnt/d/Dev/Friendly-LwM2M-Client/wpp/registry/data_model/instance/observer/InstEventObserver.h: In member function ‘virtual void wpp::InstEventObserver::instEvent(wpp::Instance&, wpp::EVENT_ID_T)’:
/mnt/d/Dev/Friendly-LwM2M-Client/wpp/registry/data_model/instance/observer/InstEventObserver.h:25:38: warning: unused parameter ‘inst’ [-Wunused-parameter]
   25 |     virtual void instEvent(Instance &inst, EVENT_ID_T eventId) {};
      |                            ~~~~~~~~~~^~~~
/mnt/d/Dev/Friendly-LwM2M-Client/wpp/registry/data_model/instance/observer/InstEventObserver.h:25:55: warning: unused parameter ‘eventId’ [-Wunused-parameter]
   25 |     virtual void instEvent(Instance &inst, EVENT_ID_T eventId) {};
      |                                            ~~~~~~~~~~~^~~~~~~
In file included from /mnt/d/Dev/Friendly-LwM2M-Client/wpp/registry/data_model/object/observer/ObjSubject.h:7,
                 from /mnt/d/Dev/Friendly-LwM2M-Client/wpp/registry/data_model/object/Object.h:14,
                 from /mnt/d/Dev/Friendly-LwM2M-Client/wpp/registry/data_model/object/ObjectImpl.h:11,
                 from /mnt/d/Dev/Friendly-LwM2M-Client/wpp/registry/WppRegistry.h:12,
                 from /mnt/d/Dev/Friendly-LwM2M-Client/wpp/client/WppClient.h:16,
                 from /mnt/d/Dev/Friendly-LwM2M-Client/wpp/registry/objects/w_10530_matter_device/MatterDevice.cpp:7:
/mnt/d/Dev/Friendly-LwM2M-Client/wpp/registry/data_model/object/observer/ObjOpObserver.h: In member function ‘virtual void wpp::ObjOpObserver::instanceCreated(wpp::Object&, wpp::ID_T)’:
/mnt/d/Dev/Friendly-LwM2M-Client/wpp/registry/data_model/object/observer/ObjOpObserver.h:30:42: warning: unused parameter ‘object’ [-Wunused-parameter]
   30 |     virtual void instanceCreated(Object &object, ID_T instanceId) {};
      |                                  ~~~~~~~~^~~~~~
/mnt/d/Dev/Friendly-LwM2M-Client/wpp/registry/data_model/object/observer/ObjOpObserver.h:30:55: warning: unused parameter ‘instanceId’ [-Wunused-parameter]
   30 |     virtual void instanceCreated(Object &object, ID_T instanceId) {};
      |                                                  ~~~~~^~~~~~~~~~
/mnt/d/Dev/Friendly-LwM2M-Client/wpp/registry/data_model/object/observer/ObjOpObserver.h: In member function ‘virtual void wpp::ObjOpObserver::instanceDeleting(wpp::Object&, wpp::ID_T)’:
/mnt/d/Dev/Friendly-LwM2M-Client/wpp/registry/data_model/object/observer/ObjOpObserver.h:41:43: warning: unused parameter ‘object’ [-Wunused-parameter]
   41 |     virtual void instanceDeleting(Object &object, ID_T instanceId) {};
      |                                   ~~~~~~~~^~~~~~
/mnt/d/Dev/Friendly-LwM2M-Client/wpp/registry/data_model/object/observer/ObjOpObserver.h:41:56: warning: unused parameter ‘instanceId’ [-Wunused-parameter]
   41 |     virtual void instanceDeleting(Object &object, ID_T instanceId) {};
      |                                                   ~~~~~^~~~~~~~~~
/mnt/d/Dev/Friendly-LwM2M-Client/wpp/registry/objects/w_10530_matter_device/MatterDevice.cpp: In member function ‘void wpp::MatterDevice::setNodeId(uint64_t)’:
/mnt/d/Dev/Friendly-LwM2M-Client/wpp/registry/objects/w_10530_matter_device/MatterDevice.cpp:126:39: warning: format ‘%llx’ expects argument of type ‘long long unsigned int’, but argument 4 has type ‘uint64_t’ {aka ‘long unsigned int’} [-Wformat=]
  126 |     snprintf(buf, sizeof(buf), "%016llx", nodeId);
      |                                 ~~~~~~^   ~~~~~~
      |                                       |   |
      |                                       |   uint64_t {aka long unsigned int}
      |                                       long long unsigned int
      |                                 %016lx
/mnt/d/Dev/Friendly-LwM2M-Client/wpp/registry/objects/w_10530_matter_device/MatterDevice.cpp: In static member function ‘static bool wpp::MatterDevice::interact(wpp::Instance&, wpp::ID_T, const wpp::OPAQUE_T&)’:
/mnt/d/Dev/Friendly-LwM2M-Client/wpp/registry/objects/w_10530_matter_device/MatterDevice.cpp:143:19: warning: unused variable ‘device’ [-Wunused-variable]
  143 |     MatterDevice& device = static_cast<MatterDevice&>(inst);
      |                   ^~~~~~
/mnt/d/Dev/Friendly-LwM2M-Client/wpp/registry/objects/w_10530_matter_device/MatterDevice.cpp:142:50: warning: unused parameter ‘resId’ [-Wunused-parameter]
  142 | bool MatterDevice::interact(Instance& inst, ID_T resId, const OPAQUE_T& data) {
      |                                             ~~~~~^~~~~
/mnt/d/Dev/Friendly-LwM2M-Client/wpp/registry/objects/w_10530_matter_device/MatterDevice.cpp: In static member function ‘static bool wpp::MatterDevice::readAttribute(wpp::Instance&, wpp::ID_T, const wpp::OPAQUE_T&)’:
/mnt/d/Dev/Friendly-LwM2M-Client/wpp/registry/objects/w_10530_matter_device/MatterDevice.cpp:187:55: warning: unused parameter ‘resId’ [-Wunused-parameter]
  187 | bool MatterDevice::readAttribute(Instance& inst, ID_T resId, const OPAQUE_T& data) {
      |                                                  ~~~~~^~~~~
/mnt/d/Dev/Friendly-LwM2M-Client/wpp/registry/objects/w_10530_matter_device/MatterDevice.cpp: In static member function ‘static bool wpp::MatterDevice::writeAttribute(wpp::Instance&, wpp::ID_T, const wpp::OPAQUE_T&)’:
/mnt/d/Dev/Friendly-LwM2M-Client/wpp/registry/objects/w_10530_matter_device/MatterDevice.cpp:218:56: warning: unused parameter ‘resId’ [-Wunused-parameter]
  218 | bool MatterDevice::writeAttribute(Instance& inst, ID_T resId, const OPAQUE_T& data) {
      |                                                   ~~~~~^~~~~
/mnt/d/Dev/Friendly-LwM2M-Client/wpp/registry/objects/w_10530_matter_device/MatterDevice.cpp: In static member function ‘static bool wpp::MatterDevice::sendCommand(wpp::Instance&, wpp::ID_T, const wpp::OPAQUE_T&)’:
/mnt/d/Dev/Friendly-LwM2M-Client/wpp/registry/objects/w_10530_matter_device/MatterDevice.cpp:259:53: warning: unused parameter ‘resId’ [-Wunused-parameter]
  259 | bool MatterDevice::sendCommand(Instance& inst, ID_T resId, const OPAQUE_T& data) {
      |                                                ~~~~~^~~~~
/mnt/d/Dev/Friendly-LwM2M-Client/wpp/registry/objects/w_10530_matter_device/MatterDevice.cpp: In member function ‘std::string wpp::MatterDevice::getDeviceTypeName(uint16_t)’:
/mnt/d/Dev/Friendly-LwM2M-Client/wpp/registry/objects/w_10530_matter_device/MatterDevice.cpp:354:54: warning: unused parameter ‘deviceType’ [-Wunused-parameter]
  354 | std::string MatterDevice::getDeviceTypeName(uint16_t deviceType) {
      |                                             ~~~~~~~~~^~~~~~~~~~
/mnt/d/Dev/Friendly-LwM2M-Client/wpp/registry/objects/w_10530_matter_device/MatterDevice.cpp: In member function ‘bool wpp::MatterDevice::parseInteractionArgs(const std::string&, uint16_t&, uint32_t&, uint32_t&)’:
/mnt/d/Dev/Friendly-LwM2M-Client/wpp/registry/objects/w_10530_matter_device/MatterDevice.cpp:376:35: warning: format ‘%x’ expects argument of type ‘unsigned int*’, but argument 4 has type ‘int*’ [-Wformat=]
  376 |     if (sscanf(args.c_str(), "%d:%x:%x", &ep, &cl, &attr) == 3) {
      |                                  ~^           ~~~
      |                                   |           |
      |                                   |           int*
      |                                   unsigned int*
      |                                  %x
/mnt/d/Dev/Friendly-LwM2M-Client/wpp/registry/objects/w_10530_matter_device/MatterDevice.cpp:376:38: warning: format ‘%x’ expects argument of type ‘unsigned int*’, but argument 5 has type ‘int*’ [-Wformat=]
  376 |     if (sscanf(args.c_str(), "%d:%x:%x", &ep, &cl, &attr) == 3) {
      |                                     ~^             ~~~~~
      |                                      |             |
      |                                      unsigned int* int*
      |                                     %x
In file included from /mnt/d/Dev/Friendly-LwM2M-Client/wpp/registry/data_model/instance/observer/InstSubject.h:7,
                 from /mnt/d/Dev/Friendly-LwM2M-Client/wpp/registry/data_model/instance/Instance.h:17,
                 from /mnt/d/Dev/Friendly-LwM2M-Client/wpp/registry/objects/w_10532_zigbee_coordinator/ZigbeeCoordinator.h:17,
                 from /mnt/d/Dev/Friendly-LwM2M-Client/wpp/registry/objects/w_10532_zigbee_coordinator/ZigbeeCoordinator.cpp:6:
/mnt/d/Dev/Friendly-LwM2M-Client/wpp/registry/data_model/instance/observer/InstOpObserver.h: In member function ‘virtual void wpp::InstOpObserver::resourceWrite(wpp::Instance&, const wpp::ResLink&)’:
/mnt/d/Dev/Friendly-LwM2M-Client/wpp/registry/data_model/instance/observer/InstOpObserver.h:24:42: warning: unused parameter ‘inst’ [-Wunused-parameter]
   24 |     virtual void resourceWrite(Instance &inst, const ResLink &resource) {};
      |                                ~~~~~~~~~~^~~~
/mnt/d/Dev/Friendly-LwM2M-Client/wpp/registry/data_model/instance/observer/InstOpObserver.h:24:63: warning: unused parameter ‘resource’ [-Wunused-parameter]
   24 |     virtual void resourceWrite(Instance &inst, const ResLink &resource) {};
      |                                                ~~~~~~~~~~~~~~~^~~~~~~~
/mnt/d/Dev/Friendly-LwM2M-Client/wpp/registry/data_model/instance/observer/InstOpObserver.h: In member function ‘virtual void wpp::InstOpObserver::resourceExecute(wpp::Instance&, const wpp::ResLink&)’:
/mnt/d/Dev/Friendly-LwM2M-Client/wpp/registry/data_model/instance/observer/InstOpObserver.h:29:44: warning: unused parameter ‘inst’ [-Wunused-parameter]
   29 |     virtual void resourceExecute(Instance &inst, const ResLink &resource) {};
      |                                  ~~~~~~~~~~^~~~
/mnt/d/Dev/Friendly-LwM2M-Client/wpp/registry/data_model/instance/observer/InstOpObserver.h:29:65: warning: unused parameter ‘resource’ [-Wunused-parameter]
   29 |     virtual void resourceExecute(Instance &inst, const ResLink &resource) {};
      |                                                  ~~~~~~~~~~~~~~~^~~~~~~~
In file included from /mnt/d/Dev/Friendly-LwM2M-Client/wpp/registry/data_model/instance/observer/InstSubject.h:8:
/mnt/d/Dev/Friendly-LwM2M-Client/wpp/registry/data_model/instance/observer/InstEventObserver.h: In member function ‘virtual void wpp::InstEventObserver::instEvent(wpp::Instance&, wpp::EVENT_ID_T)’:
/mnt/d/Dev/Friendly-LwM2M-Client/wpp/registry/data_model/instance/observer/InstEventObserver.h:25:38: warning: unused parameter ‘inst’ [-Wunused-parameter]
   25 |     virtual void instEvent(Instance &inst, EVENT_ID_T eventId) {};
      |                            ~~~~~~~~~~^~~~
/mnt/d/Dev/Friendly-LwM2M-Client/wpp/registry/data_model/instance/observer/InstEventObserver.h:25:55: warning: unused parameter ‘eventId’ [-Wunused-parameter]
   25 |     virtual void instEvent(Instance &inst, EVENT_ID_T eventId) {};
      |                                            ~~~~~~~~~~~^~~~~~~
/mnt/d/Dev/Friendly-LwM2M-Client/wpp/registry/objects/w_10531_thread_network/ThreadNetwork.cpp:80:63: warning: ISO C++11 requires at least one argument for the "..." in a variadic macro
   80 |     WPP_LOGD(TAG, "Initializing ThreadNetwork resource values");
      |                                                               ^
/mnt/d/Dev/Friendly-LwM2M-Client/wpp/registry/objects/w_10531_thread_network/ThreadNetwork.cpp:109:47: warning: ISO C++11 requires at least one argument for the "..." in a variadic macro
  109 |     WPP_LOGD(TAG, "Creating Thread network...");
      |                                               ^
/mnt/d/Dev/Friendly-LwM2M-Client/wpp/registry/objects/w_10531_thread_network/ThreadNetwork.cpp:112:51: warning: ISO C++11 requires at least one argument for the "..." in a variadic macro
  112 |         WPP_LOGE(TAG, "Invalid network parameters");
      |                                                   ^
/mnt/d/Dev/Friendly-LwM2M-Client/wpp/registry/objects/w_10531_thread_network/ThreadNetwork.cpp:117:62: warning: ISO C++11 requires at least one argument for the "..." in a variadic macro
  117 |         WPP_LOGE(TAG, "Failed to apply network configuration");
      |                                                              ^
/mnt/d/Dev/Friendly-LwM2M-Client/wpp/registry/objects/w_10531_thread_network/ThreadNetwork.cpp:124:56: warning: ISO C++11 requires at least one argument for the "..." in a variadic macro
  124 |     WPP_LOGD(TAG, "Thread network created successfully");
      |                                                        ^
/mnt/d/Dev/Friendly-LwM2M-Client/wpp/registry/objects/w_10531_thread_network/ThreadNetwork.cpp:130:53: warning: ISO C++11 requires at least one argument for the "..." in a variadic macro
  130 |     WPP_LOGD(TAG, "Starting Thread Border Router...");
      |                                                     ^
/mnt/d/Dev/Friendly-LwM2M-Client/wpp/registry/objects/w_10531_thread_network/ThreadNetwork.cpp:134:72: warning: ISO C++11 requires at least one argument for the "..." in a variadic macro
  134 |         WPP_LOGE(TAG, "Network not created - call Create Network first");
      |                                                                        ^
/mnt/d/Dev/Friendly-LwM2M-Client/wpp/registry/objects/w_10531_thread_network/ThreadNetwork.cpp:161:68: warning: ISO C++11 requires at least one argument for the "..." in a variadic macro
  161 |     WPP_LOGD(TAG, "Matter SDK not available - stub Thread BR start");
      |                                                                    ^
/mnt/d/Dev/Friendly-LwM2M-Client/wpp/registry/objects/w_10531_thread_network/ThreadNetwork.cpp:170:53: warning: ISO C++11 requires at least one argument for the "..." in a variadic macro
  170 |     WPP_LOGD(TAG, "Stopping Thread Border Router...");
      |                                                     ^
/mnt/d/Dev/Friendly-LwM2M-Client/wpp/registry/objects/w_10531_thread_network/ThreadNetwork.cpp:177:67: warning: ISO C++11 requires at least one argument for the "..." in a variadic macro
  177 |     WPP_LOGD(TAG, "Matter SDK not available - stub Thread BR stop");
      |                                                                   ^
/mnt/d/Dev/Friendly-LwM2M-Client/wpp/registry/objects/w_10531_thread_network/ThreadNetwork.cpp:181:49: warning: ISO C++11 requires at least one argument for the "..." in a variadic macro
  181 |     WPP_LOGD(TAG, "Thread Border Router stopped");
      |                                                 ^
In file included from /mnt/d/Dev/Friendly-LwM2M-Client/wpp/registry/data_model/object/observer/ObjSubject.h:7,
                 from /mnt/d/Dev/Friendly-LwM2M-Client/wpp/registry/data_model/object/Object.h:14,
                 from /mnt/d/Dev/Friendly-LwM2M-Client/wpp/registry/data_model/object/ObjectImpl.h:11,
                 from /mnt/d/Dev/Friendly-LwM2M-Client/wpp/registry/WppRegistry.h:12,
                 from /mnt/d/Dev/Friendly-LwM2M-Client/wpp/registry/objects/w_10532_zigbee_coordinator/ZigbeeCoordinator.cpp:7:
/mnt/d/Dev/Friendly-LwM2M-Client/wpp/registry/data_model/object/observer/ObjOpObserver.h: In member function ‘virtual void wpp::ObjOpObserver::instanceCreated(wpp::Object&, wpp::ID_T)’:
/mnt/d/Dev/Friendly-LwM2M-Client/wpp/registry/data_model/object/observer/ObjOpObserver.h:30:42: warning: unused parameter ‘object’ [-Wunused-parameter]
   30 |     virtual void instanceCreated(Object &object, ID_T instanceId) {};
      |                                  ~~~~~~~~^~~~~~
/mnt/d/Dev/Friendly-LwM2M-Client/wpp/registry/data_model/object/observer/ObjOpObserver.h:30:55: warning: unused parameter ‘instanceId’ [-Wunused-parameter]
   30 |     virtual void instanceCreated(Object &object, ID_T instanceId) {};
      |                                                  ~~~~~^~~~~~~~~~
/mnt/d/Dev/Friendly-LwM2M-Client/wpp/registry/data_model/object/observer/ObjOpObserver.h: In member function ‘virtual void wpp::ObjOpObserver::instanceDeleting(wpp::Object&, wpp::ID_T)’:
/mnt/d/Dev/Friendly-LwM2M-Client/wpp/registry/data_model/object/observer/ObjOpObserver.h:41:43: warning: unused parameter ‘object’ [-Wunused-parameter]
   41 |     virtual void instanceDeleting(Object &object, ID_T instanceId) {};
      |                                   ~~~~~~~~^~~~~~
/mnt/d/Dev/Friendly-LwM2M-Client/wpp/registry/data_model/object/observer/ObjOpObserver.h:41:56: warning: unused parameter ‘instanceId’ [-Wunused-parameter]
   41 |     virtual void instanceDeleting(Object &object, ID_T instanceId) {};
      |                                                   ~~~~~^~~~~~~~~~
In file included from /mnt/d/Dev/Friendly-LwM2M-Client/wpp/registry/data_model/instance/observer/InstSubject.h:7,
                 from /mnt/d/Dev/Friendly-LwM2M-Client/wpp/registry/data_model/instance/Instance.h:17,
                 from /mnt/d/Dev/Friendly-LwM2M-Client/wpp/registry/objects/w_10531_thread_network/ThreadNetwork.h:13,
                 from /mnt/d/Dev/Friendly-LwM2M-Client/wpp/registry/objects/w_10531_thread_network/ThreadNetwork.cpp:6:
/mnt/d/Dev/Friendly-LwM2M-Client/wpp/registry/data_model/instance/observer/InstOpObserver.h: In member function ‘virtual void wpp::InstOpObserver::resourceWrite(wpp::Instance&, const wpp::ResLink&)’:
/mnt/d/Dev/Friendly-LwM2M-Client/wpp/registry/data_model/instance/observer/InstOpObserver.h:24:42: warning: unused parameter ‘inst’ [-Wunused-parameter]
   24 |     virtual void resourceWrite(Instance &inst, const ResLink &resource) {};
      |                                ~~~~~~~~~~^~~~
In file included from /mnt/d/Dev/Friendly-LwM2M-Client/wpp/registry/data_model/instance/observer/InstSubject.h:7,
                 from /mnt/d/Dev/Friendly-LwM2M-Client/wpp/registry/data_model/instance/Instance.h:17,
                 from /mnt/d/Dev/Friendly-LwM2M-Client/wpp/registry/objects/w_10534_zigbee_group/ZigbeeGroup.h:13,
                 from /mnt/d/Dev/Friendly-LwM2M-Client/wpp/registry/objects/w_10534_zigbee_group/ZigbeeGroup.cpp:8:
/mnt/d/Dev/Friendly-LwM2M-Client/wpp/registry/data_model/instance/observer/InstOpObserver.h: In member function ‘virtual void wpp::InstOpObserver::resourceWrite(wpp::Instance&, const wpp::ResLink&)’:
/mnt/d/Dev/Friendly-LwM2M-Client/wpp/registry/data_model/instance/observer/InstOpObserver.h:24:42: warning: unused parameter ‘inst’ [-Wunused-parameter]
   24 |     virtual void resourceWrite(Instance &inst, const ResLink &resource) {};
      |                                ~~~~~~~~~~^~~~
In file included from /mnt/d/Dev/Friendly-LwM2M-Client/wpp/registry/data_model/instance/observer/InstSubject.h:7,
                 from /mnt/d/Dev/Friendly-LwM2M-Client/wpp/registry/data_model/instance/Instance.h:17,
                 from /mnt/d/Dev/Friendly-LwM2M-Client/wpp/registry/objects/w_10533_zigbee_device/ZigbeeDevice.h:13,
                 from /mnt/d/Dev/Friendly-LwM2M-Client/wpp/registry/objects/w_10533_zigbee_device/ZigbeeDevice.cpp:8:
/mnt/d/Dev/Friendly-LwM2M-Client/wpp/registry/data_model/instance/observer/InstOpObserver.h: In member function ‘virtual void wpp::InstOpObserver::resourceWrite(wpp::Instance&, const wpp::ResLink&)’:
/mnt/d/Dev/Friendly-LwM2M-Client/wpp/registry/data_model/instance/observer/InstOpObserver.h:24:42: warning: unused parameter ‘inst’ [-Wunused-parameter]
   24 |     virtual void resourceWrite(Instance &inst, const ResLink &resource) {};
      |                                ~~~~~~~~~~^~~~
/mnt/d/Dev/Friendly-LwM2M-Client/wpp/registry/data_model/instance/observer/InstOpObserver.h:24:63: warning: unused parameter ‘resource’ [-Wunused-parameter]
   24 |     virtual void resourceWrite(Instance &inst, const ResLink &resource) {};
      |                                                ~~~~~~~~~~~~~~~^~~~~~~~
/mnt/d/Dev/Friendly-LwM2M-Client/wpp/registry/data_model/instance/observer/InstOpObserver.h:24:63: warning: unused parameter ‘resource’ [-Wunused-parameter]
   24 |     virtual void resourceWrite(Instance &inst, const ResLink &resource) {};
      |                                                ~~~~~~~~~~~~~~~^~~~~~~~
/mnt/d/Dev/Friendly-LwM2M-Client/wpp/registry/data_model/instance/observer/InstOpObserver.h:24:63: warning: unused parameter ‘resource’ [-Wunused-parameter]
   24 |     virtual void resourceWrite(Instance &inst, const ResLink &resource) {};
      |                                                ~~~~~~~~~~~~~~~^~~~~~~~
/mnt/d/Dev/Friendly-LwM2M-Client/wpp/registry/data_model/instance/observer/InstOpObserver.h: In member function ‘virtual void wpp::InstOpObserver::resourceExecute(wpp::Instance&, const wpp::ResLink&)’:
/mnt/d/Dev/Friendly-LwM2M-Client/wpp/registry/data_model/instance/observer/InstOpObserver.h:29:44: warning: unused parameter ‘inst’ [-Wunused-parameter]
   29 |     virtual void resourceExecute(Instance &inst, const ResLink &resource) {};
      |                                  ~~~~~~~~~~^~~~
/mnt/d/Dev/Friendly-LwM2M-Client/wpp/registry/data_model/instance/observer/InstOpObserver.h: In member function ‘virtual void wpp::InstOpObserver::resourceExecute(wpp::Instance&, const wpp::ResLink&)’:
/mnt/d/Dev/Friendly-LwM2M-Client/wpp/registry/data_model/instance/observer/InstOpObserver.h:29:44: warning: unused parameter ‘inst’ [-Wunused-parameter]
   29 |     virtual void resourceExecute(Instance &inst, const ResLink &resource) {};
      |                                  ~~~~~~~~~~^~~~
/mnt/d/Dev/Friendly-LwM2M-Client/wpp/registry/data_model/instance/observer/InstOpObserver.h:29:65: warning: unused parameter ‘resource’ [-Wunused-parameter]
   29 |     virtual void resourceExecute(Instance &inst, const ResLink &resource) {};
      |                                                  ~~~~~~~~~~~~~~~^~~~~~~~
/mnt/d/Dev/Friendly-LwM2M-Client/wpp/registry/data_model/instance/observer/InstOpObserver.h:29:65: warning: unused parameter ‘resource’ [-Wunused-parameter]
   29 |     virtual void resourceExecute(Instance &inst, const ResLink &resource) {};
      |                                                  ~~~~~~~~~~~~~~~^~~~~~~~
/mnt/d/Dev/Friendly-LwM2M-Client/wpp/registry/data_model/instance/observer/InstOpObserver.h: In member function ‘virtual void wpp::InstOpObserver::resourceExecute(wpp::Instance&, const wpp::ResLink&)’:
/mnt/d/Dev/Friendly-LwM2M-Client/wpp/registry/data_model/instance/observer/InstOpObserver.h:29:44: warning: unused parameter ‘inst’ [-Wunused-parameter]
   29 |     virtual void resourceExecute(Instance &inst, const ResLink &resource) {};
      |                                  ~~~~~~~~~~^~~~
/mnt/d/Dev/Friendly-LwM2M-Client/wpp/registry/data_model/instance/observer/InstOpObserver.h:29:65: warning: unused parameter ‘resource’ [-Wunused-parameter]
   29 |     virtual void resourceExecute(Instance &inst, const ResLink &resource) {};
      |                                                  ~~~~~~~~~~~~~~~^~~~~~~~
In file included from /mnt/d/Dev/Friendly-LwM2M-Client/wpp/registry/data_model/instance/observer/InstSubject.h:8:
/mnt/d/Dev/Friendly-LwM2M-Client/wpp/registry/data_model/instance/observer/InstEventObserver.h: In member function ‘virtual void wpp::InstEventObserver::instEvent(wpp::Instance&, wpp::EVENT_ID_T)’:
/mnt/d/Dev/Friendly-LwM2M-Client/wpp/registry/data_model/instance/observer/InstEventObserver.h:25:38: warning: unused parameter ‘inst’ [-Wunused-parameter]
   25 |     virtual void instEvent(Instance &inst, EVENT_ID_T eventId) {};
      |                            ~~~~~~~~~~^~~~
/mnt/d/Dev/Friendly-LwM2M-Client/wpp/registry/data_model/instance/observer/InstEventObserver.h:25:55: warning: unused parameter ‘eventId’ [-Wunused-parameter]
   25 |     virtual void instEvent(Instance &inst, EVENT_ID_T eventId) {};
      |                                            ~~~~~~~~~~~^~~~~~~
In file included from /mnt/d/Dev/Friendly-LwM2M-Client/wpp/registry/data_model/instance/observer/InstSubject.h:8:
/mnt/d/Dev/Friendly-LwM2M-Client/wpp/registry/data_model/instance/observer/InstEventObserver.h: In member function ‘virtual void wpp::InstEventObserver::instEvent(wpp::Instance&, wpp::EVENT_ID_T)’:
/mnt/d/Dev/Friendly-LwM2M-Client/wpp/registry/data_model/instance/observer/InstEventObserver.h:25:38: warning: unused parameter ‘inst’ [-Wunused-parameter]
   25 |     virtual void instEvent(Instance &inst, EVENT_ID_T eventId) {};
      |                            ~~~~~~~~~~^~~~
/mnt/d/Dev/Friendly-LwM2M-Client/wpp/registry/data_model/instance/observer/InstEventObserver.h:25:55: warning: unused parameter ‘eventId’ [-Wunused-parameter]
   25 |     virtual void instEvent(Instance &inst, EVENT_ID_T eventId) {};
      |                                            ~~~~~~~~~~~^~~~~~~
In file included from /mnt/d/Dev/Friendly-LwM2M-Client/wpp/registry/data_model/instance/observer/InstSubject.h:8:
/mnt/d/Dev/Friendly-LwM2M-Client/wpp/registry/data_model/instance/observer/InstEventObserver.h: In member function ‘virtual void wpp::InstEventObserver::instEvent(wpp::Instance&, wpp::EVENT_ID_T)’:
/mnt/d/Dev/Friendly-LwM2M-Client/wpp/registry/data_model/instance/observer/InstEventObserver.h:25:38: warning: unused parameter ‘inst’ [-Wunused-parameter]
   25 |     virtual void instEvent(Instance &inst, EVENT_ID_T eventId) {};
      |                            ~~~~~~~~~~^~~~
/mnt/d/Dev/Friendly-LwM2M-Client/wpp/registry/data_model/instance/observer/InstEventObserver.h:25:55: warning: unused parameter ‘eventId’ [-Wunused-parameter]
   25 |     virtual void instEvent(Instance &inst, EVENT_ID_T eventId) {};
      |                                            ~~~~~~~~~~~^~~~~~~
/mnt/d/Dev/Friendly-LwM2M-Client/wpp/registry/objects/w_10532_zigbee_coordinator/ZigbeeCoordinator.cpp: In member function ‘virtual void wpp::ZigbeeCoordinator::serverOperationNotifier(wpp::Instance*, wpp::ItemOp::TYPE, const wpp::ResLink&)’:
/mnt/d/Dev/Friendly-LwM2M-Client/wpp/registry/objects/w_10532_zigbee_coordinator/ZigbeeCoordinator.cpp:69:59: warning: unused parameter ‘securityInst’ [-Wunused-parameter]
   69 | void ZigbeeCoordinator::serverOperationNotifier(Instance *securityInst, ItemOp::TYPE type, const ResLink &resLink) {
      |                                                 ~~~~~~~~~~^~~~~~~~~~~~
In file included from /mnt/d/Dev/Friendly-LwM2M-Client/wpp/registry/data_model/object/observer/ObjSubject.h:7,
                 from /mnt/d/Dev/Friendly-LwM2M-Client/wpp/registry/data_model/object/Object.h:14,
                 from /mnt/d/Dev/Friendly-LwM2M-Client/wpp/registry/data_model/object/ObjectImpl.h:11,
                 from /mnt/d/Dev/Friendly-LwM2M-Client/wpp/registry/WppRegistry.h:12,
                 from /mnt/d/Dev/Friendly-LwM2M-Client/wpp/client/WppClient.h:16,
                 from /mnt/d/Dev/Friendly-LwM2M-Client/wpp/registry/objects/w_10531_thread_network/ThreadNetwork.cpp:7:
/mnt/d/Dev/Friendly-LwM2M-Client/wpp/registry/data_model/object/observer/ObjOpObserver.h: In member function ‘virtual void wpp::ObjOpObserver::instanceCreated(wpp::Object&, wpp::ID_T)’:
/mnt/d/Dev/Friendly-LwM2M-Client/wpp/registry/data_model/object/observer/ObjOpObserver.h:30:42: warning: unused parameter ‘object’ [-Wunused-parameter]
   30 |     virtual void instanceCreated(Object &object, ID_T instanceId) {};
      |                                  ~~~~~~~~^~~~~~
/mnt/d/Dev/Friendly-LwM2M-Client/wpp/registry/data_model/object/observer/ObjOpObserver.h:30:55: warning: unused parameter ‘instanceId’ [-Wunused-parameter]
   30 |     virtual void instanceCreated(Object &object, ID_T instanceId) {};
      |                                                  ~~~~~^~~~~~~~~~
/mnt/d/Dev/Friendly-LwM2M-Client/wpp/registry/data_model/object/observer/ObjOpObserver.h: In member function ‘virtual void wpp::ObjOpObserver::instanceDeleting(wpp::Object&, wpp::ID_T)’:
/mnt/d/Dev/Friendly-LwM2M-Client/wpp/registry/data_model/object/observer/ObjOpObserver.h:41:43: warning: unused parameter ‘object’ [-Wunused-parameter]
   41 |     virtual void instanceDeleting(Object &object, ID_T instanceId) {};
      |                                   ~~~~~~~~^~~~~~
/mnt/d/Dev/Friendly-LwM2M-Client/wpp/registry/data_model/object/observer/ObjOpObserver.h:41:56: warning: unused parameter ‘instanceId’ [-Wunused-parameter]
   41 |     virtual void instanceDeleting(Object &object, ID_T instanceId) {};
      |                                                   ~~~~~^~~~~~~~~~
In file included from /mnt/d/Dev/Friendly-LwM2M-Client/wpp/registry/data_model/object/observer/ObjSubject.h:7,
                 from /mnt/d/Dev/Friendly-LwM2M-Client/wpp/registry/data_model/object/Object.h:14,
                 from /mnt/d/Dev/Friendly-LwM2M-Client/wpp/registry/data_model/object/ObjectImpl.h:11,
                 from /mnt/d/Dev/Friendly-LwM2M-Client/wpp/registry/WppRegistry.h:12,
                 from /mnt/d/Dev/Friendly-LwM2M-Client/wpp/registry/objects/w_10533_zigbee_device/ZigbeeDevice.cpp:9:
/mnt/d/Dev/Friendly-LwM2M-Client/wpp/registry/data_model/object/observer/ObjOpObserver.h: In member function ‘virtual void wpp::ObjOpObserver::instanceCreated(wpp::Object&, wpp::ID_T)’:
/mnt/d/Dev/Friendly-LwM2M-Client/wpp/registry/data_model/object/observer/ObjOpObserver.h:30:42: warning: unused parameter ‘object’ [-Wunused-parameter]
   30 |     virtual void instanceCreated(Object &object, ID_T instanceId) {};
      |                                  ~~~~~~~~^~~~~~
/mnt/d/Dev/Friendly-LwM2M-Client/wpp/registry/data_model/object/observer/ObjOpObserver.h:30:55: warning: unused parameter ‘instanceId’ [-Wunused-parameter]
   30 |     virtual void instanceCreated(Object &object, ID_T instanceId) {};
      |                                                  ~~~~~^~~~~~~~~~
/mnt/d/Dev/Friendly-LwM2M-Client/wpp/registry/data_model/object/observer/ObjOpObserver.h: In member function ‘virtual void wpp::ObjOpObserver::instanceDeleting(wpp::Object&, wpp::ID_T)’:
/mnt/d/Dev/Friendly-LwM2M-Client/wpp/registry/data_model/object/observer/ObjOpObserver.h:41:43: warning: unused parameter ‘object’ [-Wunused-parameter]
   41 |     virtual void instanceDeleting(Object &object, ID_T instanceId) {};
      |                                   ~~~~~~~~^~~~~~
/mnt/d/Dev/Friendly-LwM2M-Client/wpp/registry/data_model/object/observer/ObjOpObserver.h:41:56: warning: unused parameter ‘instanceId’ [-Wunused-parameter]
   41 |     virtual void instanceDeleting(Object &object, ID_T instanceId) {};
      |                                                   ~~~~~^~~~~~~~~~
/mnt/d/Dev/Friendly-LwM2M-Client/wpp/registry/objects/w_10532_zigbee_coordinator/ZigbeeCoordinator.cpp: In static member function ‘static bool wpp::ZigbeeCoordinator::formNetwork(wpp::Instance&, wpp::ID_T, const wpp::OPAQUE_T&)’:
/mnt/d/Dev/Friendly-LwM2M-Client/wpp/registry/objects/w_10532_zigbee_coordinator/ZigbeeCoordinator.cpp:211:58: warning: unused parameter ‘resId’ [-Wunused-parameter]
  211 | bool ZigbeeCoordinator::formNetwork(Instance& inst, ID_T resId, const OPAQUE_T& data) {
      |                                                     ~~~~~^~~~~
/mnt/d/Dev/Friendly-LwM2M-Client/wpp/registry/objects/w_10532_zigbee_coordinator/ZigbeeCoordinator.cpp:211:81: warning: unused parameter ‘data’ [-Wunused-parameter]
  211 | bool ZigbeeCoordinator::formNetwork(Instance& inst, ID_T resId, const OPAQUE_T& data) {
      |                                                                 ~~~~~~~~~~~~~~~~^~~~
/mnt/d/Dev/Friendly-LwM2M-Client/wpp/registry/objects/w_10532_zigbee_coordinator/ZigbeeCoordinator.cpp: In static member function ‘static bool wpp::ZigbeeCoordinator::leaveNetwork(wpp::Instance&, wpp::ID_T, const wpp::OPAQUE_T&)’:
/mnt/d/Dev/Friendly-LwM2M-Client/wpp/registry/objects/w_10532_zigbee_coordinator/ZigbeeCoordinator.cpp:245:59: warning: unused parameter ‘resId’ [-Wunused-parameter]
  245 | bool ZigbeeCoordinator::leaveNetwork(Instance& inst, ID_T resId, const OPAQUE_T& data) {
      |                                                      ~~~~~^~~~~
/mnt/d/Dev/Friendly-LwM2M-Client/wpp/registry/objects/w_10532_zigbee_coordinator/ZigbeeCoordinator.cpp:245:82: warning: unused parameter ‘data’ [-Wunused-parameter]
  245 | bool ZigbeeCoordinator::leaveNetwork(Instance& inst, ID_T resId, const OPAQUE_T& data) {
      |                                                                  ~~~~~~~~~~~~~~~~^~~~
/mnt/d/Dev/Friendly-LwM2M-Client/wpp/registry/objects/w_10532_zigbee_coordinator/ZigbeeCoordinator.cpp: In static member function ‘static bool wpp::ZigbeeCoordinator::permitJoin(wpp::Instance&, wpp::ID_T, const wpp::OPAQUE_T&)’:
/mnt/d/Dev/Friendly-LwM2M-Client/wpp/registry/objects/w_10532_zigbee_coordinator/ZigbeeCoordinator.cpp:265:57: warning: unused parameter ‘resId’ [-Wunused-parameter]
  265 | bool ZigbeeCoordinator::permitJoin(Instance& inst, ID_T resId, const OPAQUE_T& data) {
      |                                                    ~~~~~^~~~~
In file included from /mnt/d/Dev/Friendly-LwM2M-Client/wpp/registry/data_model/object/observer/ObjSubject.h:7,
                 from /mnt/d/Dev/Friendly-LwM2M-Client/wpp/registry/data_model/object/Object.h:14,
                 from /mnt/d/Dev/Friendly-LwM2M-Client/wpp/registry/data_model/object/ObjectImpl.h:11,
                 from /mnt/d/Dev/Friendly-LwM2M-Client/wpp/registry/WppRegistry.h:12,
                 from /mnt/d/Dev/Friendly-LwM2M-Client/wpp/registry/objects/w_10534_zigbee_group/ZigbeeGroup.cpp:9:
/mnt/d/Dev/Friendly-LwM2M-Client/wpp/registry/data_model/object/observer/ObjOpObserver.h: In member function ‘virtual void wpp::ObjOpObserver::instanceCreated(wpp::Object&, wpp::ID_T)’:
/mnt/d/Dev/Friendly-LwM2M-Client/wpp/registry/data_model/object/observer/ObjOpObserver.h:30:42: warning: unused parameter ‘object’ [-Wunused-parameter]
   30 |     virtual void instanceCreated(Object &object, ID_T instanceId) {};
      |                                  ~~~~~~~~^~~~~~
/mnt/d/Dev/Friendly-LwM2M-Client/wpp/registry/data_model/object/observer/ObjOpObserver.h:30:55: warning: unused parameter ‘instanceId’ [-Wunused-parameter]
   30 |     virtual void instanceCreated(Object &object, ID_T instanceId) {};
      |                                                  ~~~~~^~~~~~~~~~
/mnt/d/Dev/Friendly-LwM2M-Client/wpp/registry/objects/w_10532_zigbee_coordinator/ZigbeeCoordinator.cpp: In static member function ‘static bool wpp::ZigbeeCoordinator::startTouchlink(wpp::Instance&, wpp::ID_T, const wpp::OPAQUE_T&)’:
/mnt/d/Dev/Friendly-LwM2M-Client/wpp/registry/objects/w_10532_zigbee_coordinator/ZigbeeCoordinator.cpp:290:61: warning: unused parameter ‘resId’ [-Wunused-parameter]
  290 | bool ZigbeeCoordinator::startTouchlink(Instance& inst, ID_T resId, const OPAQUE_T& data) {
      |                                                        ~~~~~^~~~~
/mnt/d/Dev/Friendly-LwM2M-Client/wpp/registry/data_model/object/observer/ObjOpObserver.h: In member function ‘virtual void wpp::ObjOpObserver::instanceDeleting(wpp::Object&, wpp::ID_T)’:
/mnt/d/Dev/Friendly-LwM2M-Client/wpp/registry/data_model/object/observer/ObjOpObserver.h:41:43: warning: unused parameter ‘object’ [-Wunused-parameter]
   41 |     virtual void instanceDeleting(Object &object, ID_T instanceId) {};
      |                                   ~~~~~~~~^~~~~~
/mnt/d/Dev/Friendly-LwM2M-Client/wpp/registry/data_model/object/observer/ObjOpObserver.h:41:56: warning: unused parameter ‘instanceId’ [-Wunused-parameter]
   41 |     virtual void instanceDeleting(Object &object, ID_T instanceId) {};
      |                                                   ~~~~~^~~~~~~~~~
/mnt/d/Dev/Friendly-LwM2M-Client/wpp/registry/objects/w_10532_zigbee_coordinator/ZigbeeCoordinator.cpp:290:84: warning: unused parameter ‘data’ [-Wunused-parameter]
  290 | bool ZigbeeCoordinator::startTouchlink(Instance& inst, ID_T resId, const OPAQUE_T& data) {
      |                                                                    ~~~~~~~~~~~~~~~~^~~~
/mnt/d/Dev/Friendly-LwM2M-Client/wpp/registry/objects/w_10532_zigbee_coordinator/ZigbeeCoordinator.cpp: In static member function ‘static bool wpp::ZigbeeCoordinator::backupNetwork(wpp::Instance&, wpp::ID_T, const wpp::OPAQUE_T&)’:
/mnt/d/Dev/Friendly-LwM2M-Client/wpp/registry/objects/w_10532_zigbee_coordinator/ZigbeeCoordinator.cpp:303:60: warning: unused parameter ‘resId’ [-Wunused-parameter]
  303 | bool ZigbeeCoordinator::backupNetwork(Instance& inst, ID_T resId, const OPAQUE_T& data) {
      |                                                       ~~~~~^~~~~
/mnt/d/Dev/Friendly-LwM2M-Client/wpp/registry/objects/w_10532_zigbee_coordinator/ZigbeeCoordinator.cpp:303:83: warning: unused parameter ‘data’ [-Wunused-parameter]
  303 | bool ZigbeeCoordinator::backupNetwork(Instance& inst, ID_T resId, const OPAQUE_T& data) {
      |                                                                   ~~~~~~~~~~~~~~~~^~~~
/mnt/d/Dev/Friendly-LwM2M-Client/wpp/registry/objects/w_10535_lan_configuration/LanConfiguration.cpp:52:54: warning: ISO C++11 requires at least one argument for the "..." in a variadic macro
   52 |     WPP_LOGD(TAG, "LanConfiguration instance created");
      |                                                      ^
/mnt/d/Dev/Friendly-LwM2M-Client/wpp/registry/objects/w_10535_lan_configuration/LanConfiguration.cpp:56:56: warning: ISO C++11 requires at least one argument for the "..." in a variadic macro
   56 |     WPP_LOGD(TAG, "LanConfiguration instance destroyed");
      |                                                        ^
/mnt/d/Dev/Friendly-LwM2M-Client/wpp/registry/objects/w_10535_lan_configuration/LanConfiguration.cpp:138:66: warning: ISO C++11 requires at least one argument for the "..." in a variadic macro
  138 |     WPP_LOGD(TAG, "Initializing LanConfiguration resource values");
      |                                                                  ^
/mnt/d/Dev/Friendly-LwM2M-Client/wpp/registry/objects/w_10535_lan_configuration/LanConfiguration.cpp:193:78: warning: ISO C++11 requires at least one argument for the "..." in a variadic macro
  193 |     WPP_LOGW(TAG, "OpenWRT build not enabled, cannot apply LAN configuration");
      |                                                                              ^
/mnt/d/Dev/Friendly-LwM2M-Client/wpp/registry/objects/w_10534_zigbee_group/ZigbeeGroup.cpp: In function ‘std::string wpp::execCommand(const std::string&)’:
/mnt/d/Dev/Friendly-LwM2M-Client/wpp/registry/objects/w_10534_zigbee_group/ZigbeeGroup.cpp:83:44: warning: ignoring attributes on template argument ‘int (*)(FILE*)’ [-Wignored-attributes]
   83 |     std::unique_ptr<FILE, decltype(&pclose)> pipe(popen(cmd.c_str(), "r"), pclose);
      |                                            ^
/mnt/d/Dev/Friendly-LwM2M-Client/wpp/registry/objects/w_10533_zigbee_device/ZigbeeDevice.cpp: In function ‘std::string wpp::execCommand(const std::string&)’:
/mnt/d/Dev/Friendly-LwM2M-Client/wpp/registry/objects/w_10533_zigbee_device/ZigbeeDevice.cpp:48:44: warning: ignoring attributes on template argument ‘int (*)(FILE*)’ [-Wignored-attributes]
   48 |     std::unique_ptr<FILE, decltype(&pclose)> pipe(popen(cmd.c_str(), "r"), pclose);
      |                                            ^
/mnt/d/Dev/Friendly-LwM2M-Client/wpp/registry/objects/w_10533_zigbee_device/ZigbeeDevice.cpp: In function ‘bool wpp::readZigbee2mqttDevice(uint64_t, std::string&, std::string&, std::string&, uint8_t&, int8_t&, bool&)’:
/mnt/d/Dev/Friendly-LwM2M-Client/wpp/registry/objects/w_10533_zigbee_device/ZigbeeDevice.cpp:63:44: warning: unused parameter ‘ieeeAddress’ [-Wunused-parameter]
   63 | static bool readZigbee2mqttDevice(uint64_t ieeeAddress, std::string& manufacturer,
      |                                   ~~~~~~~~~^~~~~~~~~~~
/mnt/d/Dev/Friendly-LwM2M-Client/wpp/registry/objects/w_10533_zigbee_device/ZigbeeDevice.cpp:63:70: warning: unused parameter ‘manufacturer’ [-Wunused-parameter]
   63 | static bool readZigbee2mqttDevice(uint64_t ieeeAddress, std::string& manufacturer,
      |                                                         ~~~~~~~~~~~~~^~~~~~~~~~~~
/mnt/d/Dev/Friendly-LwM2M-Client/wpp/registry/objects/w_10533_zigbee_device/ZigbeeDevice.cpp:64:49: warning: unused parameter ‘model’ [-Wunused-parameter]
   64 |                                    std::string& model, std::string& fwVersion,
      |                                    ~~~~~~~~~~~~~^~~~~
/mnt/d/Dev/Friendly-LwM2M-Client/wpp/registry/objects/w_10533_zigbee_device/ZigbeeDevice.cpp:64:69: warning: unused parameter ‘fwVersion’ [-Wunused-parameter]
   64 |                                    std::string& model, std::string& fwVersion,
      |                                                        ~~~~~~~~~~~~~^~~~~~~~~
/mnt/d/Dev/Friendly-LwM2M-Client/wpp/registry/objects/w_10533_zigbee_device/ZigbeeDevice.cpp:65:45: warning: unused parameter ‘lqi’ [-Wunused-parameter]
   65 |                                    uint8_t& lqi, int8_t& rssi, bool& online) {
      |                                    ~~~~~~~~~^~~
/mnt/d/Dev/Friendly-LwM2M-Client/wpp/registry/objects/w_10533_zigbee_device/ZigbeeDevice.cpp:65:58: warning: unused parameter ‘rssi’ [-Wunused-parameter]
   65 |                                    uint8_t& lqi, int8_t& rssi, bool& online) {
      |                                                  ~~~~~~~~^~~~
/mnt/d/Dev/Friendly-LwM2M-Client/wpp/registry/objects/w_10533_zigbee_device/ZigbeeDevice.cpp:65:70: warning: unused parameter ‘online’ [-Wunused-parameter]
   65 |                                    uint8_t& lqi, int8_t& rssi, bool& online) {
      |                                                                ~~~~~~^~~~~~
/mnt/d/Dev/Friendly-LwM2M-Client/wpp/registry/objects/w_10533_zigbee_device/ZigbeeDevice.cpp: In member function ‘virtual void wpp::ZigbeeDevice::serverOperationNotifier(wpp::Instance*, wpp::ItemOp::TYPE, const wpp::ResLink&)’:
/mnt/d/Dev/Friendly-LwM2M-Client/wpp/registry/objects/w_10533_zigbee_device/ZigbeeDevice.cpp:161:54: warning: unused parameter ‘securityInst’ [-Wunused-parameter]
  161 | void ZigbeeDevice::serverOperationNotifier(Instance *securityInst, ItemOp::TYPE type, const ResLink &resLink) {
      |                                            ~~~~~~~~~~^~~~~~~~~~~~
/mnt/d/Dev/Friendly-LwM2M-Client/wpp/registry/objects/w_10533_zigbee_device/ZigbeeDevice.cpp: In lambda function:
/mnt/d/Dev/Friendly-LwM2M-Client/wpp/registry/objects/w_10533_zigbee_device/ZigbeeDevice.cpp:255:65: warning: unused parameter ‘client’ [-Wunused-parameter]
  255 |     _updateTaskId = WppTaskQueue::addTask(60, [this](WppClient& client, void* ctx) {
      |                                                      ~~~~~~~~~~~^~~~~~
/mnt/d/Dev/Friendly-LwM2M-Client/wpp/registry/objects/w_10533_zigbee_device/ZigbeeDevice.cpp:255:79: warning: unused parameter ‘ctx’ [-Wunused-parameter]
  255 |     _updateTaskId = WppTaskQueue::addTask(60, [this](WppClient& client, void* ctx) {
      |                                                                         ~~~~~~^~~
/mnt/d/Dev/Friendly-LwM2M-Client/wpp/registry/objects/w_10533_zigbee_device/ZigbeeDevice.cpp: In static member function ‘static bool wpp::ZigbeeDevice::removeDevice(wpp::Instance&, wpp::ID_T, const wpp::OPAQUE_T&)’:
/mnt/d/Dev/Friendly-LwM2M-Client/wpp/registry/objects/w_10533_zigbee_device/ZigbeeDevice.cpp:265:54: warning: unused parameter ‘resId’ [-Wunused-parameter]
  265 | bool ZigbeeDevice::removeDevice(Instance& inst, ID_T resId, const OPAQUE_T& data) {
      |                                                 ~~~~~^~~~~
/mnt/d/Dev/Friendly-LwM2M-Client/wpp/registry/objects/w_10533_zigbee_device/ZigbeeDevice.cpp:265:77: warning: unused parameter ‘data’ [-Wunused-parameter]
  265 | bool ZigbeeDevice::removeDevice(Instance& inst, ID_T resId, const OPAQUE_T& data) {
      |                                                             ~~~~~~~~~~~~~~~~^~~~
/mnt/d/Dev/Friendly-LwM2M-Client/wpp/registry/objects/w_10533_zigbee_device/ZigbeeDevice.cpp: In static member function ‘static bool wpp::ZigbeeDevice::interviewDevice(wpp::Instance&, wpp::ID_T, const wpp::OPAQUE_T&)’:
/mnt/d/Dev/Friendly-LwM2M-Client/wpp/registry/objects/w_10533_zigbee_device/ZigbeeDevice.cpp:301:57: warning: unused parameter ‘resId’ [-Wunused-parameter]
  301 | bool ZigbeeDevice::interviewDevice(Instance& inst, ID_T resId, const OPAQUE_T& data) {
      |                                                    ~~~~~^~~~~
/mnt/d/Dev/Friendly-LwM2M-Client/wpp/registry/objects/w_10533_zigbee_device/ZigbeeDevice.cpp:301:80: warning: unused parameter ‘data’ [-Wunused-parameter]
  301 | bool ZigbeeDevice::interviewDevice(Instance& inst, ID_T resId, const OPAQUE_T& data) {
      |                                                                ~~~~~~~~~~~~~~~~^~~~
/mnt/d/Dev/Friendly-LwM2M-Client/wpp/registry/objects/w_10533_zigbee_device/ZigbeeDevice.cpp: In static member function ‘static bool wpp::ZigbeeDevice::pingDevice(wpp::Instance&, wpp::ID_T, const wpp::OPAQUE_T&)’:
/mnt/d/Dev/Friendly-LwM2M-Client/wpp/registry/objects/w_10533_zigbee_device/ZigbeeDevice.cpp:347:52: warning: unused parameter ‘resId’ [-Wunused-parameter]
  347 | bool ZigbeeDevice::pingDevice(Instance& inst, ID_T resId, const OPAQUE_T& data) {
      |                                               ~~~~~^~~~~
/mnt/d/Dev/Friendly-LwM2M-Client/wpp/registry/objects/w_10533_zigbee_device/ZigbeeDevice.cpp:347:75: warning: unused parameter ‘data’ [-Wunused-parameter]
  347 | bool ZigbeeDevice::pingDevice(Instance& inst, ID_T resId, const OPAQUE_T& data) {
      |                                                           ~~~~~~~~~~~~~~~~^~~~
/mnt/d/Dev/Friendly-LwM2M-Client/wpp/registry/objects/w_10533_zigbee_device/ZigbeeDevice.cpp: In static member function ‘static bool wpp::ZigbeeDevice::readAttribute(wpp::Instance&, wpp::ID_T, const wpp::OPAQUE_T&)’:
/mnt/d/Dev/Friendly-LwM2M-Client/wpp/registry/objects/w_10533_zigbee_device/ZigbeeDevice.cpp:387:55: warning: unused parameter ‘resId’ [-Wunused-parameter]
  387 | bool ZigbeeDevice::readAttribute(Instance& inst, ID_T resId, const OPAQUE_T& data) {
      |                                                  ~~~~~^~~~~
/mnt/d/Dev/Friendly-LwM2M-Client/wpp/registry/objects/w_10533_zigbee_device/ZigbeeDevice.cpp: In static member function ‘static bool wpp::ZigbeeDevice::writeAttribute(wpp::Instance&, wpp::ID_T, const wpp::OPAQUE_T&)’:
/mnt/d/Dev/Friendly-LwM2M-Client/wpp/registry/objects/w_10533_zigbee_device/ZigbeeDevice.cpp:422:56: warning: unused parameter ‘resId’ [-Wunused-parameter]
  422 | bool ZigbeeDevice::writeAttribute(Instance& inst, ID_T resId, const OPAQUE_T& data) {
      |                                                   ~~~~~^~~~~
/mnt/d/Dev/Friendly-LwM2M-Client/wpp/registry/objects/w_10534_zigbee_group/ZigbeeGroup.cpp: In static member function ‘static bool wpp::ZigbeeGroup::addMember(wpp::Instance&, wpp::ID_T, const wpp::OPAQUE_T&)’:
/mnt/d/Dev/Friendly-LwM2M-Client/wpp/registry/objects/w_10534_zigbee_group/ZigbeeGroup.cpp:186:50: warning: unused parameter ‘resId’ [-Wunused-parameter]
  186 | bool ZigbeeGroup::addMember(Instance& inst, ID_T resId, const OPAQUE_T& data) {
      |                                             ~~~~~^~~~~
/mnt/d/Dev/Friendly-LwM2M-Client/wpp/registry/objects/w_10534_zigbee_group/ZigbeeGroup.cpp: In static member function ‘static bool wpp::ZigbeeGroup::removeMember(wpp::Instance&, wpp::ID_T, const wpp::OPAQUE_T&)’:
/mnt/d/Dev/Friendly-LwM2M-Client/wpp/registry/objects/w_10534_zigbee_group/ZigbeeGroup.cpp:233:53: warning: unused parameter ‘resId’ [-Wunused-parameter]
  233 | bool ZigbeeGroup::removeMember(Instance& inst, ID_T resId, const OPAQUE_T& data) {
      |                                                ~~~~~^~~~~
/mnt/d/Dev/Friendly-LwM2M-Client/wpp/registry/objects/w_10534_zigbee_group/ZigbeeGroup.cpp: In static member function ‘static bool wpp::ZigbeeGroup::sceneRecall(wpp::Instance&, wpp::ID_T, const wpp::OPAQUE_T&)’:
/mnt/d/Dev/Friendly-LwM2M-Client/wpp/registry/objects/w_10534_zigbee_group/ZigbeeGroup.cpp:274:52: warning: unused parameter ‘resId’ [-Wunused-parameter]
  274 | bool ZigbeeGroup::sceneRecall(Instance& inst, ID_T resId, const OPAQUE_T& data) {
      |                                               ~~~~~^~~~~
/mnt/d/Dev/Friendly-LwM2M-Client/wpp/registry/objects/w_10534_zigbee_group/ZigbeeGroup.cpp: In static member function ‘static bool wpp::ZigbeeGroup::sceneStore(wpp::Instance&, wpp::ID_T, const wpp::OPAQUE_T&)’:
/mnt/d/Dev/Friendly-LwM2M-Client/wpp/registry/objects/w_10534_zigbee_group/ZigbeeGroup.cpp:304:51: warning: unused parameter ‘resId’ [-Wunused-parameter]
  304 | bool ZigbeeGroup::sceneStore(Instance& inst, ID_T resId, const OPAQUE_T& data) {
      |                                              ~~~~~^~~~~
/mnt/d/Dev/Friendly-LwM2M-Client/wpp/registry/objects/w_10534_zigbee_group/ZigbeeGroup.cpp: In static member function ‘static bool wpp::ZigbeeGroup::turnOn(wpp::Instance&, wpp::ID_T, const wpp::OPAQUE_T&)’:
/mnt/d/Dev/Friendly-LwM2M-Client/wpp/registry/objects/w_10534_zigbee_group/ZigbeeGroup.cpp:335:47: warning: unused parameter ‘resId’ [-Wunused-parameter]
  335 | bool ZigbeeGroup::turnOn(Instance& inst, ID_T resId, const OPAQUE_T& data) {
      |                                          ~~~~~^~~~~
/mnt/d/Dev/Friendly-LwM2M-Client/wpp/registry/objects/w_10534_zigbee_group/ZigbeeGroup.cpp:335:70: warning: unused parameter ‘data’ [-Wunused-parameter]
  335 | bool ZigbeeGroup::turnOn(Instance& inst, ID_T resId, const OPAQUE_T& data) {
      |                                                      ~~~~~~~~~~~~~~~~^~~~
/mnt/d/Dev/Friendly-LwM2M-Client/wpp/registry/objects/w_10534_zigbee_group/ZigbeeGroup.cpp: In static member function ‘static bool wpp::ZigbeeGroup::turnOff(wpp::Instance&, wpp::ID_T, const wpp::OPAQUE_T&)’:
/mnt/d/Dev/Friendly-LwM2M-Client/wpp/registry/objects/w_10534_zigbee_group/ZigbeeGroup.cpp:351:48: warning: unused parameter ‘resId’ [-Wunused-parameter]
  351 | bool ZigbeeGroup::turnOff(Instance& inst, ID_T resId, const OPAQUE_T& data) {
      |                                           ~~~~~^~~~~
/mnt/d/Dev/Friendly-LwM2M-Client/wpp/registry/objects/w_10534_zigbee_group/ZigbeeGroup.cpp:351:71: warning: unused parameter ‘data’ [-Wunused-parameter]
  351 | bool ZigbeeGroup::turnOff(Instance& inst, ID_T resId, const OPAQUE_T& data) {
      |                                                       ~~~~~~~~~~~~~~~~^~~~
/mnt/d/Dev/Friendly-LwM2M-Client/wpp/registry/objects/w_10534_zigbee_group/ZigbeeGroup.cpp: In static member function ‘static bool wpp::ZigbeeGroup::toggle(wpp::Instance&, wpp::ID_T, const wpp::OPAQUE_T&)’:
/mnt/d/Dev/Friendly-LwM2M-Client/wpp/registry/objects/w_10534_zigbee_group/ZigbeeGroup.cpp:367:47: warning: unused parameter ‘resId’ [-Wunused-parameter]
  367 | bool ZigbeeGroup::toggle(Instance& inst, ID_T resId, const OPAQUE_T& data) {
      |                                          ~~~~~^~~~~
/mnt/d/Dev/Friendly-LwM2M-Client/wpp/registry/objects/w_10534_zigbee_group/ZigbeeGroup.cpp:367:70: warning: unused parameter ‘data’ [-Wunused-parameter]
  367 | bool ZigbeeGroup::toggle(Instance& inst, ID_T resId, const OPAQUE_T& data) {
      |                                                      ~~~~~~~~~~~~~~~~^~~~
/mnt/d/Dev/Friendly-LwM2M-Client/wpp/registry/objects/w_10534_zigbee_group/ZigbeeGroup.cpp: In static member function ‘static bool wpp::ZigbeeGroup::setLevel(wpp::Instance&, wpp::ID_T, const wpp::OPAQUE_T&)’:
/mnt/d/Dev/Friendly-LwM2M-Client/wpp/registry/objects/w_10534_zigbee_group/ZigbeeGroup.cpp:383:49: warning: unused parameter ‘resId’ [-Wunused-parameter]
  383 | bool ZigbeeGroup::setLevel(Instance& inst, ID_T resId, const OPAQUE_T& data) {
      |                                            ~~~~~^~~~~
/mnt/d/Dev/Friendly-LwM2M-Client/wpp/registry/objects/w_10534_zigbee_group/ZigbeeGroup.cpp: In static member function ‘static bool wpp::ZigbeeGroup::setColor(wpp::Instance&, wpp::ID_T, const wpp::OPAQUE_T&)’:
/mnt/d/Dev/Friendly-LwM2M-Client/wpp/registry/objects/w_10534_zigbee_group/ZigbeeGroup.cpp:416:49: warning: unused parameter ‘resId’ [-Wunused-parameter]
  416 | bool ZigbeeGroup::setColor(Instance& inst, ID_T resId, const OPAQUE_T& data) {
      |                                            ~~~~~^~~~~
/mnt/d/Dev/Friendly-LwM2M-Client/wpp/registry/objects/w_10531_thread_network/ThreadNetwork.cpp: In static member function ‘static bool wpp::ThreadNetwork::createNetwork(wpp::Instance&, wpp::ID_T, const wpp::OPAQUE_T&)’:
/mnt/d/Dev/Friendly-LwM2M-Client/wpp/registry/objects/w_10531_thread_network/ThreadNetwork.cpp:107:56: warning: unused parameter ‘resId’ [-Wunused-parameter]
  107 | bool ThreadNetwork::createNetwork(Instance& inst, ID_T resId, const OPAQUE_T& data) {
      |                                                   ~~~~~^~~~~
/mnt/d/Dev/Friendly-LwM2M-Client/wpp/registry/objects/w_10531_thread_network/ThreadNetwork.cpp:107:79: warning: unused parameter ‘data’ [-Wunused-parameter]
  107 | bool ThreadNetwork::createNetwork(Instance& inst, ID_T resId, const OPAQUE_T& data) {
      |                                                               ~~~~~~~~~~~~~~~~^~~~
/mnt/d/Dev/Friendly-LwM2M-Client/wpp/registry/objects/w_10531_thread_network/ThreadNetwork.cpp: In static member function ‘static bool wpp::ThreadNetwork::startBorderRouter(wpp::Instance&, wpp::ID_T, const wpp::OPAQUE_T&)’:
/mnt/d/Dev/Friendly-LwM2M-Client/wpp/registry/objects/w_10531_thread_network/ThreadNetwork.cpp:128:60: warning: unused parameter ‘resId’ [-Wunused-parameter]
  128 | bool ThreadNetwork::startBorderRouter(Instance& inst, ID_T resId, const OPAQUE_T& data) {
      |                                                       ~~~~~^~~~~
/mnt/d/Dev/Friendly-LwM2M-Client/wpp/registry/objects/w_10531_thread_network/ThreadNetwork.cpp:128:83: warning: unused parameter ‘data’ [-Wunused-parameter]
  128 | bool ThreadNetwork::startBorderRouter(Instance& inst, ID_T resId, const OPAQUE_T& data) {
      |                                                                   ~~~~~~~~~~~~~~~~^~~~
/mnt/d/Dev/Friendly-LwM2M-Client/wpp/registry/objects/w_10531_thread_network/ThreadNetwork.cpp: In static member function ‘static bool wpp::ThreadNetwork::stopBorderRouter(wpp::Instance&, wpp::ID_T, const wpp::OPAQUE_T&)’:
/mnt/d/Dev/Friendly-LwM2M-Client/wpp/registry/objects/w_10531_thread_network/ThreadNetwork.cpp:168:59: warning: unused parameter ‘resId’ [-Wunused-parameter]
  168 | bool ThreadNetwork::stopBorderRouter(Instance& inst, ID_T resId, const OPAQUE_T& data) {
      |                                                      ~~~~~^~~~~
/mnt/d/Dev/Friendly-LwM2M-Client/wpp/registry/objects/w_10531_thread_network/ThreadNetwork.cpp:168:82: warning: unused parameter ‘data’ [-Wunused-parameter]
  168 | bool ThreadNetwork::stopBorderRouter(Instance& inst, ID_T resId, const OPAQUE_T& data) {
      |                                                                  ~~~~~~~~~~~~~~~~^~~~
/mnt/d/Dev/Friendly-LwM2M-Client/wpp/registry/objects/w_10531_thread_network/ThreadNetwork.cpp: In member function ‘void wpp::ThreadNetwork::updateBorderRouterState(BorderRouterState)’:
/mnt/d/Dev/Friendly-LwM2M-Client/wpp/registry/objects/w_10531_thread_network/ThreadNetwork.cpp:252:17: warning: variable ‘stateStr’ set but not used [-Wunused-but-set-variable]
  252 |     const char* stateStr = "Unknown";
      |                 ^~~~~~~~
In file included from /mnt/d/Dev/Friendly-LwM2M-Client/wpp/registry/data_model/instance/observer/InstSubject.h:7,
                 from /mnt/d/Dev/Friendly-LwM2M-Client/wpp/registry/data_model/instance/Instance.h:17,
                 from /mnt/d/Dev/Friendly-LwM2M-Client/wpp/registry/objects/w_10535_lan_configuration/LanConfiguration.h:13,
                 from /mnt/d/Dev/Friendly-LwM2M-Client/wpp/registry/objects/w_10535_lan_configuration/LanConfiguration.cpp:6:
/mnt/d/Dev/Friendly-LwM2M-Client/wpp/registry/data_model/instance/observer/InstOpObserver.h: In member function ‘virtual void wpp::InstOpObserver::resourceWrite(wpp::Instance&, const wpp::ResLink&)’:
/mnt/d/Dev/Friendly-LwM2M-Client/wpp/registry/data_model/instance/observer/InstOpObserver.h:24:42: warning: unused parameter ‘inst’ [-Wunused-parameter]
   24 |     virtual void resourceWrite(Instance &inst, const ResLink &resource) {};
      |                                ~~~~~~~~~~^~~~
/mnt/d/Dev/Friendly-LwM2M-Client/wpp/registry/data_model/instance/observer/InstOpObserver.h:24:63: warning: unused parameter ‘resource’ [-Wunused-parameter]
   24 |     virtual void resourceWrite(Instance &inst, const ResLink &resource) {};
      |                                                ~~~~~~~~~~~~~~~^~~~~~~~
/mnt/d/Dev/Friendly-LwM2M-Client/wpp/registry/data_model/instance/observer/InstOpObserver.h: In member function ‘virtual void wpp::InstOpObserver::resourceExecute(wpp::Instance&, const wpp::ResLink&)’:
/mnt/d/Dev/Friendly-LwM2M-Client/wpp/registry/data_model/instance/observer/InstOpObserver.h:29:44: warning: unused parameter ‘inst’ [-Wunused-parameter]
   29 |     virtual void resourceExecute(Instance &inst, const ResLink &resource) {};
      |                                  ~~~~~~~~~~^~~~
/mnt/d/Dev/Friendly-LwM2M-Client/wpp/registry/data_model/instance/observer/InstOpObserver.h:29:65: warning: unused parameter ‘resource’ [-Wunused-parameter]
   29 |     virtual void resourceExecute(Instance &inst, const ResLink &resource) {};
      |                                                  ~~~~~~~~~~~~~~~^~~~~~~~
In file included from /mnt/d/Dev/Friendly-LwM2M-Client/wpp/registry/data_model/instance/observer/InstSubject.h:8:
/mnt/d/Dev/Friendly-LwM2M-Client/wpp/registry/data_model/instance/observer/InstEventObserver.h: In member function ‘virtual void wpp::InstEventObserver::instEvent(wpp::Instance&, wpp::EVENT_ID_T)’:
/mnt/d/Dev/Friendly-LwM2M-Client/wpp/registry/data_model/instance/observer/InstEventObserver.h:25:38: warning: unused parameter ‘inst’ [-Wunused-parameter]
   25 |     virtual void instEvent(Instance &inst, EVENT_ID_T eventId) {};
      |                            ~~~~~~~~~~^~~~
/mnt/d/Dev/Friendly-LwM2M-Client/wpp/registry/data_model/instance/observer/InstEventObserver.h:25:55: warning: unused parameter ‘eventId’ [-Wunused-parameter]
   25 |     virtual void instEvent(Instance &inst, EVENT_ID_T eventId) {};
      |                                            ~~~~~~~~~~~^~~~~~~
In file included from /mnt/d/Dev/Friendly-LwM2M-Client/wpp/registry/data_model/object/observer/ObjSubject.h:7,
                 from /mnt/d/Dev/Friendly-LwM2M-Client/wpp/registry/data_model/object/Object.h:14,
                 from /mnt/d/Dev/Friendly-LwM2M-Client/wpp/registry/data_model/object/ObjectImpl.h:11,
                 from /mnt/d/Dev/Friendly-LwM2M-Client/wpp/registry/WppRegistry.h:12,
                 from /mnt/d/Dev/Friendly-LwM2M-Client/wpp/client/WppClient.h:16,
                 from /mnt/d/Dev/Friendly-LwM2M-Client/wpp/registry/objects/w_10535_lan_configuration/LanConfiguration.cpp:7:
/mnt/d/Dev/Friendly-LwM2M-Client/wpp/registry/data_model/object/observer/ObjOpObserver.h: In member function ‘virtual void wpp::ObjOpObserver::instanceCreated(wpp::Object&, wpp::ID_T)’:
/mnt/d/Dev/Friendly-LwM2M-Client/wpp/registry/data_model/object/observer/ObjOpObserver.h:30:42: warning: unused parameter ‘object’ [-Wunused-parameter]
   30 |     virtual void instanceCreated(Object &object, ID_T instanceId) {};
      |                                  ~~~~~~~~^~~~~~
/mnt/d/Dev/Friendly-LwM2M-Client/wpp/registry/data_model/object/observer/ObjOpObserver.h:30:55: warning: unused parameter ‘instanceId’ [-Wunused-parameter]
   30 |     virtual void instanceCreated(Object &object, ID_T instanceId) {};
      |                                                  ~~~~~^~~~~~~~~~
/mnt/d/Dev/Friendly-LwM2M-Client/wpp/registry/data_model/object/observer/ObjOpObserver.h: In member function ‘virtual void wpp::ObjOpObserver::instanceDeleting(wpp::Object&, wpp::ID_T)’:
/mnt/d/Dev/Friendly-LwM2M-Client/wpp/registry/data_model/object/observer/ObjOpObserver.h:41:43: warning: unused parameter ‘object’ [-Wunused-parameter]
   41 |     virtual void instanceDeleting(Object &object, ID_T instanceId) {};
      |                                   ~~~~~~~~^~~~~~
/mnt/d/Dev/Friendly-LwM2M-Client/wpp/registry/data_model/object/observer/ObjOpObserver.h:41:56: warning: unused parameter ‘instanceId’ [-Wunused-parameter]
   41 |     virtual void instanceDeleting(Object &object, ID_T instanceId) {};
      |                                                   ~~~~~^~~~~~~~~~
/mnt/d/Dev/Friendly-LwM2M-Client/wpp/registry/objects/w_10536_routing_table/RoutingTable.cpp:54:50: warning: ISO C++11 requires at least one argument for the "..." in a variadic macro
   54 |     WPP_LOGD(TAG, "RoutingTable instance created");
      |                                                  ^
/mnt/d/Dev/Friendly-LwM2M-Client/wpp/registry/objects/w_10536_routing_table/RoutingTable.cpp:58:52: warning: ISO C++11 requires at least one argument for the "..." in a variadic macro
   58 |     WPP_LOGD(TAG, "RoutingTable instance destroyed");
      |                                                    ^
/mnt/d/Dev/Friendly-LwM2M-Client/wpp/registry/objects/w_10536_routing_table/RoutingTable.cpp:173:62: warning: ISO C++11 requires at least one argument for the "..." in a variadic macro
  173 |     WPP_LOGD(TAG, "Initializing RoutingTable resource values");
      |                                                              ^
/mnt/d/Dev/Friendly-LwM2M-Client/wpp/registry/objects/w_10536_routing_table/RoutingTable.cpp:216:64: warning: ISO C++11 requires at least one argument for the "..." in a variadic macro
  216 |     WPP_LOGW(TAG, "OpenWRT build not enabled, cannot add route");
      |                                                                ^
/mnt/d/Dev/Friendly-LwM2M-Client/wpp/registry/objects/w_10536_routing_table/RoutingTable.cpp:237:67: warning: ISO C++11 requires at least one argument for the "..." in a variadic macro
  237 |     WPP_LOGW(TAG, "OpenWRT build not enabled, cannot delete route");
      |                                                                   ^
/mnt/d/Dev/Friendly-LwM2M-Client/wpp/registry/objects/w_10536_routing_table/RoutingTable.cpp:265:67: warning: ISO C++11 requires at least one argument for the "..." in a variadic macro
  265 |     WPP_LOGW(TAG, "OpenWRT build not enabled, cannot flush routes");
      |                                                                   ^
/mnt/d/Dev/Friendly-LwM2M-Client/wpp/registry/objects/w_10536_routing_table/RoutingTable.cpp:286:68: warning: ISO C++11 requires at least one argument for the "..." in a variadic macro
  286 |     WPP_LOGW(TAG, "OpenWRT build not enabled, cannot reload routes");
      |                                                                    ^
/mnt/d/Dev/Friendly-LwM2M-Client/wpp/registry/objects/w_10533_zigbee_device/ZigbeeDevice.cpp: At global scope:
/mnt/d/Dev/Friendly-LwM2M-Client/wpp/registry/objects/w_10533_zigbee_device/ZigbeeDevice.cpp:45:20: warning: ‘std::string wpp::execCommand(const std::string&)’ defined but not used [-Wunused-function]
   45 | static std::string execCommand(const std::string& cmd) {
      |                    ^~~~~~~~~~~
/mnt/d/Dev/Friendly-LwM2M-Client/wpp/registry/objects/w_10534_zigbee_group/ZigbeeGroup.cpp: At global scope:
/mnt/d/Dev/Friendly-LwM2M-Client/wpp/registry/objects/w_10534_zigbee_group/ZigbeeGroup.cpp:80:20: warning: ‘std::string wpp::execCommand(const std::string&)’ defined but not used [-Wunused-function]
   80 | static std::string execCommand(const std::string& cmd) {
      |                    ^~~~~~~~~~~
/mnt/d/Dev/Friendly-LwM2M-Client/wpp/registry/objects/w_10534_zigbee_group/ZigbeeGroup.cpp:32:51: warning: ‘std::shared_ptr<zigbee::ZigbeeCoordinator> wpp::getZigbeeCoordinator()’ defined but not used [-Wunused-function]
   32 | static std::shared_ptr<zigbee::ZigbeeCoordinator> getZigbeeCoordinator() {
      |                                                   ^~~~~~~~~~~~~~~~~~~~
In file included from /mnt/d/Dev/Friendly-LwM2M-Client/wpp/registry/data_model/instance/observer/InstSubject.h:7,
                 from /mnt/d/Dev/Friendly-LwM2M-Client/wpp/registry/data_model/instance/Instance.h:17,
                 from /mnt/d/Dev/Friendly-LwM2M-Client/wpp/registry/objects/w_10536_routing_table/RoutingTable.h:14,
                 from /mnt/d/Dev/Friendly-LwM2M-Client/wpp/registry/objects/w_10536_routing_table/RoutingTable.cpp:6:
/mnt/d/Dev/Friendly-LwM2M-Client/wpp/registry/data_model/instance/observer/InstOpObserver.h: In member function ‘virtual void wpp::InstOpObserver::resourceWrite(wpp::Instance&, const wpp::ResLink&)’:
/mnt/d/Dev/Friendly-LwM2M-Client/wpp/registry/data_model/instance/observer/InstOpObserver.h:24:42: warning: unused parameter ‘inst’ [-Wunused-parameter]
   24 |     virtual void resourceWrite(Instance &inst, const ResLink &resource) {};
      |                                ~~~~~~~~~~^~~~
/mnt/d/Dev/Friendly-LwM2M-Client/wpp/registry/data_model/instance/observer/InstOpObserver.h:24:63: warning: unused parameter ‘resource’ [-Wunused-parameter]
   24 |     virtual void resourceWrite(Instance &inst, const ResLink &resource) {};
      |                                                ~~~~~~~~~~~~~~~^~~~~~~~
/mnt/d/Dev/Friendly-LwM2M-Client/wpp/registry/data_model/instance/observer/InstOpObserver.h: In member function ‘virtual void wpp::InstOpObserver::resourceExecute(wpp::Instance&, const wpp::ResLink&)’:
/mnt/d/Dev/Friendly-LwM2M-Client/wpp/registry/data_model/instance/observer/InstOpObserver.h:29:44: warning: unused parameter ‘inst’ [-Wunused-parameter]
   29 |     virtual void resourceExecute(Instance &inst, const ResLink &resource) {};
      |                                  ~~~~~~~~~~^~~~
/mnt/d/Dev/Friendly-LwM2M-Client/wpp/registry/data_model/instance/observer/InstOpObserver.h:29:65: warning: unused parameter ‘resource’ [-Wunused-parameter]
   29 |     virtual void resourceExecute(Instance &inst, const ResLink &resource) {};
      |                                                  ~~~~~~~~~~~~~~~^~~~~~~~
In file included from /mnt/d/Dev/Friendly-LwM2M-Client/wpp/registry/data_model/instance/observer/InstSubject.h:8:
/mnt/d/Dev/Friendly-LwM2M-Client/wpp/registry/data_model/instance/observer/InstEventObserver.h: In member function ‘virtual void wpp::InstEventObserver::instEvent(wpp::Instance&, wpp::EVENT_ID_T)’:
/mnt/d/Dev/Friendly-LwM2M-Client/wpp/registry/data_model/instance/observer/InstEventObserver.h:25:38: warning: unused parameter ‘inst’ [-Wunused-parameter]
   25 |     virtual void instEvent(Instance &inst, EVENT_ID_T eventId) {};
      |                            ~~~~~~~~~~^~~~
/mnt/d/Dev/Friendly-LwM2M-Client/wpp/registry/data_model/instance/observer/InstEventObserver.h:25:55: warning: unused parameter ‘eventId’ [-Wunused-parameter]
   25 |     virtual void instEvent(Instance &inst, EVENT_ID_T eventId) {};
      |                                            ~~~~~~~~~~~^~~~~~~
In file included from /mnt/d/Dev/Friendly-LwM2M-Client/wpp/registry/data_model/object/observer/ObjSubject.h:7,
                 from /mnt/d/Dev/Friendly-LwM2M-Client/wpp/registry/data_model/object/Object.h:14,
                 from /mnt/d/Dev/Friendly-LwM2M-Client/wpp/registry/data_model/object/ObjectImpl.h:11,
                 from /mnt/d/Dev/Friendly-LwM2M-Client/wpp/registry/WppRegistry.h:12,
                 from /mnt/d/Dev/Friendly-LwM2M-Client/wpp/client/WppClient.h:16,
                 from /mnt/d/Dev/Friendly-LwM2M-Client/wpp/registry/objects/w_10536_routing_table/RoutingTable.cpp:7:
/mnt/d/Dev/Friendly-LwM2M-Client/wpp/registry/data_model/object/observer/ObjOpObserver.h: In member function ‘virtual void wpp::ObjOpObserver::instanceCreated(wpp::Object&, wpp::ID_T)’:
/mnt/d/Dev/Friendly-LwM2M-Client/wpp/registry/data_model/object/observer/ObjOpObserver.h:30:42: warning: unused parameter ‘object’ [-Wunused-parameter]
   30 |     virtual void instanceCreated(Object &object, ID_T instanceId) {};
      |                                  ~~~~~~~~^~~~~~
/mnt/d/Dev/Friendly-LwM2M-Client/wpp/registry/data_model/object/observer/ObjOpObserver.h:30:55: warning: unused parameter ‘instanceId’ [-Wunused-parameter]
   30 |     virtual void instanceCreated(Object &object, ID_T instanceId) {};
      |                                                  ~~~~~^~~~~~~~~~
/mnt/d/Dev/Friendly-LwM2M-Client/wpp/registry/data_model/object/observer/ObjOpObserver.h: In member function ‘virtual void wpp::ObjOpObserver::instanceDeleting(wpp::Object&, wpp::ID_T)’:
/mnt/d/Dev/Friendly-LwM2M-Client/wpp/registry/data_model/object/observer/ObjOpObserver.h:41:43: warning: unused parameter ‘object’ [-Wunused-parameter]
   41 |     virtual void instanceDeleting(Object &object, ID_T instanceId) {};
      |                                   ~~~~~~~~^~~~~~
/mnt/d/Dev/Friendly-LwM2M-Client/wpp/registry/data_model/object/observer/ObjOpObserver.h:41:56: warning: unused parameter ‘instanceId’ [-Wunused-parameter]
   41 |     virtual void instanceDeleting(Object &object, ID_T instanceId) {};
      |                                                   ~~~~~^~~~~~~~~~
/mnt/d/Dev/Friendly-LwM2M-Client/wpp/registry/objects/w_10537_vpn_configuration/VpnConfiguration.cpp:55:54: warning: ISO C++11 requires at least one argument for the "..." in a variadic macro
   55 |     WPP_LOGD(TAG, "VpnConfiguration instance created");
      |                                                      ^
/mnt/d/Dev/Friendly-LwM2M-Client/wpp/registry/objects/w_10537_vpn_configuration/VpnConfiguration.cpp:77:59: warning: ISO C++11 requires at least one argument for the "..." in a variadic macro
   77 |             WPP_LOGE(TAG, "Server address cannot be empty");
      |                                                           ^
/mnt/d/Dev/Friendly-LwM2M-Client/wpp/registry/objects/w_10537_vpn_configuration/VpnConfiguration.cpp:177:55: warning: ISO C++11 requires at least one argument for the "..." in a variadic macro
  177 |             WPP_LOGE(TAG, "Invalid certificate format");
      |                                                       ^
/mnt/d/Dev/Friendly-LwM2M-Client/wpp/registry/objects/w_10537_vpn_configuration/VpnConfiguration.cpp:191:55: warning: ISO C++11 requires at least one argument for the "..." in a variadic macro
  191 |             WPP_LOGE(TAG, "Invalid private key format");
      |                                                       ^
/mnt/d/Dev/Friendly-LwM2M-Client/wpp/registry/objects/w_10537_vpn_configuration/VpnConfiguration.cpp:216:66: warning: ISO C++11 requires at least one argument for the "..." in a variadic macro
  216 |     WPP_LOGD(TAG, "Initializing VpnConfiguration resource values");
      |                                                                  ^
/mnt/d/Dev/Friendly-LwM2M-Client/wpp/registry/objects/w_10537_vpn_configuration/VpnConfiguration.cpp:253:44: warning: ISO C++11 requires at least one argument for the "..." in a variadic macro
  253 |     WPP_LOGI(TAG, "Connecting VPN instance");
      |                                            ^
/mnt/d/Dev/Friendly-LwM2M-Client/wpp/registry/objects/w_10537_vpn_configuration/VpnConfiguration.cpp:258:60: warning: ISO C++11 requires at least one argument for the "..." in a variadic macro
  258 |         WPP_LOGW(TAG, "VPN already connected or connecting");
      |                                                            ^
/mnt/d/Dev/Friendly-LwM2M-Client/wpp/registry/objects/w_10537_vpn_configuration/VpnConfiguration.cpp:329:49: warning: ISO C++11 requires at least one argument for the "..." in a variadic macro
  329 |         WPP_LOGW(TAG, "VPN already disconnected");
      |                                                 ^
/mnt/d/Dev/Friendly-LwM2M-Client/wpp/registry/objects/w_10537_vpn_configuration/VpnConfiguration.cpp:402:60: warning: ISO C++11 requires at least one argument for the "..." in a variadic macro
  402 |         WPP_LOGE(TAG, "Failed to regenerate WireGuard keys");
      |                                                            ^
/mnt/d/Dev/Friendly-LwM2M-Client/wpp/registry/objects/w_10537_vpn_configuration/VpnConfiguration.cpp:405:70: warning: ISO C++11 requires at least one argument for the "..." in a variadic macro
  405 |         WPP_LOGW(TAG, "Key regeneration only supported for WireGuard");
      |                                                                      ^
/mnt/d/Dev/Friendly-LwM2M-Client/wpp/registry/objects/w_10537_vpn_configuration/VpnConfiguration.cpp:1269:44: warning: ISO C++11 requires at least one argument for the "..." in a variadic macro
 1269 |     WPP_LOGD(TAG, "Starting VPN monitoring");
      |                                            ^
/mnt/d/Dev/Friendly-LwM2M-Client/wpp/registry/objects/w_10537_vpn_configuration/VpnConfiguration.cpp:1278:44: warning: ISO C++11 requires at least one argument for the "..." in a variadic macro
 1278 |     WPP_LOGD(TAG, "Stopping VPN monitoring");
      |                                            ^
/mnt/d/Dev/Friendly-LwM2M-Client/wpp/registry/objects/w_10535_lan_configuration/LanConfiguration.cpp: In static member function ‘static bool wpp::LanConfiguration::applyConfiguration(wpp::Instance&, wpp::ID_T, const wpp::OPAQUE_T&)’:
/mnt/d/Dev/Friendly-LwM2M-Client/wpp/registry/objects/w_10535_lan_configuration/LanConfiguration.cpp:161:64: warning: unused parameter ‘resId’ [-Wunused-parameter]
  161 | bool LanConfiguration::applyConfiguration(Instance& inst, ID_T resId, const OPAQUE_T& data) {
      |                                                           ~~~~~^~~~~
/mnt/d/Dev/Friendly-LwM2M-Client/wpp/registry/objects/w_10535_lan_configuration/LanConfiguration.cpp:161:87: warning: unused parameter ‘data’ [-Wunused-parameter]
  161 | bool LanConfiguration::applyConfiguration(Instance& inst, ID_T resId, const OPAQUE_T& data) {
      |                                                                       ~~~~~~~~~~~~~~~~^~~~
In file included from /mnt/d/Dev/Friendly-LwM2M-Client/wpp/registry/data_model/instance/observer/InstSubject.h:7,
                 from /mnt/d/Dev/Friendly-LwM2M-Client/wpp/registry/data_model/instance/Instance.h:17,
                 from /mnt/d/Dev/Friendly-LwM2M-Client/wpp/registry/objects/w_10537_vpn_configuration/VpnConfiguration.h:14,
                 from /mnt/d/Dev/Friendly-LwM2M-Client/wpp/registry/objects/w_10537_vpn_configuration/VpnConfiguration.cpp:6:
/mnt/d/Dev/Friendly-LwM2M-Client/wpp/registry/data_model/instance/observer/InstOpObserver.h: In member function ‘virtual void wpp::InstOpObserver::resourceWrite(wpp::Instance&, const wpp::ResLink&)’:
/mnt/d/Dev/Friendly-LwM2M-Client/wpp/registry/data_model/instance/observer/InstOpObserver.h:24:42: warning: unused parameter ‘inst’ [-Wunused-parameter]
   24 |     virtual void resourceWrite(Instance &inst, const ResLink &resource) {};
      |                                ~~~~~~~~~~^~~~
/mnt/d/Dev/Friendly-LwM2M-Client/wpp/registry/data_model/instance/observer/InstOpObserver.h:24:63: warning: unused parameter ‘resource’ [-Wunused-parameter]
   24 |     virtual void resourceWrite(Instance &inst, const ResLink &resource) {};
      |                                                ~~~~~~~~~~~~~~~^~~~~~~~
/mnt/d/Dev/Friendly-LwM2M-Client/wpp/registry/data_model/instance/observer/InstOpObserver.h: In member function ‘virtual void wpp::InstOpObserver::resourceExecute(wpp::Instance&, const wpp::ResLink&)’:
/mnt/d/Dev/Friendly-LwM2M-Client/wpp/registry/data_model/instance/observer/InstOpObserver.h:29:44: warning: unused parameter ‘inst’ [-Wunused-parameter]
   29 |     virtual void resourceExecute(Instance &inst, const ResLink &resource) {};
      |                                  ~~~~~~~~~~^~~~
/mnt/d/Dev/Friendly-LwM2M-Client/wpp/registry/data_model/instance/observer/InstOpObserver.h:29:65: warning: unused parameter ‘resource’ [-Wunused-parameter]
   29 |     virtual void resourceExecute(Instance &inst, const ResLink &resource) {};
      |                                                  ~~~~~~~~~~~~~~~^~~~~~~~
In file included from /mnt/d/Dev/Friendly-LwM2M-Client/wpp/registry/data_model/instance/observer/InstSubject.h:8:
/mnt/d/Dev/Friendly-LwM2M-Client/wpp/registry/data_model/instance/observer/InstEventObserver.h: In member function ‘virtual void wpp::InstEventObserver::instEvent(wpp::Instance&, wpp::EVENT_ID_T)’:
/mnt/d/Dev/Friendly-LwM2M-Client/wpp/registry/data_model/instance/observer/InstEventObserver.h:25:38: warning: unused parameter ‘inst’ [-Wunused-parameter]
   25 |     virtual void instEvent(Instance &inst, EVENT_ID_T eventId) {};
      |                            ~~~~~~~~~~^~~~
/mnt/d/Dev/Friendly-LwM2M-Client/wpp/registry/data_model/instance/observer/InstEventObserver.h:25:55: warning: unused parameter ‘eventId’ [-Wunused-parameter]
   25 |     virtual void instEvent(Instance &inst, EVENT_ID_T eventId) {};
      |                                            ~~~~~~~~~~~^~~~~~~
In file included from /mnt/d/Dev/Friendly-LwM2M-Client/wpp/registry/data_model/object/observer/ObjSubject.h:7,
                 from /mnt/d/Dev/Friendly-LwM2M-Client/wpp/registry/data_model/object/Object.h:14,
                 from /mnt/d/Dev/Friendly-LwM2M-Client/wpp/registry/data_model/object/ObjectImpl.h:11,
                 from /mnt/d/Dev/Friendly-LwM2M-Client/wpp/registry/WppRegistry.h:12,
                 from /mnt/d/Dev/Friendly-LwM2M-Client/wpp/client/WppClient.h:16,
                 from /mnt/d/Dev/Friendly-LwM2M-Client/wpp/registry/objects/w_10537_vpn_configuration/VpnConfiguration.cpp:7:
/mnt/d/Dev/Friendly-LwM2M-Client/wpp/registry/data_model/object/observer/ObjOpObserver.h: In member function ‘virtual void wpp::ObjOpObserver::instanceCreated(wpp::Object&, wpp::ID_T)’:
/mnt/d/Dev/Friendly-LwM2M-Client/wpp/registry/data_model/object/observer/ObjOpObserver.h:30:42: warning: unused parameter ‘object’ [-Wunused-parameter]
   30 |     virtual void instanceCreated(Object &object, ID_T instanceId) {};
      |                                  ~~~~~~~~^~~~~~
/mnt/d/Dev/Friendly-LwM2M-Client/wpp/registry/data_model/object/observer/ObjOpObserver.h:30:55: warning: unused parameter ‘instanceId’ [-Wunused-parameter]
   30 |     virtual void instanceCreated(Object &object, ID_T instanceId) {};
      |                                                  ~~~~~^~~~~~~~~~
/mnt/d/Dev/Friendly-LwM2M-Client/wpp/registry/data_model/object/observer/ObjOpObserver.h: In member function ‘virtual void wpp::ObjOpObserver::instanceDeleting(wpp::Object&, wpp::ID_T)’:
/mnt/d/Dev/Friendly-LwM2M-Client/wpp/registry/data_model/object/observer/ObjOpObserver.h:41:43: warning: unused parameter ‘object’ [-Wunused-parameter]
   41 |     virtual void instanceDeleting(Object &object, ID_T instanceId) {};
      |                                   ~~~~~~~~^~~~~~
/mnt/d/Dev/Friendly-LwM2M-Client/wpp/registry/data_model/object/observer/ObjOpObserver.h:41:56: warning: unused parameter ‘instanceId’ [-Wunused-parameter]
   41 |     virtual void instanceDeleting(Object &object, ID_T instanceId) {};
      |                                                   ~~~~~^~~~~~~~~~
/mnt/d/Dev/Friendly-LwM2M-Client/wpp/registry/objects/w_10536_routing_table/RoutingTable.cpp: In static member function ‘static bool wpp::RoutingTable::addRoute(wpp::Instance&, wpp::ID_T, const wpp::OPAQUE_T&)’:
/mnt/d/Dev/Friendly-LwM2M-Client/wpp/registry/objects/w_10536_routing_table/RoutingTable.cpp:197:19: warning: unused variable ‘rt’ [-Wunused-variable]
  197 |     RoutingTable& rt = static_cast<RoutingTable&>(inst);
      |                   ^~
/mnt/d/Dev/Friendly-LwM2M-Client/wpp/registry/objects/w_10536_routing_table/RoutingTable.cpp:196:50: warning: unused parameter ‘resId’ [-Wunused-parameter]
  196 | bool RoutingTable::addRoute(Instance& inst, ID_T resId, const OPAQUE_T& data) {
      |                                             ~~~~~^~~~~
/mnt/d/Dev/Friendly-LwM2M-Client/wpp/registry/objects/w_10536_routing_table/RoutingTable.cpp:196:73: warning: unused parameter ‘data’ [-Wunused-parameter]
  196 | bool RoutingTable::addRoute(Instance& inst, ID_T resId, const OPAQUE_T& data) {
      |                                                         ~~~~~~~~~~~~~~~~^~~~
/mnt/d/Dev/Friendly-LwM2M-Client/wpp/registry/objects/w_10536_routing_table/RoutingTable.cpp: In static member function ‘static bool wpp::RoutingTable::deleteRoute(wpp::Instance&, wpp::ID_T, const wpp::OPAQUE_T&)’:
/mnt/d/Dev/Friendly-LwM2M-Client/wpp/registry/objects/w_10536_routing_table/RoutingTable.cpp:223:19: warning: unused variable ‘rt’ [-Wunused-variable]
  223 |     RoutingTable& rt = static_cast<RoutingTable&>(inst);
      |                   ^~
/mnt/d/Dev/Friendly-LwM2M-Client/wpp/registry/objects/w_10536_routing_table/RoutingTable.cpp:222:53: warning: unused parameter ‘resId’ [-Wunused-parameter]
  222 | bool RoutingTable::deleteRoute(Instance& inst, ID_T resId, const OPAQUE_T& data) {
      |                                                ~~~~~^~~~~
/mnt/d/Dev/Friendly-LwM2M-Client/wpp/registry/objects/w_10536_routing_table/RoutingTable.cpp:222:76: warning: unused parameter ‘data’ [-Wunused-parameter]
  222 | bool RoutingTable::deleteRoute(Instance& inst, ID_T resId, const OPAQUE_T& data) {
      |                                                            ~~~~~~~~~~~~~~~~^~~~
/mnt/d/Dev/Friendly-LwM2M-Client/wpp/registry/objects/w_10536_routing_table/RoutingTable.cpp: In static member function ‘static bool wpp::RoutingTable::flushRoutes(wpp::Instance&, wpp::ID_T, const wpp::OPAQUE_T&)’:
/mnt/d/Dev/Friendly-LwM2M-Client/wpp/registry/objects/w_10536_routing_table/RoutingTable.cpp:244:19: warning: unused variable ‘rt’ [-Wunused-variable]
  244 |     RoutingTable& rt = static_cast<RoutingTable&>(inst);
      |                   ^~
/mnt/d/Dev/Friendly-LwM2M-Client/wpp/registry/objects/w_10536_routing_table/RoutingTable.cpp:243:53: warning: unused parameter ‘resId’ [-Wunused-parameter]
  243 | bool RoutingTable::flushRoutes(Instance& inst, ID_T resId, const OPAQUE_T& data) {
      |                                                ~~~~~^~~~~
/mnt/d/Dev/Friendly-LwM2M-Client/wpp/registry/objects/w_10536_routing_table/RoutingTable.cpp:243:76: warning: unused parameter ‘data’ [-Wunused-parameter]
  243 | bool RoutingTable::flushRoutes(Instance& inst, ID_T resId, const OPAQUE_T& data) {
      |                                                            ~~~~~~~~~~~~~~~~^~~~
/mnt/d/Dev/Friendly-LwM2M-Client/wpp/registry/objects/w_10536_routing_table/RoutingTable.cpp: In static member function ‘static bool wpp::RoutingTable::reloadRoutes(wpp::Instance&, wpp::ID_T, const wpp::OPAQUE_T&)’:
/mnt/d/Dev/Friendly-LwM2M-Client/wpp/registry/objects/w_10536_routing_table/RoutingTable.cpp:272:19: warning: unused variable ‘rt’ [-Wunused-variable]
  272 |     RoutingTable& rt = static_cast<RoutingTable&>(inst);
      |                   ^~
/mnt/d/Dev/Friendly-LwM2M-Client/wpp/registry/objects/w_10536_routing_table/RoutingTable.cpp:271:54: warning: unused parameter ‘resId’ [-Wunused-parameter]
  271 | bool RoutingTable::reloadRoutes(Instance& inst, ID_T resId, const OPAQUE_T& data) {
      |                                                 ~~~~~^~~~~
/mnt/d/Dev/Friendly-LwM2M-Client/wpp/registry/objects/w_10536_routing_table/RoutingTable.cpp:271:77: warning: unused parameter ‘data’ [-Wunused-parameter]
  271 | bool RoutingTable::reloadRoutes(Instance& inst, ID_T resId, const OPAQUE_T& data) {
      |                                                             ~~~~~~~~~~~~~~~~^~~~
/mnt/d/Dev/Friendly-LwM2M-Client/wpp/registry/objects/w_10537_vpn_configuration/VpnConfiguration.cpp: In static member function ‘static bool wpp::VpnConfiguration::executeConnect(wpp::Instance&, wpp::ID_T, const wpp::OPAQUE_T&)’:
/mnt/d/Dev/Friendly-LwM2M-Client/wpp/registry/objects/w_10537_vpn_configuration/VpnConfiguration.cpp:251:60: warning: unused parameter ‘resId’ [-Wunused-parameter]
  251 | bool VpnConfiguration::executeConnect(Instance& inst, ID_T resId, const OPAQUE_T& data) {
      |                                                       ~~~~~^~~~~
/mnt/d/Dev/Friendly-LwM2M-Client/wpp/registry/objects/w_10537_vpn_configuration/VpnConfiguration.cpp:251:83: warning: unused parameter ‘data’ [-Wunused-parameter]
  251 | bool VpnConfiguration::executeConnect(Instance& inst, ID_T resId, const OPAQUE_T& data) {
      |                                                                   ~~~~~~~~~~~~~~~~^~~~
/mnt/d/Dev/Friendly-LwM2M-Client/wpp/registry/objects/w_10537_vpn_configuration/VpnConfiguration.cpp: In static member function ‘static bool wpp::VpnConfiguration::executeDisconnect(wpp::Instance&, wpp::ID_T, const wpp::OPAQUE_T&)’:
/mnt/d/Dev/Friendly-LwM2M-Client/wpp/registry/objects/w_10537_vpn_configuration/VpnConfiguration.cpp:322:63: warning: unused parameter ‘resId’ [-Wunused-parameter]
  322 | bool VpnConfiguration::executeDisconnect(Instance& inst, ID_T resId, const OPAQUE_T& data) {
      |                                                          ~~~~~^~~~~
/mnt/d/Dev/Friendly-LwM2M-Client/wpp/registry/objects/w_10537_vpn_configuration/VpnConfiguration.cpp:322:86: warning: unused parameter ‘data’ [-Wunused-parameter]
  322 | bool VpnConfiguration::executeDisconnect(Instance& inst, ID_T resId, const OPAQUE_T& data) {
      |                                                                      ~~~~~~~~~~~~~~~~^~~~
/mnt/d/Dev/Friendly-LwM2M-Client/wpp/registry/objects/w_10537_vpn_configuration/VpnConfiguration.cpp: In static member function ‘static bool wpp::VpnConfiguration::executeRestart(wpp::Instance&, wpp::ID_T, const wpp::OPAQUE_T&)’:
/mnt/d/Dev/Friendly-LwM2M-Client/wpp/registry/objects/w_10537_vpn_configuration/VpnConfiguration.cpp:374:23: warning: unused variable ‘vpn’ [-Wunused-variable]
  374 |     VpnConfiguration& vpn = static_cast<VpnConfiguration&>(inst);
      |                       ^~~
/mnt/d/Dev/Friendly-LwM2M-Client/wpp/registry/objects/w_10537_vpn_configuration/VpnConfiguration.cpp: In static member function ‘static bool wpp::VpnConfiguration::executeRegenerateKeys(wpp::Instance&, wpp::ID_T, const wpp::OPAQUE_T&)’:
/mnt/d/Dev/Friendly-LwM2M-Client/wpp/registry/objects/w_10537_vpn_configuration/VpnConfiguration.cpp:388:67: warning: unused parameter ‘resId’ [-Wunused-parameter]
  388 | bool VpnConfiguration::executeRegenerateKeys(Instance& inst, ID_T resId, const OPAQUE_T& data) {
      |                                                              ~~~~~^~~~~
/mnt/d/Dev/Friendly-LwM2M-Client/wpp/registry/objects/w_10537_vpn_configuration/VpnConfiguration.cpp:388:90: warning: unused parameter ‘data’ [-Wunused-parameter]
  388 | bool VpnConfiguration::executeRegenerateKeys(Instance& inst, ID_T resId, const OPAQUE_T& data) {
      |                                                                          ~~~~~~~~~~~~~~~~^~~~
[ 36%] Linking CXX static library libfriendly_lwm2m.a
[ 36%] Built target friendly_lwm2m
[ 40%] Building CXX object CMakeFiles/test_rollback_manager.dir/test/test_rollback_manager.cpp.o
[ 40%] Building CXX object CMakeFiles/test_blockwise_transfer.dir/test/test_blockwise_transfer.cpp.o
[ 40%] Building CXX object CMakeFiles/test_delta_algorithms.dir/test/test_delta_algorithms.cpp.o
[ 40%] Building CXX object CMakeFiles/test_firmware_update_object.dir/test/test_firmware_update_object.cpp.o
[ 40%] Building C object examples/CMakeFiles/friendly_example_client.dir/__/2305-Wakaama/core/bootstrap.c.o
[ 41%] Building C object examples/CMakeFiles/friendly_example_client.dir/__/2305-Wakaama/core/discover.c.o
[ 42%] Building C object examples/CMakeFiles/friendly_example_client.dir/__/2305-Wakaama/core/liblwm2m.c.o
[ 43%] Building C object examples/CMakeFiles/friendly_example_client.dir/__/2305-Wakaama/core/list.c.o
[ 44%] Building C object examples/CMakeFiles/friendly_example_client.dir/__/2305-Wakaama/core/management.c.o
[ 46%] Building C object examples/CMakeFiles/friendly_example_client.dir/__/2305-Wakaama/core/objects.c.o
[ 47%] Building C object examples/CMakeFiles/friendly_example_client.dir/__/2305-Wakaama/core/packet.c.o
[ 47%] Building C object examples/CMakeFiles/friendly_example_client.dir/__/2305-Wakaama/core/observe.c.o
[ 48%] Building C object examples/CMakeFiles/friendly_example_client.dir/__/2305-Wakaama/core/registration.c.o
[ 49%] Building C object examples/CMakeFiles/friendly_example_client.dir/__/2305-Wakaama/core/uri.c.o
[ 50%] Building C object examples/CMakeFiles/friendly_example_client.dir/__/2305-Wakaama/core/utils.c.o
[ 50%] Building C object examples/CMakeFiles/friendly_example_client.dir/__/2305-Wakaama/core/send.c.o
[ 51%] Building C object examples/CMakeFiles/friendly_example_client.dir/__/2305-Wakaama/core/objects/access_control.c.o
[ 52%] Building C object examples/CMakeFiles/friendly_example_client.dir/__/2305-Wakaama/coap/block.c.o
[ 54%] Building C object examples/CMakeFiles/friendly_example_client.dir/__/2305-Wakaama/coap/er-coap-13/er-coap-13.c.o
[ 54%] Building C object examples/CMakeFiles/friendly_example_client.dir/__/2305-Wakaama/coap/transaction.c.o
[ 55%] Building C object examples/CMakeFiles/friendly_example_client.dir/__/2305-Wakaama/data/data.c.o
[ 56%] Building C object examples/CMakeFiles/friendly_example_client.dir/__/2305-Wakaama/data/json.c.o
[ 57%] Building C object examples/CMakeFiles/friendly_example_client.dir/__/2305-Wakaama/data/json_common.c.o
[ 58%] Building C object examples/CMakeFiles/friendly_example_client.dir/__/2305-Wakaama/data/senml_json.c.o
/mnt/d/Dev/Friendly-LwM2M-Client/test/test_rollback_manager.cpp: In member function ‘virtual lwm2m::platform::PlatformResult lwm2m::firmware::test::MockPartitionManager::verifyPartition(lwm2m::platform::PartitionSlot, const std::vector<unsigned char>&)’:
/mnt/d/Dev/Friendly-LwM2M-Client/test/test_rollback_manager.cpp:98:70: warning: unused parameter ‘slot’ [-Wunused-parameter]
   98 |     platform::PlatformResult verifyPartition(platform::PartitionSlot slot,
      |                                              ~~~~~~~~~~~~~~~~~~~~~~~~^~~~
/mnt/d/Dev/Friendly-LwM2M-Client/test/test_rollback_manager.cpp:99:75: warning: unused parameter ‘expectedChecksum’ [-Wunused-parameter]
   99 |                                               const std::vector<uint8_t>& expectedChecksum) override {
      |                                               ~~~~~~~~~~~~~~~~~~~~~~~~~~~~^~~~~~~~~~~~~~~~
[ 59%] Building C object examples/CMakeFiles/friendly_example_client.dir/__/2305-Wakaama/data/tlv.c.o
[ 60%] Building C object examples/CMakeFiles/friendly_example_client.dir/__/2305-Wakaama/data/cbor.c.o
[ 60%] Building C object examples/CMakeFiles/friendly_example_client.dir/__/2305-Wakaama/data/senml_cbor.c.o
[ 61%] Building C object examples/CMakeFiles/friendly_example_client.dir/__/2305-Wakaama/libs/tinycbor/src/cborencoder.c.o
[ 62%] Building C object examples/CMakeFiles/friendly_example_client.dir/__/2305-Wakaama/libs/tinycbor/src/cborencoder_close_container_checked.c.o
[ 63%] Building C object examples/CMakeFiles/friendly_example_client.dir/__/2305-Wakaama/libs/tinycbor/src/cborencoder_float.c.o
[ 64%] Building C object examples/CMakeFiles/friendly_example_client.dir/__/2305-Wakaama/libs/tinycbor/src/cborerrorstrings.c.o
[ 65%] Building C object examples/CMakeFiles/friendly_example_client.dir/__/2305-Wakaama/libs/tinycbor/src/cborparser.c.o
[ 66%] Building C object examples/CMakeFiles/friendly_example_client.dir/__/2305-Wakaama/libs/tinycbor/src/cborparser_dup_string.c.o
[ 67%] Building C object examples/CMakeFiles/friendly_example_client.dir/__/2305-Wakaama/libs/tinycbor/src/cborparser_float.c.o
[ 68%] Building C object examples/CMakeFiles/friendly_example_client.dir/__/2305-Wakaama/libs/tinycbor/src/cborpretty.c.o
[ 69%] Building C object examples/CMakeFiles/friendly_example_client.dir/__/2305-Wakaama/libs/tinycbor/src/cborpretty_stdio.c.o
[ 70%] Building C object examples/CMakeFiles/friendly_example_client.dir/__/2305-Wakaama/libs/tinycbor/src/cbortojson.c.o
[ 70%] Building C object examples/CMakeFiles/friendly_example_client.dir/__/2305-Wakaama/libs/tinycbor/src/cborvalidation.c.o
[ 71%] Building CXX object examples/CMakeFiles/friendly_example_client.dir/__/wpp/client/WppClient.cpp.o
[ 72%] Building CXX object examples/CMakeFiles/friendly_example_client.dir/__/wpp/registry/data_model/object/Object.cpp.o
[ 73%] Building CXX object examples/CMakeFiles/friendly_example_client.dir/__/wpp/registry/data_model/instance/Instance.cpp.o
[ 74%] Building CXX object examples/CMakeFiles/friendly_example_client.dir/__/wpp/registry/data_model/resource/Resource.cpp.o
[ 75%] Building CXX object examples/CMakeFiles/friendly_example_client.dir/__/wpp/registry/data_model/resource/ResourceContainer.cpp.o
[ 76%] Building CXX object examples/CMakeFiles/friendly_example_client.dir/__/wpp/registry/objects/m_0_lwm2m_security/Lwm2mSecurity.cpp.o
[ 77%] Linking CXX executable test_blockwise_transfer
[ 78%] Building CXX object examples/CMakeFiles/friendly_example_client.dir/__/wpp/registry/objects/m_1_lwm2m_server/Lwm2mServer.cpp.o
[ 79%] Building CXX object examples/CMakeFiles/friendly_example_client.dir/__/wpp/registry/objects/m_3_device/Device.cpp.o
[ 80%] Building CXX object examples/CMakeFiles/friendly_example_client.dir/__/wpp/registry/objects/o_2_lwm2m_access_control/Lwm2mAccessControl.cpp.o
[ 81%] Building CXX object examples/CMakeFiles/friendly_example_client.dir/__/wpp/registry/objects/o_3339_audio_clip/AudioClip.cpp.o
[ 81%] Building CXX object examples/CMakeFiles/friendly_example_client.dir/__/wpp/registry/objects/o_4_connectivity_monitoring/ConnectivityMonitoring.cpp.o
[ 82%] Building CXX object examples/CMakeFiles/friendly_example_client.dir/__/wpp/registry/objects/o_5_firmware_update/FirmwareUpdate.cpp.o
[ 83%] Building CXX object examples/CMakeFiles/friendly_example_client.dir/__/wpp/registry/objects/o_6_location/Location.cpp.o
[ 84%] Building CXX object examples/CMakeFiles/friendly_example_client.dir/__/wpp/registry/WppRegistry.cpp.o
[ 85%] Building CXX object examples/CMakeFiles/friendly_example_client.dir/__/wpp/platform/connection/WppConnection.cpp.o
[ 86%] Linking CXX executable test_rollback_manager
[ 87%] Building CXX object examples/CMakeFiles/friendly_example_client.dir/__/wpp/platform/WppPlatform.cpp.o
[ 88%] Building CXX object examples/CMakeFiles/friendly_example_client.dir/__/wpp/utils/bindings/WppBindings.cpp.o
[ 89%] Building CXX object examples/CMakeFiles/friendly_example_client.dir/__/wpp/utils/task_queue/WppTaskQueue.cpp.o
[ 90%] Linking CXX executable test_delta_algorithms
[ 91%] Linking CXX executable test_firmware_update_object
[ 92%] Building CXX object examples/CMakeFiles/friendly_example_client.dir/main.cpp.o
[ 93%] Building CXX object examples/CMakeFiles/friendly_example_client.dir/objects.cpp.o
[ 93%] Built target test_rollback_manager
[ 94%] Building CXX object examples/CMakeFiles/friendly_example_client.dir/ConfigLoader.cpp.o
[ 94%] Built target test_delta_algorithms
[ 94%] Building CXX object examples/CMakeFiles/friendly_example_client.dir/platform/connection_dtls/Connection_new.cpp.o
[ 94%] Built target test_blockwise_transfer
[ 95%] Building CXX object examples/CMakeFiles/friendly_example_client.dir/platform/Guard.cpp.o
[ 96%] Building CXX object examples/CMakeFiles/friendly_example_client.dir/platform/Platform.cpp.o
[ 97%] Building CXX object examples/CMakeFiles/friendly_example_client.dir/FirmwareUpdater/FirmwareUpdater.cpp.o
[ 98%] Building CXX object examples/CMakeFiles/friendly_example_client.dir/platform/connection_dtls/MbedTlsProvider.cpp.o
[ 99%] Building CXX object examples/CMakeFiles/friendly_example_client.dir/platform/connection_dtls/DtlsProviderFactory.cpp.o
[ 99%] Built target test_firmware_update_object
[100%] Linking CXX executable friendly_example_client
lto-wrapper: warning: using serial compilation of 7 LTRANS jobs
lto-wrapper: note: see the ‘-flto’ option documentation for more information
/mnt/d/Dev/Friendly-LwM2M-Client/2305-Wakaama/data/json.c: In function ‘json_parse’:
/mnt/d/Dev/Friendly-LwM2M-Client/2305-Wakaama/data/json.c:631:36: warning: ‘size’ may be used uninitialized [-Wmaybe-uninitialized]
  631 |                     for (i = 0 ; i < size && resP == NULL; i++)
      |                                    ^
/mnt/d/Dev/Friendly-LwM2M-Client/2305-Wakaama/data/json.c:556:13: note: ‘size’ was declared here
  556 |         int size;
      |             ^
In function ‘senml_json_parse’,
    inlined from ‘lwm2m_data_parse’ at /mnt/d/Dev/Friendly-LwM2M-Client/2305-Wakaama/data/data.c:856:16:
/mnt/d/Dev/Friendly-LwM2M-Client/2305-Wakaama/data/senml_json.c:713:32: warning: ‘size’ may be used uninitialized [-Wmaybe-uninitialized]
  713 |                 for (i = 0 ; i < size && resP == NULL; i++)
      |                                ^
/mnt/d/Dev/Friendly-LwM2M-Client/2305-Wakaama/data/senml_json.c: In function ‘lwm2m_data_parse’:
/mnt/d/Dev/Friendly-LwM2M-Client/2305-Wakaama/data/senml_json.c:673:9: note: ‘size’ was declared here
  673 |     int size;
      |         ^
In function ‘coap_block2_handler’,
    inlined from ‘lwm2m_handle_packet’ at /mnt/d/Dev/Friendly-LwM2M-Client/2305-Wakaama/core/packet.c:798:43,
    inlined from ‘handlePacketsInQueue’ at /mnt/d/Dev/Friendly-LwM2M-Client/wpp/platform/connection/WppConnection.cpp:69:23,
    inlined from ‘loop’ at /mnt/d/Dev/Friendly-LwM2M-Client/wpp/client/WppClient.cpp:113:36:
/mnt/d/Dev/Friendly-LwM2M-Client/2305-Wakaama/coap/block.c:345:12: warning: ‘block2_num’ may be used uninitialized [-Wmaybe-uninitialized]
  345 |     return prv_coap_block_handler(pBlockDataHead, identifier, BLOCK_2, buffer, length, blockSize, blockNum, blockMore, outputBuffer, outputLength);
      |            ^
/mnt/d/Dev/Friendly-LwM2M-Client/2305-Wakaama/core/packet.c: In member function ‘loop’:
/mnt/d/Dev/Friendly-LwM2M-Client/2305-Wakaama/core/packet.c:786:34: note: ‘block2_num’ was declared here
  786 |                         uint32_t block2_num;
      |                                  ^
In function ‘lwm2m_handle_packet’,
    inlined from ‘handlePacketsInQueue’ at /mnt/d/Dev/Friendly-LwM2M-Client/wpp/platform/connection/WppConnection.cpp:69:23,
    inlined from ‘loop’ at /mnt/d/Dev/Friendly-LwM2M-Client/wpp/client/WppClient.cpp:113:36:
/mnt/d/Dev/Friendly-LwM2M-Client/2305-Wakaama/core/packet.c:798:43: warning: ‘block2_more’ may be used uninitialized [-Wmaybe-uninitialized]
  798 |                         coap_error_code = coap_block2_handler(&peerP->blockData, message->mid, message->payload, message->payload_len, block2_size, block2_num, block2_more, &complete_buffer, &complete_buffer_size);
      |                                           ^
/mnt/d/Dev/Friendly-LwM2M-Client/2305-Wakaama/core/packet.c: In member function ‘loop’:
/mnt/d/Dev/Friendly-LwM2M-Client/2305-Wakaama/core/packet.c:787:34: note: ‘block2_more’ was declared here
  787 |                         uint8_t  block2_more;
      |                                  ^
In function ‘lwm2m_handle_packet’,
    inlined from ‘handlePacketsInQueue’ at /mnt/d/Dev/Friendly-LwM2M-Client/wpp/platform/connection/WppConnection.cpp:69:23,
    inlined from ‘loop’ at /mnt/d/Dev/Friendly-LwM2M-Client/wpp/client/WppClient.cpp:113:36:
/mnt/d/Dev/Friendly-LwM2M-Client/2305-Wakaama/core/packet.c:794:25: warning: ‘block2_size’ may be used uninitialized [-Wmaybe-uninitialized]
  794 |                         LOG_ARG("Blockwise: block2 response NUM %u (SZX %u/ SZX Max%u) MORE %u", block2_num,
      |                         ^
/mnt/d/Dev/Friendly-LwM2M-Client/2305-Wakaama/core/packet.c: In member function ‘loop’:
/mnt/d/Dev/Friendly-LwM2M-Client/2305-Wakaama/core/packet.c:788:34: note: ‘block2_size’ was declared here
  788 |                         uint16_t block2_size;
      |                                  ^
In function ‘lwm2m_handle_packet’,
    inlined from ‘handlePacketsInQueue’ at /mnt/d/Dev/Friendly-LwM2M-Client/wpp/platform/connection/WppConnection.cpp:69:23,
    inlined from ‘loop’ at /mnt/d/Dev/Friendly-LwM2M-Client/wpp/client/WppClient.cpp:113:36:
/mnt/d/Dev/Friendly-LwM2M-Client/2305-Wakaama/core/packet.c:583:21: warning: ‘block1_num’ may be used uninitialized [-Wmaybe-uninitialized]
  583 |                     LOG_ARG("Blockwise: block1 request NUM %u (SZX %u/ SZX Max%u) MORE %u", block1_num, block1_size,
      |                     ^
/mnt/d/Dev/Friendly-LwM2M-Client/2305-Wakaama/core/packet.c: In member function ‘loop’:
/mnt/d/Dev/Friendly-LwM2M-Client/2305-Wakaama/core/packet.c:575:30: note: ‘block1_num’ was declared here
  575 |                     uint32_t block1_num;
      |                              ^
In function ‘lwm2m_handle_packet’,
    inlined from ‘handlePacketsInQueue’ at /mnt/d/Dev/Friendly-LwM2M-Client/wpp/platform/connection/WppConnection.cpp:69:23,
    inlined from ‘loop’ at /mnt/d/Dev/Friendly-LwM2M-Client/wpp/client/WppClient.cpp:113:36:
/mnt/d/Dev/Friendly-LwM2M-Client/2305-Wakaama/core/packet.c:583:21: warning: ‘block1_more’ may be used uninitialized [-Wmaybe-uninitialized]
  583 |                     LOG_ARG("Blockwise: block1 request NUM %u (SZX %u/ SZX Max%u) MORE %u", block1_num, block1_size,
      |                     ^
/mnt/d/Dev/Friendly-LwM2M-Client/2305-Wakaama/core/packet.c: In member function ‘loop’:
/mnt/d/Dev/Friendly-LwM2M-Client/2305-Wakaama/core/packet.c:576:30: note: ‘block1_more’ was declared here
  576 |                     uint8_t  block1_more;
      |                              ^
In function ‘lwm2m_handle_packet’,
    inlined from ‘handlePacketsInQueue’ at /mnt/d/Dev/Friendly-LwM2M-Client/wpp/platform/connection/WppConnection.cpp:69:23,
    inlined from ‘loop’ at /mnt/d/Dev/Friendly-LwM2M-Client/wpp/client/WppClient.cpp:113:36:
/mnt/d/Dev/Friendly-LwM2M-Client/2305-Wakaama/core/packet.c:583:21: warning: ‘block1_size’ may be used uninitialized [-Wmaybe-uninitialized]
  583 |                     LOG_ARG("Blockwise: block1 request NUM %u (SZX %u/ SZX Max%u) MORE %u", block1_num, block1_size,
      |                     ^
/mnt/d/Dev/Friendly-LwM2M-Client/2305-Wakaama/core/packet.c: In member function ‘loop’:
/mnt/d/Dev/Friendly-LwM2M-Client/2305-Wakaama/core/packet.c:577:30: note: ‘block1_size’ was declared here
  577 |                     uint16_t block1_size;
      |                              ^
In function ‘observe_handleRequest’,
    inlined from ‘prv_handle_observe_operation’ at /mnt/d/Dev/Friendly-LwM2M-Client/2305-Wakaama/core/management.c:298:14,
    inlined from ‘dm_handleRequest’ at /mnt/d/Dev/Friendly-LwM2M-Client/2305-Wakaama/core/management.c:435:18,
    inlined from ‘handle_request.constprop’ at /mnt/d/Dev/Friendly-LwM2M-Client/2305-Wakaama/core/packet.c:168:22:
/mnt/d/Dev/Friendly-LwM2M-Client/2305-Wakaama/core/observe.c:181:5: warning: ‘count’ may be used uninitialized [-Wmaybe-uninitialized]
  181 |     switch (count)
      |     ^
/mnt/d/Dev/Friendly-LwM2M-Client/2305-Wakaama/core/observe.c: In function ‘handle_request.constprop’:
/mnt/d/Dev/Friendly-LwM2M-Client/2305-Wakaama/core/observe.c:172:14: note: ‘count’ was declared here
  172 |     uint32_t count;
      |              ^
Creating binary file
Creating hex file
Compiled program size
   text	   data	    bss	    dec	    hex	filename
7701502	 453496	  76328	8231326	 7d999e	/mnt/d/Dev/Friendly-LwM2M-Client/build/examples/friendly_example_client
[100%] Built target friendly_example_client
Test project /mnt/d/Dev/Friendly-LwM2M-Client/build
    Start 1: DeltaAlgorithms
1/6 Test #1: DeltaAlgorithms ..................***Timeout  60.47 sec
Running main() from ./googletest/src/gtest_main.cc
[==========] Running 30 tests from 5 test suites.
[----------] Global test environment set-up.
[----------] 9 tests from BSDiffTest
[ RUN      ] BSDiffTest.GetAlgorithmInfo
[       OK ] BSDiffTest.GetAlgorithmInfo (0 ms)
[ RUN      ] BSDiffTest.CreateAndApplyDelta

    Start 2: BlockwiseTransfer
2/6 Test #2: BlockwiseTransfer ................   Passed    0.02 sec
    Start 3: RollbackManager
3/6 Test #3: RollbackManager ..................   Passed    0.01 sec
    Start 4: FirmwareUpdateObject
4/6 Test #4: FirmwareUpdateObject .............***Timeout  60.02 sec
Running main() from ./googletest/src/gtest_main.cc
[==========] Running 35 tests from 4 test suites.
[----------] Global test environment set-up.
[----------] 30 tests from FirmwareUpdateObjectTest
[ RUN      ] FirmwareUpdateObjectTest.ObjectId
[       OK ] FirmwareUpdateObjectTest.ObjectId (1 ms)
[ RUN      ] FirmwareUpdateObjectTest.InitialState
[       OK ] FirmwareUpdateObjectTest.InitialState (0 ms)
[ RUN      ] FirmwareUpdateObjectTest.StateTransitions
[       OK ] FirmwareUpdateObjectTest.StateTransitions (0 ms)
[ RUN      ] FirmwareUpdateObjectTest.ReadStateResource
[       OK ] FirmwareUpdateObjectTest.ReadStateResource (0 ms)
[ RUN      ] FirmwareUpdateObjectTest.ReadUpdateResultResource
[       OK ] FirmwareUpdateObjectTest.ReadUpdateResultResource (0 ms)
[ RUN      ] FirmwareUpdateObjectTest.ReadProtocolSupport
[       OK ] FirmwareUpdateObjectTest.ReadProtocolSupport (0 ms)
[ RUN      ] FirmwareUpdateObjectTest.ReadDeliveryMethod
[       OK ] FirmwareUpdateObjectTest.ReadDeliveryMethod (0 ms)
[ RUN      ] FirmwareUpdateObjectTest.ReadDeltaAlgorithm
[       OK ] FirmwareUpdateObjectTest.ReadDeltaAlgorithm (0 ms)
[ RUN      ] FirmwareUpdateObjectTest.ReadBlockSize
[       OK ] FirmwareUpdateObjectTest.ReadBlockSize (0 ms)
[ RUN      ] FirmwareUpdateObjectTest.ReadProgress
[       OK ] FirmwareUpdateObjectTest.ReadProgress (0 ms)
[ RUN      ] FirmwareUpdateObjectTest.ReadPackageName
[       OK ] FirmwareUpdateObjectTest.ReadPackageName (0 ms)
[ RUN      ] FirmwareUpdateObjectTest.ReadPackageVersion
[       OK ] FirmwareUpdateObjectTest.ReadPackageVersion (0 ms)
[ RUN      ] FirmwareUpdateObjectTest.WriteBlockSize
[       OK ] FirmwareUpdateObjectTest.WriteBlockSize (0 ms)
[ RUN      ] FirmwareUpdateObjectTest.WriteDeltaAlgorithm
[       OK ] FirmwareUpdateObjectTest.WriteDeltaAlgorithm (0 ms)
[ RUN      ] FirmwareUpdateObjectTest.WriteDifferentialDownload
[       OK ] FirmwareUpdateObjectTest.WriteDifferentialDownload (0 ms)
[ RUN      ] FirmwareUpdateObjectTest.WriteRollbackSupport
[       OK ] FirmwareUpdateObjectTest.WriteRollbackSupport (0 ms)
[ RUN      ] FirmwareUpdateObjectTest.WritePackageURIWhenNotIdle
[       OK ] FirmwareUpdateObjectTest.WritePackageURIWhenNotIdle (8 ms)
[ RUN      ] FirmwareUpdateObjectTest.SetDeltaAlgorithmBSDiff
[       OK ] FirmwareUpdateObjectTest.SetDeltaAlgorithmBSDiff (0 ms)
[ RUN      ] FirmwareUpdateObjectTest.SetDeltaAlgorithmVCDiff
[       OK ] FirmwareUpdateObjectTest.SetDeltaAlgorithmVCDiff (0 ms)
[ RUN      ] FirmwareUpdateObjectTest.SetDeltaAlgorithmCourgette
[       OK ] FirmwareUpdateObjectTest.SetDeltaAlgorithmCourgette (0 ms)
[ RUN      ] FirmwareUpdateObjectTest.SetBlockSize
[       OK ] FirmwareUpdateObjectTest.SetBlockSize (0 ms)
[ RUN      ] FirmwareUpdateObjectTest.RegisterComponent
[       OK ] FirmwareUpdateObjectTest.RegisterComponent (0 ms)
[ RUN      ] FirmwareUpdateObjectTest.RegisterMultipleComponents
[       OK ] FirmwareUpdateObjectTest.RegisterMultipleComponents (0 ms)
[ RUN      ] FirmwareUpdateObjectTest.UpdateExistingComponent
[       OK ] FirmwareUpdateObjectTest.UpdateExistingComponent (0 ms)
[ RUN      ] FirmwareUpdateObjectTest.GetComponentsJson

    Start 5: DTLSProviders
5/6 Test #5: DTLSProviders ....................***Failed    0.01 sec
[==========] Running 20 tests from 3 test suites.
[----------] Global test environment set-up.
[----------] 6 tests from DtlsProviderFactoryTest
[ RUN      ] DtlsProviderFactoryTest.FactoryCreateAutoReturnsValidProvider
[       OK ] DtlsProviderFactoryTest.FactoryCreateAutoReturnsValidProvider (0 ms)
[ RUN      ] DtlsProviderFactoryTest.FactoryCreateDefaultReturnsValidProvider
[       OK ] DtlsProviderFactoryTest.FactoryCreateDefaultReturnsValidProvider (0 ms)
[ RUN      ] DtlsProviderFactoryTest.FactoryGetAvailableProvidersReturnsNonEmpty
[       OK ] DtlsProviderFactoryTest.FactoryGetAvailableProvidersReturnsNonEmpty (0 ms)
[ RUN      ] DtlsProviderFactoryTest.FactoryNameToTypeConversion
[       OK ] DtlsProviderFactoryTest.FactoryNameToTypeConversion (0 ms)
[ RUN      ] DtlsProviderFactoryTest.FactoryTypeToNameConversion
[       OK ] DtlsProviderFactoryTest.FactoryTypeToNameConversion (0 ms)
[ RUN      ] DtlsProviderFactoryTest.FactoryGetProviderInfo
[       OK ] DtlsProviderFactoryTest.FactoryGetProviderInfo (0 ms)
[----------] 6 tests from DtlsProviderFactoryTest (0 ms total)

[----------] 6 tests from MbedTlsProviderTest
[ RUN      ] MbedTlsProviderTest.ProviderInfo
[       OK ] MbedTlsProviderTest.ProviderInfo (0 ms)
[ RUN      ] MbedTlsProviderTest.SupportedFeatures
/mnt/d/Dev/Friendly-LwM2M-Client/test/test_dtls_providers.cpp:228: Failure
Value of: provider->supportsCID()
  Actual: false
Expected: true

[  FAILED  ] MbedTlsProviderTest.SupportedFeatures (0 ms)
[ RUN      ] MbedTlsProviderTest.Initialization
[       OK ] MbedTlsProviderTest.Initialization (0 ms)
[ RUN      ] MbedTlsProviderTest.ContextLifecycle
[       OK ] MbedTlsProviderTest.ContextLifecycle (1 ms)
[ RUN      ] MbedTlsProviderTest.PSKConfiguration
[       OK ] MbedTlsProviderTest.PSKConfiguration (0 ms)
[ RUN      ] MbedTlsProviderTest.CIDSupport
/mnt/d/Dev/Friendly-LwM2M-Client/test/test_dtls_providers.cpp:264: Failure
Expected equality of these values:
  provider->getCIDVersion(nullptr)
    Which is: -1
  54

[  FAILED  ] MbedTlsProviderTest.CIDSupport (0 ms)
[----------] 6 tests from MbedTlsProviderTest (1 ms total)

[----------] 8 tests from DTLSProviders/AllProvidersTest
[ RUN      ] DTLSProviders/AllProvidersTest.ProviderBasicLifecycle/0
/mnt/d/Dev/Friendly-LwM2M-Client/test/test_dtls_providers.cpp:390: Skipped
Provider tinydtls not available

[  SKIPPED ] DTLSProviders/AllProvidersTest.ProviderBasicLifecycle/0 (0 ms)
[ RUN      ] DTLSProviders/AllProvidersTest.ProviderBasicLifecycle/1
[       OK ] DTLSProviders/AllProvidersTest.ProviderBasicLifecycle/1 (0 ms)
[ RUN      ] DTLSProviders/AllProvidersTest.ProviderBasicLifecycle/2
/mnt/d/Dev/Friendly-LwM2M-Client/test/test_dtls_providers.cpp:390: Skipped
Provider openssl not available

[  SKIPPED ] DTLSProviders/AllProvidersTest.ProviderBasicLifecycle/2 (0 ms)
[ RUN      ] DTLSProviders/AllProvidersTest.ProviderBasicLifecycle/3
/mnt/d/Dev/Friendly-LwM2M-Client/test/test_dtls_providers.cpp:390: Skipped
Provider wolfssl not available

[  SKIPPED ] DTLSProviders/AllProvidersTest.ProviderBasicLifecycle/3 (0 ms)
[ RUN      ] DTLSProviders/AllProvidersTest.ProviderPSKConfiguration/0
/mnt/d/Dev/Friendly-LwM2M-Client/test/test_dtls_providers.cpp:416: Skipped
Provider tinydtls not available

[  SKIPPED ] DTLSProviders/AllProvidersTest.ProviderPSKConfiguration/0 (0 ms)
[ RUN      ] DTLSProviders/AllProvidersTest.ProviderPSKConfiguration/1
[       OK ] DTLSProviders/AllProvidersTest.ProviderPSKConfiguration/1 (0 ms)
[ RUN      ] DTLSProviders/AllProvidersTest.ProviderPSKConfiguration/2
/mnt/d/Dev/Friendly-LwM2M-Client/test/test_dtls_providers.cpp:416: Skipped
Provider openssl not available

[  SKIPPED ] DTLSProviders/AllProvidersTest.ProviderPSKConfiguration/2 (0 ms)
[ RUN      ] DTLSProviders/AllProvidersTest.ProviderPSKConfiguration/3
/mnt/d/Dev/Friendly-LwM2M-Client/test/test_dtls_providers.cpp:416: Skipped
Provider wolfssl not available

[  SKIPPED ] DTLSProviders/AllProvidersTest.ProviderPSKConfiguration/3 (0 ms)
[----------] 8 tests from DTLSProviders/AllProvidersTest (0 ms total)

[----------] Global test environment tear-down
[==========] 20 tests from 3 test suites ran. (2 ms total)
[  PASSED  ] 12 tests.
[  SKIPPED ] 6 tests, listed below:
[  SKIPPED ] DTLSProviders/AllProvidersTest.ProviderBasicLifecycle/0
[  SKIPPED ] DTLSProviders/AllProvidersTest.ProviderBasicLifecycle/2
[  SKIPPED ] DTLSProviders/AllProvidersTest.ProviderBasicLifecycle/3
[  SKIPPED ] DTLSProviders/AllProvidersTest.ProviderPSKConfiguration/0
[  SKIPPED ] DTLSProviders/AllProvidersTest.ProviderPSKConfiguration/2
[  SKIPPED ] DTLSProviders/AllProvidersTest.ProviderPSKConfiguration/3
[  FAILED  ] 2 tests, listed below:
[  FAILED  ] MbedTlsProviderTest.SupportedFeatures
[  FAILED  ] MbedTlsProviderTest.CIDSupport

 2 FAILED TESTS

    Start 6: DTLSIntegration
6/6 Test #6: DTLSIntegration ..................***Exception: SegFault  0.03 sec
============================================================
DTLS Provider Integration Tests v1.2.2
Author: Sean van der Walt
============================================================

Available DTLS Providers:
  - mbedtls

NOTE: These tests run without a live LwM2M server.
      Full integration requires a test server on 127.0.0.1:5684

[==========] Running 61 tests from 2 test suites.
[----------] Global test environment set-up.
[----------] 1 test from MbedTlsIntegrationTest
[ RUN      ] MbedTlsIntegrationTest.CertificateMode
MbedTlsProvider: mbedtls_x509_crt_parse_file failed: -0x3e00
[       OK ] MbedTlsIntegrationTest.CertificateMode (0 ms)
[----------] 1 test from MbedTlsIntegrationTest (0 ms total)

[----------] 60 tests from AllProviders/DtlsIntegrationTest
[ RUN      ] AllProviders/DtlsIntegrationTest.PSKConfiguration/tinydtls
/mnt/d/Dev/Friendly-LwM2M-Client/test/test_dtls_integration.cpp:89: Skipped
Provider tinydtls not available



33% tests passed, 4 tests failed out of 6

Total Test time (real) = 120.78 sec

The following tests FAILED:
	  1 - DeltaAlgorithms (Timeout)
	  4 - FirmwareUpdateObject (Timeout)
	  5 - DTLSProviders (Failed)
	  6 - DTLSIntegration (SEGFAULT)
Errors while running CTest
